,preço_aluguel,condomínio,area,quartos,banheiros,vagas_garagem,local,lat,lon,descrição,tipo,link,bairro,aluguel_total,preço_imovel_previsto,aluguel_previsto,arbitragem_no_aluguel
0,2600,441.0,67.0,2,2,1,"Avenida Patrício Caldeira de Andrade, 581",-27.60758,-48.59233,"Apartamento semi mobiliado para alugar no bairro Abraão, em Florianópolis. Com 67,14m² de área privativa e 2 dormitórios, sendo 1 suíte. O imóvel conta ainda com sala, sacada, cozinha com móveis planejados, área de serviço, banheiro social com box de vidro, piso laminado e 1 vaga de garagem. Localizado na Avenida Patrício Caldeira de Andrade, próximo a comércios e serviços. Agende uma visita e venha conferir!",apartamento,https://www.chavesnamao.com.br/imovel/apartamento-para-alugar-2-quartos-com-garagem-sc-florianopolis-abraao-92m2-RS2600/id-21618213/,abraao,3041.0,707627.395,3538.1369750000003,0.1634781239723777
1,3300,775.0,72.0,2,3,1,"Rua João Meirelles, 1435",-27.60488,-48.59476,"Excelente apartamento para alugar no Boulevard Neoville, localizado na Rua Joao Meirelles, no bairro Abraão em Florianópolis.  Apartamento com 2 suítes, sala, cozinha com armários, área de serviço, sacada com churrasqueira, lavabo, banheiros com box de vidro e vaga de garagem. O imóvel possui área privativa de 72.75m².  Agende uma visita e confira essa ótima oportunidade de moradia!",apartamento,https://www.chavesnamao.com.br/imovel/apartamento-para-alugar-2-quartos-com-garagem-sc-florianopolis-abraao-RS3300/id-15168614/,abraao,4075.0,998717.51,4993.58755,0.22542025766871165
2,3800,1131.0,103.0,3,2,2,"Rua João Meirelles, 1451",-27.6050446,-48.5945194,"Apartamento semi mobiliado, com 03 suítes (sendo 02 demi suítes), sala com sacada e churrasqueira, entradas para ar condicionado, cozinha com balcão e pia, 02 bwc s social, lavabo, piso cerâmico e 01 vaga dupla de garagem cobertas. Sol da manhã.",apartamento,https://www.chavesnamao.com.br/imovel/apartamento-para-alugar-3-quartos-com-garagem-sc-florianopolis-abraao-153m2-RS3800/id-1457456/,abraao,4931.0,1117503.59,5587.51795,0.1331409349016428
3,3880,1219.0,187.0,2,2,1,"Rua João Meirelles, 1451",-27.60479,-48.59519,"Apartamento para aluguel em Florianópolis. Localizado na Rua Joao Meirelles, no bairro Abraão em Florianópolis, no condomínio Visionnaire Neoville, com 187,68m² de área privativa e 2 dormitórios sendo eles 2 suítes. O imóvel conta ainda com sala, sacada, terraço com churrasqueira, cozinha com armários, área de serviço, lavabo, piso cerâmico e 1 vaga de garagem. Aproveite essa oportunidade de aluguel em Florianópolis. Agende uma visita e venha conferir!",apartamento,https://www.chavesnamao.com.br/imovel/apartamento-para-alugar-2-quartos-com-garagem-sc-florianopolis-abraao-243m2-RS3880/id-1076113/,abraao,5099.0,787109.085,3935.545425,-0.22817308786036483
4,4000,1081.0,105.0,3,2,2,"Rua João Meirelles, 1435",-27.60488,-48.59476,Apartamento contendo 03 dormitórios sendo1 suíte; sala ampla com sacada e churrasqueira; cozinha; área de serviço; bwc social; piso cerâmico e 1 vaga de garagem dupla coberta.,apartamento,https://www.chavesnamao.com.br/imovel/apartamento-para-alugar-3-quartos-com-garagem-sc-florianopolis-abraao-142m2-RS4000/id-9205406/,abraao,5081.0,1104093.19,5520.46595,0.0864920192875418
5,4000,0.0,162.0,3,2,2,"Rua Videira, 94",-27.60704,-48.5951,"Casa em alvenaria com 162 m²,  3 dormitórios, 2 banheiros, sala, cozinha ampla e edicula. Terreno amplo e 2 vagas de garagem. Localizada próximo a mercearia, pet shop, padaria e outros comércios. Final da rua conta com uma linda vista e parque.  Valor Aproximado do Seguro Incêndio Anual R$1.037,72 (Chave:06)   ",casa,https://www.chavesnamao.com.br/imovel/casa-para-alugar-3-quartos-com-garagem-sc-florianopolis-abraao-313m2-RS4000/id-21242614/,abraao,4000.0,,,
6,4000,0.0,162.0,3,2,2,"Rua Videira, 94",-27.60704,-48.5951,"Casa residencial com 162m² de área privativa, localizada no Abraão próximo ao Parque Ecológico Ilha das Conchas que possui quadra de esportes, playground e fica de frente para o mar.   Imóvel com sala de estar, cozinha, 3 quartos, 1 banheiro e 2 vagas de garagem sendo 1 coberta e 1 descoberta.   Contém uma edícula no imóvel com 1 sala, área de serviço e 1 banheiro.   Agende já uma visita através do nosso plantão de vendas pelo telefone (48)   ou pelo WhatsApp (48) 9865- 9090. Aguardamos seu contato!  Será ainda de responsabilidade do locatário, o pagamento de seguro incêndio, energia elétrica, água e demais encargos. Sobre o valor do condomínio, poderá haver fundo de reserva e rateio, que serão pagos pelo locatário, podendo ser ressarcidos posteriormente. Estas informações são de responsabilidade do proprietário e poderão ser alteradas a qualquer momento. Os valores anunciados de Condomínio, IPTU, Laudêmio, TCRS e outras taxas que por ventura venham a incidir sobre este imóvel são aproximados. Solicite o valor atualizado. A visualização de mobília nas imagens não significa que o mesmo será comercializado mobiliado.  EMPRESA: A Invista conta com profissionais especializados no mercado imobiliário e possui duas lojas, a Matriz no Centro e uma Filial no Estreito, em pontos nobres com estacionamento. Temos mais de 14 anos de experiência sempre satisfazendo nossos clientes e fazendo amigos. Nossa pauta possui mais de 3000 imóveis com diversas opções na Ilha e no Continente. Venha tomar um café conosco e conferir o que temos de melhor pra você.",casa,https://www.chavesnamao.com.br/imovel/casa-para-alugar-3-quartos-com-garagem-sc-florianopolis-abraao-162m2-RS4000/id-20376693/,abraao,4000.0,,,
7,8000,280.0,100.0,,1,9,"Rua Manoel Félix Cardoso, 194",-27.60866,-48.59336,"Loja comercial com 100,71m²! Possui uma sala com excelente e amplo espaço, lavabo. Ideal pra você que quer abrir ou expandir seu negócio.  ALGUNS ENCARGOS AINDA VÃO SER ATUALIZADOS****  O bairro Abraão está situado no sul da porção continental de Florianópolis, entre os bairros de Bom Abrigo e Capoeiras. É uma região que abrange diversos condomínios residenciais e gastronomia diversificada. Fica próximo ao Supermercado Angeloni e a Havan, de carro fica a 5 minutos do Centro.",ponto-comercial,https://www.chavesnamao.com.br/imovel/ponto-comercial-para-alugar-1-sala-com-garagem-sc-florianopolis-abraao-100m2-RS8000/id-9713061/,abraao,8280.0,,,
8,12000,556.0,170.0,,1,9,"Rua Manoel Félix Cardoso, 194",-27.60866,-48.59336,"Loja comercial com 127,48m²! Possui uma sala com excelente e amplo espaço, lavabo. Ideal pra você que quer abrir ou expandir seu negócio.  ALGUNS ENCARGOS AINDA VÃO SER ATUALIZADOS****  O bairro Abraão está situado no sul da porção continental de Florianópolis, entre os bairros de Bom Abrigo e Capoeiras. É uma região que abrange diversos condomínios residenciais e gastronomia diversificada. Fica próximo ao Supermercado Angeloni e a Havan, de carro fica a 5 minutos do Centro.",ponto-comercial,https://www.chavesnamao.com.br/imovel/ponto-comercial-para-alugar-1-sala-com-garagem-sc-florianopolis-abraao-170m2-RS12000/id-9713065/,abraao,12556.0,,,
9,6000,1429.0,109.0,3,,4,"Rua João Meirelles, 1213",-27.6067448,-48.5942344,"Apartamento contendo 3 suítes, sala com sacada e churrasqueira, cozinha com pia em granito, área de serviço, banheiro social, piso porcelanato e 2 vagas de garagem dupla box 168 e 111.   ********VALORES E TAXAS ESTÃO SENDO ATUALIZADOS",apartamento,https://www.chavesnamao.com.br/imovel/apartamento-para-alugar-3-quartos-com-garagem-sc-florianopolis-abraao-244m2-RS6000/id-1021150/,abraao,7429.0,1485106.38,7425.5319,-0.00046683268272984524
10,6000,0.0,164.0,3,3,2,"Rua José Joaquim de Santana, 102",-27.60605,-48.58933,"Casa com 3 quartos para alugar na rua josé joaquim de santana, 102, abraão, florianópolis, 164 m2 por r$ 6.000",casa,https://www.chavesnamao.com.br/imovel/casa-para-alugar-3-quartos-com-garagem-sc-florianopolis-abraao-RS6000/id-20392890/,abraao,6000.0,,,
11,2200,0.0,200.0,1,1,1,"Rua Pedro de Andrade Garcia, 106",-27.60886,-48.59045,"Apartamento no bairro Itaguaçu com 50 metros quadrados sendo 1 quarto, sala, cozinha americana com fogão, banheiro social, área de serviço e  (link removido)  a escolas, academias,  hospitais, restaurantes, shoppings, padarias, universidades, farmácias entre outros. Agende sua Visita e Confira! __ MAS Corretora de Imóveis – São Jose/SC Se interessou? Mais informações (48) 9    Danilo Cardoso de Sousa  (link removido)  Atualizado em 23/06/2024 17:20:18.",apartamento,https://www.chavesnamao.com.br/imovel/apartamento-para-alugar-1-quarto-com-garagem-sc-florianopolis-abraao-200m2-RS2200/id-22221504/,abraao,2200.0,828839.15,4144.19575,0.8837253409090908
12,4640,994.0,95.0,3,2,2,"Rua João Meirelles, 1435",-27.60488,-48.59476,"Apartamento com 3 quartos sendo 1 suíte e 2 demi suíte, sala com sacada e churrasqueira, lavabo, cozinha, área de serviço, piso cerâmico e 1 vaga de garagem dupla.",apartamento,https://www.chavesnamao.com.br/imovel/apartamento-para-alugar-3-quartos-com-garagem-sc-florianopolis-abraao-129m2-RS4640/id-1946947/,abraao,5634.0,1122227.91,5611.13955,-0.004057587859424894
13,4860,890.0,83.0,2,2,2,"Rua João Meirelles, 1435",-27.60488,-48.59476,"Apartamento semi mobiliado com 2 suítes, sala ampla com sacada e churrasqueira, cozinha com móveis planejados área de serviço, lavabo, piso cerâmico e 1 vaga de garagem dupla.",apartamento,https://www.chavesnamao.com.br/imovel/apartamento-para-alugar-2-quartos-com-garagem-sc-florianopolis-abraao-RS4860/id-7418816/,abraao,5750.0,870368.1,4351.8405,-0.2431581739130434
14,9000,0.0,369.0,2,2,,"Rua Ambrósio João Silveira, 320",-27.7129564,-48.5108491,"Viva a experiência dos seus sonhos no paraíso do Morro das Pedras!   Descubra o lugar onde o sol nasce primeiro e mergulhe em uma estadia inesquecível em nossa casa com piscina, a poucos passos das mais belas praias do Sul da ilha.   Aproveite nossa oferta exclusiva: de R$700 por apenas R$300 por pessoa!   Seja para alguns dias de relaxamento ou uma estadia mensal, nós oferecemos todo o suporte necessário para tornar sua estadia perfeita. Nossa casa conta com 2 quartos confortáveis, sendo uma suíte equipada com ar condicionado e frigobar, e outro quarto com 3 camas de solteiro, ideal para até 5 pessoas.  Desfrute de momentos de lazer na nossa piscina privativa ou explore as maravilhosas praias ao nosso redor.    **Condições Exclusivas**  Por apenas R$300,00 a diária, você pode desfrutar de toda a magia de Florianópolis! *Mínimo de 2 noites.*  ️ **2 Quartos - Até 5 Hóspedes** ️ Espaço amplo para você e seus amigos ou familiares se acomodarem confortavelmente e aproveitarem ao máximo cada momento da sua estadia.  ️ **Explore as Maravilhas de Florianópolis** ️ Das praias paradisíacas às trilhas incríveis, há tanto para ver e fazer em Florianópolis. Sua aventura aguarda!  Não perca esta oportunidade única! Reserve agora e garanta sua estadia perfeita em Florianópolis!   Apresentamos nossa casa incrível, perfeita para suas férias em família ou com amigos. Confira as maravilhas que te esperam:   **Características da Casa:**  **Casa Principal:**  - Cozinha super equipada com fogão, geladeira, mesa com 4 cadeiras, micro-ondas e armários completos. - Sala equipada com TV liberada (filmes, mais de 150 séries e canais abertos), home theater, ventilador, sofá-cama e sofá de 2 lugares. - 1 suíte com cama de casal, guarda-roupa, frigobar e banheiro completo com box. - Quarto compartilhado com 3 beliches, roupeiro e ventilador. - 1 banheiro social.   **Área Externa:**  - Piscina para momentos refrescantes. - Vaga de garagem para até 5 carros. - Espaço gourmet com churrasqueira, fogão, mesas e cadeiras para toda a família. - Equipamentos para diversão como caixa de som, microfone e violão. - Ambiente tranquilo para lazer e confraternização.   **Localização Privilegiada:**  - 12 minutos (a pé) da Praia do Morro das Pedras. - 15 minutos (a pé) da Lagoa do Peri. - 6 minutos do supermercado. - Rua tranquila e segura.   **Disponibilidade Limitada! Reserve já e garanta suas férias dos sonhos!**  Seja bem-vindo à sua casa longe de casa! ️",casa,https://www.chavesnamao.com.br/imovel/casa-para-alugar-2-quartos-sc-florianopolis-morro-das-pedras-RS300/id-18657305/,acores,9000.0,,,
15,1000,0.0,25.0,,1,,"Rua dos Laranjais, 1",-27.70662,-48.50266,Sala Comercial com 25m²  Localizada em local tranquilo perto de ótima Infra-Estrutura.,ponto-comercial,https://www.chavesnamao.com.br/imovel/sala-comercial-para-alugar-1-sala-sc-florianopolis-morro-das-pedras-25m2-RS1000/id-21550635/,acores,1000.0,,,
16,1200,0.0,480.0,8,8,,"Pousada Da Paia, 64",-27.76448,-48.51024,"Excelente residencial na beira do mar.   Apartamentos para locação anual, com 28 a 30m² cada um, muito bem mobiliados, equipados com cozinha, frigobar, e ar condicionado e lavanderia comunitária. PARA VENDA E LOCAÇÃO. Aluguéis que variam entre R$ 1500,00 a R$ 1700,00. Sem taxa de condomínio e IPTU. Taxas de água e a luz são individuais.  Decoração muito charmosa. Varanda com vista para o mar. Localizado próximo ao centrinho da Armação do Pântano do Sul.  Com área construída de 480m² A 40 passos da areia, localização privilegiada, rua tranquila e segura.  O bairro da Armação é muito charmoso, tranquilo e oferece trilhas para a Praia do Matadeiro e Lagoinha do Leste. Fica a 23km da UFSC (Universidade Federal de Santa Catarina)  Santa Catarina. Transporte urbano para disponível para todos os bairros de Floripa Confira!",apartamento,https://www.chavesnamao.com.br/imovel/apartamento-para-alugar-8-quartos-sc-florianopolis-armacao-do-pantano-do-sul-480m2-RS1200/id-3471842/,acores,1200.0,6150374.626666668,30751.87313333334,24.626560944444453
17,1250,0.0,30.0,1,1,1,"Servidão Lago Azul, 85",-27.68685,-48.5678,"Apartamento de 1 dormitório no bairro Tapera em Florianópolis. Localizado próximo a praia da Tapera, comércios locais como academia, farmácia, padaria entre outros. Imóvel mobiliado (conforme fotos) composto por 1 dormitório, 1 banheiro social, cozinha e espaço para área de serviço. 1 vaga de garagem privativa descoberta. Não aceita pets.  Agende sua visita no 48  .",apartamento,https://www.chavesnamao.com.br/imovel/apartamento-para-alugar-1-quarto-com-garagem-sc-florianopolis-tapera-30m2-RS1250/id-22346994/,acores,1250.0,560312.26,2801.5613000000003,1.24124904
18,1400,0.0,30.0,,1,,"Rodovia Baldicero Filomeno, 4350",-27.721279,-48.5641165,"Excelente oportunidade de aluguel de uma loja no bairro Ribeirão da Ilha em Florianópolis. Com uma área privativa de 30m², possui 1 banheiro social e conta com infraestrutura completa, como acesso para deficientes físicos, copa e lavabo. O piso é em cerâmico e o imóvel possui uma sala ampla. Localizado em uma região de grande movimento, aproveite essa chance de abrir seu próprio negócio em uma das áreas mais buscadas da cidade. Entre em contato para mais informações e agende sua visita!  ALGUNS ENCARGOS AINDA VÃO SER ATUALIZADOS****",ponto-comercial,https://www.chavesnamao.com.br/imovel/ponto-comercial-para-alugar-1-sala-sc-florianopolis-ribeirao-da-ilha-RS1400/id-18383111/,acores,1400.0,,,
19,7500,1110.0,92.0,2,1,2,"Rua das Corticeiras, 0",-27.69285,-48.48823,"Excelente apartamento para locação, mobiliado, com dois dormitórios, sendo 1 suíte, banheiro social, ampla sacada gourmet com churrasqueira e fechada em em vidro tipo reiki, 2 vagas de garagem. condomínio de alto padrão com acesso privativo a praia.  Ao entrar no apartamento você será recepcionado por uma ampla sala de estar integrada à sala de jantar com mobília moderna e aconchegante, e sacada com vista panorâmica para o mar.  Seguindo encontrará a cozinha, um ambiente totalmente mobiliado e com eletros, estando estes inclusos na locação. Lavanderia independente com ótima ventilação e iluminação e hoby box.  Na área intima temos banheiro social, 2 dormitórios sendo 1 suíte ampla com móveis de qualidade e muito bom gosto.   Pronto para morar!  Em condomínio completo onde oferece um estilo de vida vibrante, possui uma série de recursos para garantir conforto no dia a dia dos moradores.  Características do condomínio:    Portaria 24 horas Academia Piscina Salão de festas Gás encanado Churrasqueira Playground Espaço gourmet na área comum  Agende sua visita!!   gt; gt; gt; Estas informações são de responsabilidade do proprietário e poderão ser alteradas a qualquer momento. A visualização de mobília nas imagens não significa que o mesmo será comercializado mobiliado (consulte sempre um dos nossos corretores). Os valores de condomínio e taxas são aproximados.  Além do aluguel, será de responsabilidade do locatário o pagamento do condomínio mais as despesas ordinárias, IPTU, Coleta de lixo, Imposto de marinha (SPU), Seguro incêndio(incluindo vendaval, danos elétricos, hidráulicos, responsabilidade civil, conteúdo bens do locador), energia elétrica e demais encargos. lt; lt; lt;",apartamento,https://www.chavesnamao.com.br/imovel/apartamento-para-alugar-2-quartos-com-garagem-sc-florianopolis-campeche-137m2-RS7500/id-20058123/,acores,8610.0,1637598.47,8187.99235,-0.04901366434378629
20,2400,0.0,65.0,2,1,,"Manoel João Da Silva, 132",-27.7828785,-48.5272295,"Aconchegante apartamento para aluguel localizado em Ingleses do Rio Vermelho, Florianópolis. Com 2 quartos, sendo 1 suíte, 1 banheiro social, área de serviço, churrasqueira, cozinha, salas espaçosas, permitido animais de estimação e semi mobiliado. Próximo a comércios e serviços, proporcionando facilidade no dia a dia. Aproveite essa oportunidade e agende uma visita!  *Algumas taxas serão atualizadas*",apartamento,https://www.chavesnamao.com.br/imovel/apartamento-para-alugar-2-quartos-sc-florianopolis-ingleses-do-rio-vermelho-RS2400/id-19608757/,acores,2400.0,881073.0,4405.365,0.83556875
21,4300,600.0,127.0,2,2,2,"Rua Evangelina Tavares Moellmann, 95",-27.78145,-48.52287,"Imóvel localizado há 30 metros do mar, na praia dos Açores, considerada uma jóia do sul da ilha, com água transparente, limpa e belas areias. O Apartamente é uma cobertura com vista parcial para o mar e para montanhas. A região está localizada entre áreas de preservação permanente. A cobertura é extremamente arejada, recebe luz do sol nascente e, da mesma forma, à noite a lua cheia nasce por trás dos morros. A natureza da região sempre proporcionando aos moradores as mais belas vistas. A área externa é ampla e possui uma banheira SPA com hidromassagem. A suíte e a sala possuem ar-condicionado. Os quartos, cozinha, banheiros e área da lavanderia possuem móveis planejados. Um dos quartos é perfeito também para quem quer estabelecer home office. Local tranquilo para aqueles que buscam encontrar muita qualidade de vida. ",apartamento,https://www.chavesnamao.com.br/imovel/apartamento-para-alugar-2-quartos-com-garagem-sc-florianopolis-pantano-do-sul-127m2-RS4300/id-20301725/,acores,4900.0,1635212.43,8176.06215,0.6685841122448979
22,3500,813.0,90.0,2,2,1,"Rua das Salgemas, 125",-27.78163,-48.52175,"Ótima oportunidade de aluguel! Apartamento no RESIDÊNCIAL ROSA DOS AÇORES, com 90m² de área privativa e 2 dormitórios, sendo 1 suíte. O imóvel conta ainda com sala, sacada com churrasqueira, cozinha com móveis planejados, piso porcelanato, banheiro social com box de vidro, localizado na Rua das Salgemas. Próximo a Pântano do Sul, em Florianópolis. Aproveite essa chance e venha morar nesse belo bairro de Florianópolis, entre em contato para mais informações!",apartamento,https://www.chavesnamao.com.br/imovel/apartamento-para-alugar-2-quartos-com-garagem-sc-florianopolis-pantano-do-sul-RS3500/id-20677994/,acores,4313.0,1214103.18,6070.515899999999,0.4074926733132389
23,3500,813.0,90.0,2,2,2,"Rua das Salgemas, 125",-27.78163,-48.52175,"Ótima oportunidade de aluguel! Apartamento mobiliado, com 90m² de área privativa e 2 dormitórios, sendo 1 suíte. O imóvel conta ainda com sala, sacada com churrasqueira com vista para o mar, cozinha com móveis planejados, piso porcelanato, banheiro social com box de vidro, localizado na Rua das Salgemas. Próximo a Pântano do Sul, em Florianópolis. Aproveite essa chance e venha morar nesse belo bairro de Florianópolis, entre em contato para mais informações!",apartamento,https://www.chavesnamao.com.br/imovel/apartamento-para-alugar-2-quartos-com-garagem-sc-florianopolis-pantano-do-sul-RS3500/id-20483195/,acores,4313.0,1570949.53,7854.74765,0.8211796081613727
24,2600,250.0,70.0,2,2,1,"Rua das Fluoritas, 45",-27.78068,-48.52188,"Ótimo apartamento a poucos metros da Praia dos Açores! Dois dormitórios sendo uma suíte, banheiro, sala e cozinha com armários planejados. Condomínio com piscina, churrasqueira, espaço para lavanderia e vaga de garagem.",apartamento,https://www.chavesnamao.com.br/imovel/apartamento-para-alugar-2-quartos-com-garagem-sc-florianopolis-pantano-do-sul-RS2600/id-20984530/,acores,2850.0,1117860.85,5589.30425,0.9611593859649123
25,4600,0.0,214.0,3,1,,"Estrada Rozália Paulina Ferreira, 1760",-27.76937,-48.52376,"Casa para alugar com 3 dormitórios sendo os 3 suítes, com 214m² de área privativa na Praia do Pântano do Sul, Florianópolis-SC. Ampla sala de estar, copa conjugada com cozinha, churrasqueira e varanda. No andar de cima os dormitórios sendo uma das suítes máster com varanda e vista para o mar. Pátio com jardim e dormitório, lavanderia e dispensa, canil e ampla área verde, vaga para 2 carros coberta. Localização privilegiada na Costa de Dentro, em meio a natureza.",casa,https://www.chavesnamao.com.br/imovel/casa-para-alugar-3-quartos-sc-florianopolis-pantano-do-sul-400m2-RS4600/id-21104810/,acores,4600.0,,,
26,25000,0.0,1.0,7,7,8,"Estrada João Belarmino da Silva, 2890",-27.77795,-48.5119,"Casa mobiliada, aconchegante, em meio a natureza no Balneário Açores. Em um terreno de 2.000 m2, essa linda casa térrea possui:  Sete suítes completas Um lavabo Sala de estar e jogos. Salão com mesas e cadeiras e bancada, com churrasqueira. Cozinha completa. Bar completo. Lavanderia. Dispensa Decks externos Piscina. Gramado Estacionamento para até oito veículos. Um paraíso encostado a mata atlântica. Essa residência está a cinco min da praia a pé.  Em frente ao terminal de ônibus. Está disponível para locação residencial e comercial.  Entre em contato com a Açoriana Imóveis, especializada em imóveis no sul e leste da ilha.",casa,https://www.chavesnamao.com.br/imovel/casa-para-alugar-7-quartos-com-garagem-sc-florianopolis-pantano-do-sul-2000m2-RS25000/id-19047202/,acores,25000.0,,,
27,2000,400.0,45.0,2,1,1,"Rua Maria Rodrigues Campos, 80",-27.78082,-48.50699,"Lindo apartamento em uma das principais praias do sul da ilha.  Com 2 dormitórios, móveis planejados na cozinha, roupeiro em um dos quartos.  O condomínio dispõe de um belo salão de festas e piscina.  Ótima localização, a 800m da praia, próximo a comércios.   ** NÃO ACEITA PET **  Seguro Incêndio Anual R$138,64.  Agende sua visita (48)  .",apartamento,https://www.chavesnamao.com.br/imovel/apartamento-para-alugar-2-quartos-com-garagem-sc-florianopolis-pantano-do-sul-45m2-RS2000/id-9983780/,acores,2400.0,750762.71,3753.81355,0.5640889791666666
28,790,402.0,35.0,,1,,"Rua Conselheiro Mafra, 220",-27.59697,-48.55258,"Sala comercial com 35m² privativo, em ótima localização, na região central de Florianópolis. Possui banheiro, copa e piso de madeira. O Prédio dispõe de elevador e portaria 24 Horas.  Agende uma visita e conheça todos os detalhes do seu imóvel! Dalton Andrade Imóveis, a sua garantia imobiliária!  Ligue: (48)   - loja centro  (48)   - loja trindade (48)  - WhatsApp  (link removido)  CRECI: 3377-J",ponto-comercial,https://www.chavesnamao.com.br/imovel/sala-comercial-para-alugar-sc-florianopolis-centro-35m2-RS790/id-17987233/,alto-ribeirao,1192.0,,,
29,800,608.0,38.0,,,,"Rua Fernando Machado, 73",-27.59704,-48.54811,"Sala comercial com 38m²!! Possui excelente espaço, lavabo e piso cerâmico.  Localização privilegiada no Centro, este imóvel está situado em um dos pontos comerciais mais movimentados de Florianópolis, ideal para você que deseja abrir ou expandir sua empresa.",ponto-comercial,https://www.chavesnamao.com.br/imovel/sala-comercial-para-alugar-1-sala-sc-florianopolis-centro-RS800/id-10573675/,alto-ribeirao,1408.0,,,
30,800,212.0,28.0,,1,,"Rua Trajano, 168",-27.59704,-48.55053,"Sobreloja com piso cerâmico, no coração de Florianópolis.",ponto-comercial,https://www.chavesnamao.com.br/imovel/ponto-comercial-para-alugar-1-sala-sc-florianopolis-centro-28m2-RS800/id-1021295/,alto-ribeirao,1012.0,,,
31,800,182.0,27.0,,1,,"Rua Trajano, 168",-27.59704,-48.55053,"Sobreloja em uma das ruas mais movimentadas do Centro de Florianópolis. Com 27 m², lavabo e piso cerâmico.  O Centro de Floripa é bem estruturado e concentra todos os principais serviços da cidade, além de possuir escolas, restaurantes, shoppings e academias. O terminal do centro - TICEN faz parte dos sistema integrado de transportes de Florianópolis e de lá é possível pegar ônibus para todas as regiões da Ilha, como também para o Continente.",ponto-comercial,https://www.chavesnamao.com.br/imovel/ponto-comercial-para-alugar-1-sala-sc-florianopolis-centro-33m2-RS800/id-1021291/,alto-ribeirao,982.0,,,
32,800,782.0,52.0,,1,,"Rua João Pinto, 30",-27.59851,-48.54991,"Sala Comercial com 52,00m², 03 salas sendo 01 com divisória, banheiro, copa, piso cerâmico, último andar do edifício.",ponto-comercial,https://www.chavesnamao.com.br/imovel/sala-comercial-para-alugar-3-salas-sc-florianopolis-centro-72m2-RS800/id-1021273/,alto-ribeirao,1582.0,,,
33,900,176.0,27.0,,1,,"Rua Trajano, 168",-27.5969872,-48.5506344,"Loja comercial com 27,85m², Possui um espaço amplo e lavabo.  Localização privilegiada em Florianópolis, este imóvel está situado em um dos pontos comerciais mais movimentados do centro, ideal para você que deseja abrir ou expandir sua empresa.",ponto-comercial,https://www.chavesnamao.com.br/imovel/ponto-comercial-para-alugar-1-sala-sc-florianopolis-centro-RS900/id-4161199/,alto-ribeirao,1076.0,,,
34,900,608.0,47.0,,1,,"Rua Saldanha Marinho, 116",-27.59838,-48.54914,"Sala comercial com 47m²!! Possui excelente e amplo espaço, lavabo e piso cerâmico.   Localização privilegiada no Centro, este imóvel está situado em um dos pontos comerciais mais movimentados de Florianópolis, ideal para você que deseja abrir ou expandir sua empresa.",ponto-comercial,https://www.chavesnamao.com.br/imovel/sala-comercial-para-alugar-1-sala-sc-florianopolis-centro-68m2-RS900/id-11051440/,alto-ribeirao,1508.0,,,
35,9900,0.0,188.0,3,2,3,"Alcidomiro Flores, 0",-27.66256,-48.48918,"Se você procura por privacidade, segurança e contato com a natureza, esta casa no Rio Tavares, é o lugar ideal.   A casa esta a 3 minutos do Multi Open Shopping e a pouco mais de 1.000 Metros da Praia do Novo Campeche.  O living integrado com cozinha gourmet e churrasqueira que se estende por um deck externo é o local ideal para desfrutar de ótimos momentos em família!  Três quartos amplos e arejados, sendo uma suíte com closet e varandas. A Edícula conta com ambiente de estar externo, área de serviço e um cômodo adicional versátil, que pode ser usado como home office, ateliê, quarto extra ou simplesmente um depósito.  A garagem para até 3 carros sendo uma coberta. Um Amplo pátio gramado que circunda toda a casa. O imóvel ainda possui canil fechado com bebedouro automático.  A casa tem sistema de alarme e Câmeras de Segurança. É toda murada e bem fechada. A Vizinhança é ótima e muito segura. **Está incluso no valor serviço de jardinagem.   gt; gt; gt; Estas informações são de responsabilidade do proprietário e poderão ser alteradas a qualquer momento. A visualização de mobília nas imagens não significa que o mesmo será comercializado mobiliado. Consulte sempre um dos nossos corretores. Os valores de condomínio e taxas são aproximados.  Além do aluguel, será de responsabilidade do locatário o pagamento do condomínio mais as despesas ordinárias, IPTU, Coleta de lixo, Imposto de marinha (SPU), Seguro incêndio(incluindo vendaval, danos elétricos, hidráulicos, responsabilidade civil, conteúdo bens do locador), energia elétrica e demais encargos. lt; lt; lt;",casa,https://www.chavesnamao.com.br/imovel/casa-para-alugar-3-quartos-com-garagem-sc-florianopolis-rio-tavares-483m2-RS9900/id-19225942/,alto-ribeirao,9900.0,,,
36,7000,1100.0,94.0,3,2,1,"Rua Gilmar Darli Vieira, 0",-27.66527,-48.47732,"Amplo apartamento disponível para locação localizado no Novo Campeche, oferece a oportunidade de viver próximo ao mar!  Esse espaçoso apartamento conta com 3 dormitórios, sendo uma suíte, cozinha, área de serviço, sacada com churrasqueira.  Todo mobiliado, disponibiliza uma variedade de armários e móveis que garantem praticidade para os moradores. Ambientes bem iluminados e ventilados. Além de todas as comodidades, o apartamento também possui 1 vaga de garagem.  A poucos passos de distancia você vai encontrar uma variedade de serviços e facilidades como: padarias, restaurantes, universidade, supermercados, sem necessidade de percorrer longas distancias para buscar tudo o que você precisar. Além de estar a 50 metros da praia!  Venha viver no Charmoso Novo Campeche. Agende sua Visita e Surpreenda-se!   gt; gt; Estas informações são de responsabilidade do proprietário e poderão ser alteradas a qualquer momento. A visualização de mobília nas imagens não significa que o mesmo será comercializado mobiliado (consulte sempre um dos nossos corretores). lt; lt; lt;   gt; gt; gt; Os valores de condomínio e taxas são aproximados. Além do aluguel, será de responsabilidade do locatário o pagamento do condomínio mais as despesas ordinárias, IPTU, Coleta de lixo, Imposto de marinha (SPU), Seguro incêndio(incluindo vendaval, danos elétricos, hidráulicos, responsabilidade civil, conteúdo bens do locador), energia elétrica e demais encargos. lt; lt; lt;",apartamento,https://www.chavesnamao.com.br/imovel/apartamento-para-alugar-3-quartos-com-garagem-sc-florianopolis-campeche-123m2-RS7000/id-21288571/,alto-ribeirao,8100.0,918857.32,4594.286599999999,-0.4328041234567902
37,8000,483.0,101.0,2,3,1,"Rua Jerônimo Venâncio das Chagas, 455",-27.66447,-48.47654,"Apartamento com 02 dormitórios sendo 02 suítes, sala ampla, sacada com churrasqueira, lavabo, cozinha, área de serviço, 01 vaga de garagem e hobby box.  Imóvel de Primeira Locação, consulte nossa equipe para maiores informações.  Vogue Residencial Boutique, o mais novo empreendimento da KDS Engenharia. Uma empresa que diferencia-se no mercado através de produtos voltado para o público que valoriza exclusividade, qualidade e conforto. Inspirada na arquitetura contemporânea e de referência pelo mundo, trazendo para o bairro Novo Campeche mais opções de moradia com conceito que alia charme e elegância à qualidade.  Design e estilo em meio a uma natureza exuberante:  Apartamentos térreos com áreas externas privativas, estúdios, apartamentos de duas e três suítes e coberturas.  Áreas comuns mobiliadas e decoradas: Halls independentes entre as torres, Fitness Piscina com deck seco e molhado e Espaço Gourmet com Jogos.  Tecnologia e conforto aliados ao design: 2 Torres independentes, elevadores inteligentes, Banheiros completos com Bancada e Box, Janelas com persianas elétricas integradas nos quartos, Hobby-Box, Bicicletário, Garagens revestidas, Circuito fechado de TV, Hidrômetros individuais, Gerador e Estação de tratamento de esgoto próprios.",apartamento,https://www.chavesnamao.com.br/imovel/apartamento-para-alugar-2-quartos-com-garagem-sc-florianopolis-campeche-101m2-RS8000/id-17986776/,alto-ribeirao,8483.0,1136353.7,5681.7685,-0.33021708122126603
38,4200,850.0,78.0,2,2,2,"Rua Silvio Lopes Araújo, 615",-27.65271,-48.47355,"Apartamento à poucos metros do mar com trilha privativa e lazer completo! Localização privilegiada:  Ótima rua larga com calçada;  Trilha para praia no final da rua;  A 200 metros do mar com acesso por trilha linda e charmosa em área de restinga preservada. Conforto e comodidade:  2 dormitórios, sendo 1 suíte;  Amplo living com cozinha integrada;  Banheiro social;  Sacada com churrasqueira;  Área de serviço;  Hobby box. Lazer completo no condomínio:  Elevador;  Salão de festas;  Piscina;  Academia;  Portaria eletrônica.",apartamento,https://www.chavesnamao.com.br/imovel/apartamento-para-alugar-2-quartos-com-garagem-sc-florianopolis-rio-tavares-RS4200/id-7945905/,alto-ribeirao,5050.0,1297704.04,6488.5202,0.2848554851485148
39,2900,385.0,50.0,1,1,1,"Rua Desembargador Pedro Silva, 1798",-27.6107851,-48.5803132,"More neste lindo apartamento , totalmente mobiliado e de frente para o mar. Sala e quarto com vista para à Praia da Saudade; cozinha com armários planejados, área de serviço, banheiro com box de vidro temperado, todo revestido em piso cerâmico e 1 vaga de garagem rotativa. Localizado em bairro nobre, com excelente infraestrutura, em meio a cobiçada via gastronômica de Coqueiros e a cinco minutos do Centro de Florianópolis.",apartamento,https://www.chavesnamao.com.br/imovel/apartamento-para-alugar-1-quarto-com-garagem-sc-florianopolis-coqueiros-RS2900/id-3100173/,alto-ribeirao,3285.0,505471.14,2527.3557,-0.2306375342465753
40,3150,704.0,96.0,3,2,1,"Rua Vereador José do Vale Pereira, 37",-27.6087,-48.5786,"Excelente oportunidade de Locação em Coqueiros.  O imóvel conta com ambientes planejados, proporcionando uma combinação única e especial. Possui 03 dormitórios com armários sendo 01 suíte com hidromassagem, 02 janelas com isolamento acústico, sala de estar, banheiro social, cozinha com armários, área de serviço separada e 01 vaga de garagem, atendendo às suas necessidades e estilo de vida.  O condomínio oferece salão de festas e zeladoria.   Agende uma visita e conheça seu novo imóvel! Dalton Andrade Imóveis - Sua garantia imobiliária. Contato: Loja Centro: (48)   Loja Trindade: (48)   ",apartamento,https://www.chavesnamao.com.br/imovel/apartamento-para-alugar-3-quartos-com-garagem-sc-florianopolis-coqueiros-105m2-RS3150/id-21212831/,alto-ribeirao,3854.0,927572.75,4637.86375,0.20338966009340953
41,850,825.0,24.0,,,,"Rua Lauro Linhares, 2123",-27.5968446,-48.5202158,"Ótima oportunidade de aluguel de loja no Trindade Shopping, localizada na Rua Lauro Linhares, Trindade, Florianópolis, com área privativa de 24.45m², piso cerâmico e lavabo. Próximo a diversas conveniências e com fácil acesso a transportes públicos. Não perca esta chance, entre em contato para mais informações!",ponto-comercial,https://www.chavesnamao.com.br/imovel/ponto-comercial-para-alugar-1-sala-sc-florianopolis-trindade-53m2-RS850/id-1528716/,alto-ribeirao-leste,1675.0,,,
42,1000,497.0,34.0,,1,,"Rua Lauro Linhares, 2123",-27.59687,-48.52037,"Excelente Sala comercial com 33.40m²! Possui amplo espaço e já esta mobiliada e com divisória, lavabo, piso cerâmico e vaga de garagem rotativas.",ponto-comercial,https://www.chavesnamao.com.br/imovel/sala-comercial-para-alugar-1-sala-sc-florianopolis-trindade-64m2-RS1000/id-17270100/,alto-ribeirao-leste,1497.0,,,
43,1200,1.0,60.0,1,1,1,"Srv Manoel P Da Silva, 325",-27.5980591,-48.5267971,"APARTAMENTO PARA ALUGUEL ANUAL!  Apartamento de 1 dormitórios banheiro soacial.  Sala e cozinha conjugada.  Vaga de garagem.  NÃO ACEITA PET  SEguro contra incendio R$ 22,00  OBS: O inquilino só paga a luz ",apartamento,https://www.chavesnamao.com.br/imovel/apartamento-para-alugar-1-quarto-com-garagem-sc-florianopolis-ingleses-do-rio-vermelho-70m2-RS1200/id-21434248/,alto-ribeirao-leste,1201.0,633297.14,3166.4857,1.6365409658617822
44,1246,392.0,35.0,,,1,"Rua Recanto dos Girassóis, 483",-27.66902,-48.53405,"Sala comercial com 35m²!! Possui excelente espaço, piso de madeira e vaga de garagem rotativa.  O bairro Carianos está localizado no sul da Ilha de Santa Catarina, entre os bairros da Tapera, Costeira do Pirajubaé, Rio Tavares e Campeche, a 10,4 km do centro de Florianópolis. Ideal para você que deseja abrir ou expandir sua empresa.",ponto-comercial,https://www.chavesnamao.com.br/imovel/sala-comercial-para-alugar-1-sala-com-garagem-sc-florianopolis-carianos-RS1246/id-10650676/,alto-ribeirao-leste,1638.0,,,
45,1350,345.0,27.0,,1,1,"Rua José Brognoli, 117",-27.6086285,-48.5349329,"Aproveite a oportunidade de alugar uma sala comercial no Opportunità Empresarial, localizado na Rua Jose Brognoli, 117 - Sala 604, no bairro Saco dos Limões em Florianópolis. Com 27m² de área privativa, oferece lavabo, piso porcelanato e 1 vaga vaga de garagem. Agende já a sua visita e venha conferir essa excelente opção para o seu negócio!",ponto-comercial,https://www.chavesnamao.com.br/imovel/sala-comercial-para-alugar-1-sala-com-garagem-sc-florianopolis-saco-dos-limoes-27m2-RS1350/id-5085311/,alto-ribeirao-leste,1695.0,,,
46,25000,0.0,408.0,3,3,4,"Rua Doutel de Andrade, 29",-27.6058742,-48.4747794,"Casa maravilhosa em loteamento de alto padrão na Lagoa. Contempla duas salas, escritório, cozinha em conceito aberto, varanda gourmet com churrasqueira. Três quartos, suíte, closet. Área externa com piscina, canil. Garagem para quatro carros. Entre em contato com a Açoriana Imóveis, especializada em imóveis no sul e leste da ilha.",casa,https://www.chavesnamao.com.br/imovel/casa-para-alugar-3-quartos-com-garagem-sc-florianopolis-lagoa-da-conceicao-600m2-RS25000/id-20984533/,alto-ribeirao-leste,25000.0,,,
47,1900,0.0,70.0,2,1,2,"Servidão Manoel Jorge Filho, 340",-27.705413,-48.5192198,"Localizada no bairro tranquilo do Ribeirão da Ilha, em Florianópolis, essa casa de vila está disponível para locação Mensal   Está propriedade oferece 2 quartos, 1 banheiro e sala integrada com a Cozinha , sendo entregue desocupada e não mobiliada.  O valor mensal de locação é de R$ 3.000,00 tornando-a uma excelente opção para quem busca um lar confortável e bem localizado.  A distribuição interna da casa proporciona uma ótima funcionalidade e organização dos espaços. Os quartos, apesar de não serem excessivamente amplos, oferecem espaço suficiente para acomodar seus móveis e pertences pessoais. O banheiro, embora de tamanho padrão, é bem equipado e mantém o bom estado de conservação. A sala, com dimensões adequadas, é o ambiente perfeito para momentos de descanso e lazer.  Além das comodidades internas, a casa de vila também se destaca pela sua localização. Situada no tranquilo bairro do Ribeirão da Ilha, a propriedade está próxima a estabelecimentos comerciais, escolas e opções de lazer, facilitando o dia a dia de seus ocupantes. A proximidade com a natureza e a tranquilidade do bairro tornam essa casa uma ótima opção para quem busca uma moradia confortável e bem localizada.",casa,https://www.chavesnamao.com.br/imovel/casa-para-alugar-2-quartos-com-garagem-sc-florianopolis-ribeirao-da-ilha-RS1900/id-21678633/,alto-ribeirao-leste,1900.0,,,
48,6000,0.0,180.0,,3,15,"Rodovia Francisco Thomaz dos Santos, 5555",-27.7577,-48.50975,"Excelente espaço comercial para locação na Armação.  Área externa muito espaçosa, podendo servir de estacionamento. Área interna composta por um salão grande na frente. Nos fundos do salão há: um banheiro para deficiente físico, um banheiro feminino, um escritório, uma cozinha, um banheiro masculino, e outra sala com mais um banheiro.  Imóvel localizado em ótimo ponto na rodovia principal da Armação, com ponto de ônibus na frente, próximo ao Direto do Campo.",ponto-comercial,https://www.chavesnamao.com.br/imovel/ponto-comercial-para-alugar-3-salas-com-garagem-sc-florianopolis-armacao-do-pantano-do-sul-RS6000/id-16497251/,armacao-do-pantano-do-sul,6000.0,,,
49,6000,0.0,180.0,,4,15,"Rodovia Francisco Thomaz dos Santos, 5560",-27.7577,-48.50975,"Ótima oportunidade de negócio! Aluguel de loja localizada na Rodovia Francisco Thomaz dos Santos, número 5560, no bairro Armação do Pântano do Sul. Com área privativa de 180m², possui 4 banheiros sociais e 15 vagas de estacionamento. O espaço é acessível para deficientes físicos e conta com piso cerâmico, além de 3 salas para atender suas necessidades comerciais. Aproveite a localização privilegiada próximo a pontos de interesse, como restaurantes e comércios locais. Entre em contato para mais informações e agende uma visita! ** LOJA POSSUI HABITE-SE",ponto-comercial,https://www.chavesnamao.com.br/imovel/ponto-comercial-para-alugar-3-salas-com-garagem-sc-florianopolis-armacao-do-pantano-do-sul-RS6000/id-16815437/,armacao-do-pantano-do-sul,6000.0,,,
50,3300,0.0,110.0,,,,"Rua Mercedes Botelho Scheidt, 207",-27.74802,-48.509,"Casa na armação a duas quadras da praia, com 03 dormitórios bem arejados, sala e cozinha, churrasqueira e garagem coberta, localizada em rua tranquila e próximo a praia.",casa,https://www.chavesnamao.com.br/imovel/casa-para-alugar-sc-florianopolis-armacao-do-pantano-do-sul-300m2-RS3300/id-20852731/,armacao-do-pantano-do-sul,3300.0,,,
51,2950,400.0,30.0,1,1,1,"Rua Oge Fortkamp, 0",-27.59439,-48.52283,"Apartamento Studio Mobiliado, móveis planejados, espaço amplo e integrado localizado no bairro Trindade em Florianópolis.  O edifico conta com:  -Coworking; -Solário; -Salão de festas; -Coleta seletiva de lixo; -Bicicletário  -Lavanderia -Coleta seletiva de lixo  Ideal para você que busca morar próximo a opções de lazer e ter ótima infraestrutura. Tudo estará próximo a você: hospital, agências dos principais bancos e shoppings; além de uma grande variedade de estabelecimentos comerciais.  Todos estes fatores somados a presença da UFSC transformam a região em uma das mais valorizadas de Florianópolis.  Consulte sempre um dos nossos corretores!!   gt; gt; gt; Estas informações são de responsabilidade do proprietário e poderão ser alteradas a qualquer momento. lt; lt; lt;   gt; gt; gt; Os valores de condomínio e taxas são aproximados.  Além do aluguel, será de responsabilidade do locatário o pagamento do condomínio mais as despesas ordinárias, IPTU, Coleta de lixo, Imposto de marinha (SPU), Seguro incêndio(incluindo vendaval, danos elétricos, hidráulicos, responsabilidade civil, conteúdo bens do locador), energia elétrica e demais encargos. lt; lt; lt;",apartamento,https://www.chavesnamao.com.br/imovel/apartamento-para-alugar-1-quarto-com-garagem-sc-florianopolis-trindade-RS2950/id-19653341/,autodromo,3350.0,516657.74,2583.2887,-0.22886904477611936
52,1900,0.0,30.0,,1,,"Rua Coronel Pedro Demoro, 1763",-27.58426,-48.58132,"Loja comercial com 30m² de área privativa, localizada no Estreito.   Imóvel com 1 banheiro e sem vaga de garagem. IPTU e TCRS, já estão inclusos no valor do aluguel.   Possui habite-se comercial   Agende já uma visita através do nosso plantão de vendas pelo telefone (48)   ou pelo WhatsApp (48) 99865- 9090.  Aguardamos seu contato!   Será ainda de responsabilidade do locatário, o pagamento de seguro incêndio, energia elétrica, água e demais encargos. Sobre o valor do condomínio, poderá haver fundo de reserva e rateio, que serão pagos pelo locatário, podendo ser ressarcidos posteriormente. Estas informações são de responsabilidade do proprietário e poderão ser alteradas a qualquer momento. Os valores anunciados de Condomínio, IPTU, Laudêmio, TCRS e outras taxas que por ventura venham a incidir sobre este imóvel são aproximados. Solicite o valor atualizado. A visualização de mobília nas imagens não significa que o mesmo será comercializado mobiliado.   EMPRESA: A Invista conta com profissionais especializados no mercado imobiliário e possui duas lojas, a Matriz no Centro e uma Filial no Estreito, em pontos nobres com estacionamento. Temos mais de 13 anos de experiência sempre satisfazendo nossos clientes e fazendo amigos. Nossa pauta possui mais de 3000 imóveis com diversas opções na Ilha e no Continente. Venha tomar um café conosco e conferir o que temos de melhor pra você.",ponto-comercial,https://www.chavesnamao.com.br/imovel/ponto-comercial-para-alugar-sc-florianopolis-balneario-219m2-RS1900/id-17507715/,balneario,1900.0,,,
53,2070,0.0,25.0,,,,"Rua General Liberato Bittencourt - Lado Par, 1475",-27.5867918,-48.581414,"Aluga-se salas comerciais em centro comercial no Estreito de 25 a 315 metros privativos  Um centro executivo pensado para o seu futuro. Único do gênero no Estreito.  Empreendimento comercial na melhor localização do bairro Estreito, na região do continente de Florianópolis. Um centro executivo diferente, pensado para o futuro.   Salas comerciais com vagas de garagem privativas para atender diferentes necessidades. Espaço fitness, sala de reuniões e conferência, estacionamento rotativo.  Lazer / Serviços Espaço destinado a serviços de alimentação Estacionamento rotativo dando suporte as salas comerciais com 112 vagas Estacionamento de automóveis com 441 vagas Vagas livres para todas as salas comerciais Vagas para motos e Bicicletário Acesso pelas ruas Gen. Liberato Bittencourt e Arnoldo Cândido Raulino  Segurança / Praticidade Controle de acesso à torre corporativa Sala de administração e segurança Infraestrutura para CFTV Academia de ginástica equipada e mobiliad",ponto-comercial,https://www.chavesnamao.com.br/imovel/sala-comercial-para-alugar-sc-florianopolis-balneario-RS2070/id-5493162/,balneario,2070.0,,,
54,2500,1100.0,225.0,4,2,1,"Rua São Pedro, 159",-27.58012,-48.58442,"Imóvel: Amplo apartamento localizado em excelente bairro na região de Florianópolis continental. Com seus mais de 200 metros quadrados, possui tres dormitórios sendo uma suíte, dependencia de empregada, cozinha com área de serviço, um grande terraço e muito mais! Condomínio possui uma piscina para seus moradores e um salão de festas bem espaçoso.  Bairro: Um dos bairros mais recentes da Capital, pois a pouco pertencia ao Estreito, o Balneário assumiu características próprias, com foco mais residencial, tem sido muito procurada devido ao boom de empreendimentos imobiliários, sua proximidade com o mar, sua facilidade de acesso e boa mobilidade, além de muitas opções de lazer.  A EVOLUÇÃO IMOVEIS possui mais de 12 anos de experiência, sempre satisfazendo nossos clientes e fazendo amigos. Temos mais de 2000 imóveis com diversas opções na Grande Florianópolis.  Estamos de plantão através do número (48)   ou no CHAT.  Concretizando seus Sonhos",apartamento,https://www.chavesnamao.com.br/imovel/apartamento-para-alugar-4-quartos-com-garagem-sc-florianopolis-balneario-260m2-RS2500/id-9098561/,balneario,3600.0,1995945.3766666665,9979.726883333333,1.7721463564814814
55,3500,0.0,47.0,,1,,"Rua Santa Tereza, 47",-27.5793386,-48.5795943,"Excelente oportunidade de aluguel de loja no bairro Balneário em Florianópolis. Com 47.84m² de área privativa, este imóvel conta com acesso para deficientes físicos, andar térreo, copa, lavabo, piso cerâmico, 3 salas. Localizado na Rua Santa Tereza. Não perca essa chance, agende uma visita hoje mesmo!  ALGUNS ENCARGOS AINDA VÃO SER ATUALIZADOS****   O bairro Balneário está localizado na parte continental de Florianópolis, voltado para o canal da Baía Norte, distante apenas 6,5 km do centro da cidade. Possui foco mais residencial, mas aos poucos, por sua facilidade de acesso e boa mobilidade, vem sendo fortemente modificado pela crescente especulação imobiliária. A principal via que corta o bairro é a Rua Coronel Pedro Demoro.",ponto-comercial,https://www.chavesnamao.com.br/imovel/ponto-comercial-para-alugar-3-salas-sc-florianopolis-balneario-RS3500/id-4827350/,balneario,3500.0,,,
56,3500,0.0,120.0,3,2,2,"Rua José Cândido da Silva, 591",-27.57921,-48.57914,"Casa residencial para aluguel no Terreo com area privativa de 120m² e 3 dormitórios sendo 1 suite. O imóvel conta ainda com sala, cozinha, área de serviço, churrasqueira, piso cerâmico, , area de 120m², churrasqueira, cozinha, area de servico, jardim, banheiro social com box de vidro, portão eletronico, 2 vagas de garagem, e permite animais de estimação. Localizada em rua tranquila, próximo a comércios e serviços. Agende uma visita e venha conferir!",casa,https://www.chavesnamao.com.br/imovel/casa-para-alugar-3-quartos-com-garagem-sc-florianopolis-balneario-160m2-RS3500/id-20318088/,balneario,3500.0,,,
57,4200,727.0,88.0,2,2,1,"Rua Coronel Pedro Demoro, 1841",-27.58388,-48.58196,"Apartamento para aluguel no bairro Balneário em Florianópolis, com 2 dormitórios sendo 1 suíte. O imóvel coonta ainda com sala, sacada, cozinha planejada, área de serviço, banheiro social com box de vidro, piso cerâmico, hobby box e 1 vaga de garagem. Localizado na Rua Coronel Pedro Demoro, próximo a comércios e serviços. Agende uma visita e venha conferir!",apartamento,https://www.chavesnamao.com.br/imovel/apartamento-para-alugar-2-quartos-com-garagem-sc-florianopolis-balneario-103m2-RS4200/id-13639563/,balneario,4927.0,1228996.72,6144.9836,0.24720592652729856
58,4300,733.0,160.0,4,3,2,"Rua Osvaldo Cruz, 345",-27.5807446,-48.5813937,"Apartamento com 3 dormitórios sendo 1 suíte, sala ampla com sacada e churrasqueira, cozinha com móveis planejados, área de serviço, banheiro social com box de vidro, piso porcelanato e vagas de garagem dupla.",apartamento,https://www.chavesnamao.com.br/imovel/apartamento-para-alugar-4-quartos-com-garagem-sc-florianopolis-balneario-160m2-RS4300/id-6896639/,balneario,5033.0,1941352.98,9706.7649,0.9286240611961056
59,4700,540.0,145.0,2,2,1,"Rua Coronel Pedro Demoro, 1507",-27.58592,-48.57993,"Dois quartos, sendo uma suíte, com vaga de garagem , hobby box e vaga de moto. O imóveis está semi-mobiliado.",apartamento,https://www.chavesnamao.com.br/imovel/apartamento-para-alugar-2-quartos-com-garagem-sc-florianopolis-balneario-145m2-RS4700/id-5146878/,balneario,5240.0,1622404.08,8112.0204,0.5480954961832061
60,6000,0.0,311.0,4,3,4,"Gonçalves Dias, 296",-27.57915,-48.57779,"Excelente oportunidade de alugar uma ampla casa residencial com vista para o mar, 311m², no bairro Balneário, em Florianópolis.  O imóvel possui 4 dormitórios, (sendo 1 suíte e um dormitório com sacada vista para o mar), sala TV, sala de jantar e 2 salas de estar, jardim de inverno, cozinha, 3 banheiros, área de serviço com dependência, lavabo, despensa , 2 vagas descobertas, ampla área externa.  Ótima localização, próximo à panificadoras, farmácias, supermercados e comércio variado. Fácil acesso ao Centro de Florianópolis e às principais vias da cidade.   Não perca essa chance, agende uma visita!",casa,https://www.chavesnamao.com.br/imovel/casa-para-alugar-4-quartos-com-garagem-sc-florianopolis-balneario-RS6000/id-1268714/,balneario,6000.0,,,
61,8500,1484.0,200.0,3,5,3,"Rua Abelardo Luz, 147",-27.577744,-48.5868939,"Ótimo apartamento para aluguel em Florianópolis, localizado na Rua Abelardo Luz, Balneário. Com 200.4m² de área privativa, este imóvel possui 3 suítes sendo uma delas com hidro. Conta também com 3 vagas de garagem, sala, cozinha, área de serviço, banheiro social, churrasqueira, lavabo e sacadas na maioria dos cômodos oferecendo uma linda vista para o mar. Não perca essa oportunidade e agende já a sua visita!  ALGUMAS MOBILIAS PODEM NÃO FAZER PARTE DA LOCAÇÃO*****",apartamento,https://www.chavesnamao.com.br/imovel/apartamento-para-alugar-3-quartos-com-garagem-sc-florianopolis-balneario-RS8500/id-18382858/,balneario,9984.0,2769351.96,13846.7598,0.3868950120192307
62,8700,1100.0,151.0,3,4,2,"Rua Coronel Pedro Demoro, 1507",-27.58592,-48.57993,"O Atlantique Residence é um empreendimento completo, com localização especial, perto de tudo o que você precisa. Esse imóvel com vista mar está disponivel para locação, um apartamento com 3 suites e com 127m² privativos, duas vagas de garagem e piso laminado nos dormitórios.",apartamento,https://www.chavesnamao.com.br/imovel/apartamento-para-alugar-3-quartos-com-garagem-sc-florianopolis-balneario-151m2-RS8700/id-19489345/,balneario,9800.0,2261424.01,11307.12005,0.15378776020408158
63,10900,823.0,148.0,2,2,1,"Rua Osvaldo Cruz, 345",-27.5807564,-48.58137929999999,"Belíssimo apartamento todo planejado no Balneário do Estreito com 2 quartos sendo 1 suíte com closet, sacada com churrasqueira e fechada com vidro tipo reiki, sala com sofá, painel para TV, mesa de jantar com cadeiras, cozinha com móveis planejados, área de serviço, escritório, banheiro social com box de vidro, despensa.",apartamento,https://www.chavesnamao.com.br/imovel/apartamento-para-alugar-2-quartos-com-garagem-sc-florianopolis-balneario-RS10900/id-13344481/,balneario,11723.0,1656079.08,8280.395400000001,-0.2936624242941226
64,12000,690.0,122.0,3,3,2,"Rua Osvaldo Cruz, 345",-27.58073,-48.58132,"Apartamento mobiliado no Balneário do Estreito com 122m² de área privativa.  Imóvel sala estar e jantar, sacada ampla com churrasqueira gourmet e vista livre para a Beira-mar Continental, cozinha grande com móveis planejados e eletros, 3 quartos ( planta original com 4 quartos), sendo 1 suíte com closet , móveis planejados, 3 banheiros, piso porcelanato, aquecimento de água e gás, ar condicionado, vaga dupla de garagem e hobby box.   Agende já uma visita através do nosso plantão de vendas pelo telefone (48)   ou pelo whatsapp (48) 9 . Aguardamos seu contato!   SOBRE O BAIRRO: Localizado na parte Continental de Florianópolis, o Bairro do Estreito cruza por baixo da Ponte Hercílio Luz (cartão postal do Estado de Santa Catarina) e oferece vista para toda a Baía Norte e para o Centro da Cidade. Uma mescla de grandes condomínios residenciais com uma infinidade de opções em termos de comércio e lazer. É onde está, dentre outras instituições, o Estádio Orlando Scarpelli, casa do Figueirense Futebol Clube, a Igreja Nossa de Fátima e diversos órgãos públicos, como o Detran, o 63º Batalhão de Infantaria, o Hospital Florianópolis e a Policlínica 24 horas. A Avenida Beira-Mar Continental, que se estende por todo o Bairro, é um dos melhores locais para lazer e para a prática de esportes ao ar-livre da Cidade de Florianópolis.   EMPRESA: Na Invista, você encontra uma equipe altamente qualificada e dedicada a te guiar na jornada de encontrar o imóvel ideal. Com mais de 14 anos de experiência, construímos uma sólida reputação de satisfação e amizade com nossos clientes. Nossa carteira de imóveis conta com mais de 3000 unidades, com diversas opções para atender às suas necessidades e orçamento Nossa loja está situada na Av. Gov. Ivo Silveira n° 464, oferecendo fácil acesso e comodidade para você.  Venha nos visitar e tomar um café conosco, teremos o prazer de te apresentar as melhores opções de imóveis na Ilha e no Continente. Temos o imóvel perfeito para você!",apartamento,https://www.chavesnamao.com.br/imovel/apartamento-para-alugar-3-quartos-com-garagem-sc-florianopolis-balneario-159m2-RS12000/id-22405458/,balneario,12690.0,1787815.22,8939.0761,-0.2955810795902285
65,14000,0.0,420.0,5,6,4,"Rua Abelardo Luz, 193",-27.5776315,-48.586848,"Ampla Casa de 2 pavimentos com 340m² localizada no Balneário do Estreio, em ótima localização próximo de escolas, supermercados, bancos, clínicas médicas e comercio em geral. Imóvel semi mobiliado com 4 salas , cozinha, área de serviço, lavabo, lavanderia, quintal com edícula e churrasqueira, 5 dormitórios sendo 2 suítes, sol da manhã e tarde, piso cerâmico e 4 vagas de garagem ( 2 cobertas e 2 descobertas). Agende já uma visita através do nosso plantão de vendas pelo telefone (48)   ou pelo whatsapp (48) 9   Aguardamos seu contato! Será ainda de responsabilidade do locatário, o pagamento de seguro incêndio, energia elétrica, água e demais encargos. Sobre o valor do condomínio, poderá haver fundo de reserva e rateio, que serão pagos pelo locatário, podendo ser ressarcidos posteriormente. Estas informações são de responsabilidade do proprietário e poderão ser alteradas a qualquer momento. Os valores anunciados de Condomínio, IPTU, Laudêmio, TCRS e outras taxas que por ventura venham a incidir sobre este imóvel são aproximados. Solicite o valor atualizado. A visualização de mobília nas imagens não significa que o mesmo será comercializado mobiliado. EMPRESA: A Invista conta com profissionais especializados no mercado imobiliário e possui duas lojas, a Matriz no Centro e uma Filial no Estreito, em pontos nobres com estacionamento. Temos mais de 12 anos de experiência sempre satisfazendo nossos clientes e fazendo amigos. Nossa pauta possui mais de 3.000 imóveis com diversas opções na Ilha e no Continente. Venha tomar um café conosco e conferir o que temos de melhor pra você.",casa,https://www.chavesnamao.com.br/imovel/casa-para-alugar-5-quartos-com-garagem-sc-florianopolis-balneario-420m2-RS14000/id-17507729/,balneario,14000.0,,,
66,15000,550.0,190.0,,,,"Avenida Santa Catarina, 1197",-27.58265,-48.58522,"Loja com 190m² de área privativa, localização privilegiada em rua de grande fluxo de pedestres e carros, venha visitar e faça a sua proposta.  Agende uma visita e conheça seu novo imóvel! Dalton Andrade Imóveis - Sua garantia imobiliária. Contato: Loja Centro: (48)   Loja Trindade: (48)   ",ponto-comercial,https://www.chavesnamao.com.br/imovel/ponto-comercial-para-alugar-sc-florianopolis-balneario-190m2-RS15000/id-18558148/,balneario,15550.0,,,
67,60000,0.0,1.932,,,,"Rua Coronel Pedro Demoro - Lado íMpar, 1694",-27.5831139,-48.5829895,"Galpão com 1.932 metros em Avenida Movimentada do Balneário Estreito de Florianópolis. Locação sem burocracia, precisa ter renda compatível.",galpao,https://www.chavesnamao.com.br/imovel/galpao-para-alugar-sc-florianopolis-balneario-RS60000/id-11899404/,balneario,60000.0,,,
68,120000,0.0,3.009,,1,,"Rua Coronel Pedro Demoro, 1466",-27.5834958,-48.5826246,"Galpão com 3.009m²! Possui excelente e amplo espaço.   O bairro Balneário está localizado na parte continental de Florianópolis, voltado para o canal da Baía Norte, distante apenas 6,5 km do centro da cidade. Possui um grande fluxo de pedestres. Ideal pra você que quer abrir ou expando seu imóvel.",ponto-comercial,https://www.chavesnamao.com.br/imovel/ponto-comercial-para-alugar-1-sala-sc-florianopolis-balneario-3009m2-RS120000/id-20798263/,balneario,120000.0,,,
69,4900,0.0,154.0,,1,1,"Avenida Santa Catarina, 1274",-27.582037,-48.5846017,"Casa comercial na melhor localização do bairro Estreito! Possui Com 154.81m² de área privativa e 216m² de área total, 5 salas com ótimo espaço, banheiro social e área externa ampla com churrasqueira. Ótima oportunidade para quem busca um imóvel para aluguel em uma localização privilegiada. Agende sua visita! Localizado em ótimo bairro, próximo a supermercados, lojas, panificadoras, farmácias e ao diversificado comércio, além do intenso fluxo de pedestres e veículos. Fácil acesso às principais vias, ao transporte coletivo e aos bairros vizinhos.",casa,https://www.chavesnamao.com.br/imovel/casa-para-alugar-com-garagem-sc-florianopolis-balneario-216m2-RS4900/id-2489097/,balneario,4900.0,,,
70,700,289.0,25.0,,1,,"Rua Coronel Pedro Demoro, 1793",-27.58408,-48.58161,"Sala Comercial de 25m² de área privativa, semi mobiliada com 1 banheiro, localizada no Estreito em rua movimentada próximo a academia, posto de gasolina, casas do pintor e outros comércios do bairro.  Agende já uma visita através do nosso plantão de vendas pelo telefone (48)   ou pelo WhatsApp (48) 9 . Aguardamos seu contato!  Será ainda de responsabilidade do locatário, o pagamento de seguro incêndio, energia elétrica, água e demais encargos. Sobre o valor do condomínio, poderá haver fundo de reserva e rateio, que serão pagos pelo locatário, podendo ser ressarcidos posteriormente. Estas informações são de responsabilidade do proprietário e poderão ser alteradas a qualquer momento. Os valores anunciados de Condomínio, IPTU, Laudêmio, TCRS e outras taxas que por ventura venham a incidir sobre este imóvel são aproximados. Solicite o valor atualizado. A visualização de mobília nas imagens não significa que o mesmo será comercializado mobiliado.  EMPRESA: A Invista conta com profissionais especializados no mercado imobiliário e possui duas lojas, a Matriz no Centro e uma Filial no Estreito, em pontos nobres com estacionamento. Temos mais de 14 anos de experiência sempre satisfazendo nossos clientes e fazendo amigos. Nossa pauta possui mais de 3000 imóveis com diversas opções na Ilha e no Continente. Venha tomar um café conosco e conferir o que temos de melhor pra você.",ponto-comercial,https://www.chavesnamao.com.br/imovel/sala-comercial-para-alugar-1-sala-sc-florianopolis-balneario-28m2-RS700/id-20040061/,balneario,989.0,,,
71,75000,0.0,1.932,,9,1,"Rua Coronel Pedro Demoro, 1694",-27.58446,-48.58069,"Apresentamos um galpão industrial excepcional, estrategicamente localizado no dinâmico bairro Estreito. Com generosos 1932m2 de espaço versátil, esta propriedade oferece uma solução completa para empresas que buscam uma infraestrutura moderna e ampla.  Área Total: Com uma vasta extensão de 1932m2, este galpão proporciona um espaço amplo e flexível para diversas finalidades industriais ou comerciais.  Localização Estratégica: Situado no coração do Estreito, o galpão possui fácil acesso a importantes vias, facilitando a logística de distribuição e a conexão com outros pontos comerciais da região.  Escritórios e Áreas Administrativas: Além do espaço de produção, o galpão inclui áreas dedicadas para escritórios e operações administrativas. Isso oferece uma solução completa para empresas que buscam integrar todas as suas operações em um único local.  Ideal para: &bull;Armazenagem e Distribuição; &bull;Manufatura e Produção; &bull;Centros Logísticos; &bull;Empresas em Crescimento; &bull;Escola e Faculdade; Esta é uma oportunidade única de estabelecer sua operação em um local estratégico, proporcionando eficiência operacional e acesso facilitado ao mercado. Agende uma visita hoje e descubra como este galpão pode impulsionar o crescimento de sua empresa.  No prédio/Galpão existem muitos outros detalhes que não está ilustrado nas imagens, marcando sua visita, você irá conhecer todos os cômodos do imóvel.  Consultar maiores informações com o corretor: Vinicius Veloso (48)9      Chave do anúncio: FNC7pkRLt1oTaX5L",galpao,https://www.chavesnamao.com.br/imovel/galpao-para-alugar-com-garagem-sc-florianopolis-balneario-1932m2-RS75000/id-18124013/,balneario,75000.0,,,
72,1500,450.0,29.0,,,1,"Avenida Santa Catarina, 1197",-27.58265,-48.58522,"Excelente sala comercial nova com 30m² de área privatia, banheiro, condomínio conta com estrutura moderna. Um empreendimento comercial com design diferenciado e de alto padrão construtivo, com modernas salas funcionais, inspirado nas maiores capitais internacionais e em região estratégica. Localizado no Estreito, com fácil acesso a BR 101 e ao Centro.  Condomínio com áreas comuns para o uso corporativo, possui hall de entrada com pé-direito duplo e acesso pela alameda, espaço reversível para auditório ou co-working, ambiente para reuniões e encontros corporativos e lounge no ático com vista panorâmica.",ponto-comercial,https://www.chavesnamao.com.br/imovel/sala-comercial-para-alugar-com-garagem-sc-florianopolis-balneario-29m2-RS1500/id-20458535/,balneario,1950.0,,,
73,6800,0.0,400.0,5,5,3,"Servidão Timóteo José Mariano, 241",-27.57724,-48.42532,"Espaçosa casa para alugar em Barra da Lagoa com 400M² e 5 dormitórios, sendo 3 suítes. O imóvel conta ainda com 2 salas espaçosas ,cozinha com móveis planejados, área de serviço, banheiro social e lavabo, ampla área de churrasqueira. Garagem coberta para 3 carros e mais 2 carros sem cobertura, 50 metros do canal da barra da Lagoa , com rampa para lancha coletiva . Ótima opção para famílias grandes. Localizada em rua tranquila, próximo a comércios locais. Aproveite essa oportunidade!",casa,https://www.chavesnamao.com.br/imovel/casa-para-alugar-5-quartos-com-garagem-sc-florianopolis-barra-da-lagoa-RS6800/id-20164092/,barra-da-lagoa,6800.0,,,
74,11600,250.0,140.0,,1,,"Rodovia Jornalista Manoel de Menezes, 631",-27.60587,-48.44037,"Excelente loja comercial com aproximadamente 140 metros e linda vista. Anteriormente restaurante / PUB bar, com cozinha adaptada. Loja toda mobiliada com splits e mobília. Terraço externo com linda vista para a Praia Mole, o local está pronto para uso. No melhor ponto da Praia Mole, com vista panorâmica privilegiada Agende sua visita com o corretor licenciado ao lado.",ponto-comercial,https://www.chavesnamao.com.br/imovel/ponto-comercial-para-alugar-sc-florianopolis-barra-da-lagoa-160m2-RS11600/id-20340182/,barra-da-lagoa,11850.0,,,
75,16300,0.0,300.0,3,2,,"Rodovia Jornalista Manoel de Menezes, 631",-27.60587,-48.44037,"Auxiliadora Predial agência Lagoa da Conceição, aluga chalé Manacás, localizado na Praia Mole a 150m² da beira do mar, composto de 3 quartos sendo 01 suíte máster com banheira e closet, todos os quartos possuem ar-condicionado e sacada individual, cama queen na suíte, cozinha completa integrada com sala de estar e jantar, sala de jantar com lareira sofá e sacada com vista para a lagoa da conceição, possui ainda pequeno pátio com churrasqueira. O Chale Manacás está localizado dentro de uma pousada, que conta com piscina, espaço para home office, salão de festas para seu evento, entre outras utilidades com conexão com a natureza e a proximidade com a praia o imóvel se destaca. Agende uma visita com um de nossos consultores e venha conhecer.",casa,https://www.chavesnamao.com.br/imovel/casa-para-alugar-3-quartos-sc-florianopolis-barra-da-lagoa-300m2-RS16300/id-21892539/,barra-da-lagoa,16300.0,,,
76,1800,0.0,45.0,,1,2,"Rodovia João Gualberto Soares - De 17001/17002 Ao Fim, 17317",-27.57214,-48.43426,"Sobre Loja, com aproximadamente 45m², com cozinha montada, ideal pra ramo alimentício.  Todos os móveis permanecem ficam no imóvel mas, existe a possibilidade de negociar.   Situada em Rodovia (João Gualberto Soares/ Barra da Lagoa), bastante movimentada o ano todo, faz ligação entre vários bairros e praias do Leste e Norte da Ilha de Florianópolis.    Próximo a comércios, supermercado, ótimo ponto para seu negócio.  Taxa de IPTU, àgua e luz é dividida entre as lojas.   Agende sua visita 48     ",ponto-comercial,https://www.chavesnamao.com.br/imovel/ponto-comercial-para-alugar-com-garagem-sc-florianopolis-barra-da-lagoa-45m2-RS1800/id-22220437/,barra-da-lagoa,1800.0,,,
77,27000,0.0,85.0,2,3,1,"Rodovia Jornalista Manoel de Menezes, 454-E",-27.60703,-48.44078,"Alugo casa pra temporada somente o 1º piso (térreo) pra 4 pessoas c/ duas (2) suítes c/ ar condicionado, sendo 1 suíte c/ banheira de hidromassagem, duas (2) cama box d casal, + 1 banheiro social, garagem, wi-fi, tv 70  cozinha planeja, c/ churrasqueira e deck c/ vista panorâmica pra Lagoa da Conceição, localizada no morro da praia Mole, ambiente c/ muita luz natural, arejado e arborizado em meio a natureza. localizada em uma das praias mais valorizadas da Ilha, a Praia Mole, localizada próxima à charmosa av. das Rendeiras e Lagoa da Conceição, ideal para quem procura viver em meio a natureza (arejado e arborizado), c/ conforto, segurança e tranquilidade, c/ vista panorâmica p/ Lagoa da Conceição.",casa,https://www.chavesnamao.com.br/imovel/casa-para-alugar-2-quartos-com-garagem-sc-florianopolis-barra-da-lagoa-85m2-RS900/id-10048584/,barra-da-lagoa,27000.0,,,
78,2800,0.0,58.0,2,1,1,"Rodovia João Gualberto Soares, 17446",-27.5831269,-48.4360774,"  Casa Térrea na Barra da Lagoa   -Encante-se com esta casa térrea aconchegante na Barra da Lagoa! -Conta com 2 dormitórios equipados com ar-condicionado split, uma ampla sala de estar, cozinha moderna, 1 banheiro social e 1 vaga de garagem descoberta, este imóvel é perfeito para quem busca conforto e praticidade. -Localizada em uma região privilegiada, com fácil acesso às praias da Barra da Lagoa e do Norte da Ilha. - Imóvel esta passando por pintura. -Não aceita PET pois o terreno e compartilhado. -Seguro Incêndio ANUAL R$173,10 -IPTU mensal R$41,50 -LOCAÇÃO SOMENTE PARTE INFERIOR.  Não perca a oportunidade de viver nesse refúgio tranquilo! Agenda sua visita (48)  .  ",casa,https://www.chavesnamao.com.br/imovel/casa-para-alugar-2-quartos-com-garagem-sc-florianopolis-barra-da-lagoa-58m2-RS2800/id-19975014/,barra-da-lagoa,2800.0,,,
79,5730,414.0,62.0,,1,2,"Rodovia José Carlos Daux, 0",-27.54878,-48.49887,"No Square Sc 401 Sala comercial com 62m2 e Duas Vagas na Garagem.  Na melhor posição, tem frente rua e vista mar. Recepção, Banheiro e Copa. Ampla Sala principal muito bem iluminada e arejada, vista livre sobre SC401. Um ambiente excelente para seus negócios.  Uma área de 154 mil m² às margens da SC-401 para você usufruir com total conforto, qualidade e praticidade para o seu dia a dia, seja a trabalho ou a lazer.   Mescla a ampla área verde com uma infraestrutura moderna e funcional, com 7 torres, Centro de Eventos com auditório, salas externas e abertas, em meio à natureza, anfiteatro, comércios, restaurantes e diversos serviços para você ter tudo o que você precisa no mesmo lugar.  Localização privilegiada, próximo aos principais bairros de Florianópolis.   Características do centro empresarial:  Gerador de energia e rede wifi para todas as áreas comuns Sistema de automação condominial  Sistema de monitoramento CTV e segurança 24h. Auditório  Salas de reuniões interna, externas e sala para videoconferência Praça central com lojas e restaurantes Anfiteatro  Redários e mirante Estacionamento no subsolo   Cercadas por um exuberante paisagismo, esse projeto sustentável e tecnológico forma o maior centro empresarial de Florianópolis.    gt; gt; gt; Estas informações são de responsabilidade do proprietário e poderão ser alteradas a qualquer momento. A visualização de mobília nas imagens não significa que o mesmo será comercializado mobiliado (consulte sempre um dos nossos corretores). Pronto para morar.   gt; gt; gt; Os valores de condomínio e taxas são aproximados.  Além do aluguel, será de responsabilidade do locatário o pagamento do condomínio mais as despesas ordinárias, IPTU, Coleta de lixo, Imposto de marinha (SPU), Seguro incêndio(incluindo vendaval, danos elétricos, hidráulicos, responsabilidade civil, conteúdo bens do locador), energia elétrica e demais encargos. lt; lt; lt;",ponto-comercial,https://www.chavesnamao.com.br/imovel/sala-comercial-para-alugar-com-garagem-sc-florianopolis-saco-grande-RS5730/id-19967305/,barra-da-lagoa,6144.0,,,
80,8000,1700.0,171.0,3,4,2,"Governador Irineu Bornhausen, 3770",-27.5749842,-48.54107399999998,"Apartamento de 3 quartos e 2 suítes, uma delas com closet, para aluguel em Agronômica, Florianópolis. Possui área privativa de 171.73m², área total de 201.28m². Ótima localização, próximo ao Beiramar Shopping. O apartamento é mobiliado, oferece também área de serviço, churrasqueira, cozinha, hobbybox, piso porcelanato e laminado, sacada, sala de jantar e 2 salas. 2 vagas de garagem. Entre em contato para mais informações.",apartamento,https://www.chavesnamao.com.br/imovel/apartamento-para-alugar-3-quartos-com-garagem-sc-florianopolis-beira-mar-201m2-RS8000/id-3938286/,beira-mar,9700.0,3145793.27,15728.96635,0.6215429226804123
81,8500,0.0,280.0,3,4,2,"Mario Pereira, 80",-27.57701,-48.54018,"Casa residencial com 280m²!! Possui 3 dormitórios sendo 2 suítes, oferece sala ampla e bem arejada, cozinha totalmente planejada, área de serviço, banheiro social com box de vidro, piso cerâmico e Garagem. Excelente e extensa área externa com churrasqueira e piscina.",casa,https://www.chavesnamao.com.br/imovel/casa-para-alugar-3-quartos-com-garagem-sc-florianopolis-beira-mar-RS8500/id-13639549/,beira-mar,8500.0,,,
82,8500,1300.0,151.0,2,3,2,"Governador Irineu Bornhausen, 3440",-27.57704,-48.52512,"Apartamento mobiliado com 2 suítes sendo 1 delas com closet, sala ampla com sacada com linda vista para o mar, cozinha planejada, área de serviço, dependência, banheiro de serviço, piso porcelanato, ambientes climatizados e 2 vagas de garagem.   A Agronômica é muito rica em espaços públicos de lazer. O principal deles é a orla da Avenida Beira Mar Norte, com ciclovia, um imenso calçadão com academias de ginástica ao ar livre, bancos e quiosques.",apartamento,https://www.chavesnamao.com.br/imovel/apartamento-para-alugar-2-quartos-com-garagem-sc-florianopolis-beira-mar-151m2-RS8500/id-9204856/,beira-mar,9800.0,2283860.12,11419.3006,0.16523475510204078
83,9500,1789.0,123.0,3,2,2,"Felipe Godinho E Silva, 30",-27.57664,-48.54057,"Excelente apartamento para aluguel no empreendimento VILLA CELIMONTANA, localizado na travessa felipe godinho e silva, Agronomica, Florianópolis. Com 3 quartos, sendo 1 suíte, 2 banheiros sociais, 2 vagas de garagem. O imóvel possui área privativa de 123.97m² e área total de 209.83m². Possui acesso para deficientes físicos, ar condicionado tipo split, churrasqueira, cozinha com armários, hobbybox, sacada, semi mobiliado.",apartamento,https://www.chavesnamao.com.br/imovel/apartamento-para-alugar-3-quartos-com-garagem-sc-florianopolis-beira-mar-209m2-RS9500/id-21069572/,beira-mar,11289.0,3052450.0,15262.25,0.351957657897068
84,16900,2880.0,283.0,3,2,3,"Governador Irineu Bornhausen, 3400",-27.58913,-48.51686,"Condomínio possui apenas 1 unidade por andar, salão de festas, academia e piscina.  Super bem localizado, na Avenida Beira Mar Norte, a poucos metros da Praça Governador Celso Ramos. Próximo ao Shopping Beiramar, e com fácil acesso a supermercados, escolas, padarias, academias e farmácias.",apartamento,https://www.chavesnamao.com.br/imovel/apartamento-para-alugar-3-quartos-com-garagem-sc-florianopolis-beira-mar-283m2-RS16900/id-19513349/,beira-mar,19780.0,8683540.0,43417.700000000004,1.1950303336703745
85,23000,4200.0,315.0,3,4,1,"Governador Irineu Bornhausen, 3600",-27.57704,-48.52512,"Residencial La Perle Beira Mar, um empreendimento sem igual em Florianópolis com fantástica vista para o mar - Alto Padrão. A poucos minutos do Shopping Beiramar e do Centro, em frente à ciclovia e pista de caminhada.",apartamento,https://www.chavesnamao.com.br/imovel/apartamento-para-alugar-3-quartos-com-garagem-sc-florianopolis-beira-mar-RS23000/id-7436337/,beira-mar,27200.0,4557016.35,22785.081749999998,-0.1623131709558825
86,24990,2070.0,220.0,4,5,5,"Comandante Constantino Nicolau Spyrides, 4152",-27.5742341,-48.5399752,"Excelente apartamento com 4 dormitórios sendo 3 suítes, 1 delas com Hidro. Área privativa de 220m² e área total de 279m². Possui sala ampla e bem arejada, banheiro social e 5 vagas de garagem. O imóvel conta com churrasqueira, cozinha área de serviço, dependência, hobby box, lavabo, piso em porcelanato e sacadas com belíssima vista para o mar. Ótima localização na Agronômica, próximo ao bairro Beiramar e com fácil acesso à Avenida Beira Mar Norte. Não perca essa oportunidade, agende uma visita!",apartamento,https://www.chavesnamao.com.br/imovel/apartamento-para-alugar-4-quartos-com-garagem-sc-florianopolis-beira-mar-279m2-RS24990/id-2314347/,beira-mar,27060.0,8990247.7,44951.2385,0.6611691980783445
87,25000,5000.0,315.0,3,4,1,"Governador Irineu Bornhausen, 3600",-27.57704,-48.52512,"O imóvel conta com 3 suítes, acesso para deficientes físicos e área privativa de 315m². Além disso, o condomínio oferece uma infraestrutura completa com brinquedoteca, elevador, espaço gourmet, piscinas, sala fitness, entre outros. Não perca essa chance, entre em contato para mais informações!",apartamento,https://www.chavesnamao.com.br/imovel/apartamento-para-alugar-3-quartos-com-garagem-sc-florianopolis-beira-mar-RS25000/id-20353913/,beira-mar,30000.0,4557016.35,22785.081749999998,-0.24049727500000007
88,3000,900.0,82.0,2,1,1,"Frei Caneca, 218",-27.58128,-48.54288,"Apartamento com 2 quartos sendo 1 suíte, sala, cozinha com armários, área de serviço, lavabo, banheiro social.",apartamento,https://www.chavesnamao.com.br/imovel/apartamento-para-alugar-2-quartos-com-garagem-sc-florianopolis-beira-mar-RS3000/id-11120608/,beira-mar,3900.0,1768888.44,8844.4422,1.2678056923076921
89,4200,1153.0,108.0,3,2,1,"Frei Caneca, 210",-27.5815044,-48.5433058,"Apartamento semi mobiliado para alugar no na Rua Frei Caneca, Agronômica, com 108,21m² de área privativa e 3 dormitórios sendo 1 suíte. O imóvel conta ainda com sala ampla, sacada, cozinha com móveis planejados, área de serviço, dependência, banheiro de serviço, banheiro social com box de vidro, 1 vaga de garagem e uma linda vista para mar! Ótima localização com facilidade de acesso. Agende uma visita!",apartamento,https://www.chavesnamao.com.br/imovel/apartamento-para-alugar-3-quartos-com-garagem-sc-florianopolis-beira-mar-137m2-RS4200/id-1954496/,beira-mar,5353.0,1648690.56,8243.452800000001,0.5399687651784049
90,2450,590.0,47.0,,2,1,"Sidney Nocetti, 62",-27.57625,-48.54054,"Oportunidade única de alugar uma sala comercial no CENTRO EXECUTIVO BAÍA NORTE, localizada na Rua Sidney Nocetti, 62 - sala 603, no bairro Agronômica em Florianópolis. Com 47m² de área privativa, 2 banheiros sociais, 1 vaga de garagem. Próximo à Beiramar, essa sala é ideal para quem busca uma localização estratégica.   Agende já uma visita!",ponto-comercial,https://www.chavesnamao.com.br/imovel/sala-comercial-para-alugar-3-salas-com-garagem-sc-florianopolis-beira-mar-RS2450/id-22118560/,beira-mar,3040.0,,,
91,28000,4000.0,316.0,3,5,3,"Governador Irineu Bornhausen, 3600",-27.57704,-48.52512,"Oportunidade imperdível de aluguel de apartamento na região mais cobiçada e valorizada de Florianópolis: a Avenida Beira Mar Norte!  O imóvel de alto padrão possui 316 m² e conta com 3 suítes (sendo 1 master), sacada com vista cinematográfica para a Avenida Beira Mar Norte, ampla sala com lareira e lavabo, cozinha com móveis planejados e despensa, ampla área de serviço com banheiro de serviço e 3 vagas de garagem cobertas.  Não perca a oportunidade de morar em um dos cartões postais de Florianópolis em um apartamento de alto padrão! Agende agora mesmo sua visita!",apartamento,https://www.chavesnamao.com.br/imovel/apartamento-para-alugar-3-quartos-com-garagem-sc-florianopolis-beira-mar-471m2-RS28000/id-2081122/,beira-mar,32000.0,6353320.0,31766.600000000002,-0.007293749999999877
92,6000,0.0,261.0,2,3,2,"Rua Antônio Filomeno, 110",-27.6143,-48.5965,"Casa para aluguel localizada na Rua Antônio Filomeno, no Bairro Bom Abrigo em Florianópolis. Com 2 dormitórios, sendo 2 suítes, banheiro social com box de vidro, área de serviço, área de churrasqueira, cozinha com armários, lavabo, piscina, sacada e sala de jantar, jardim e portão eletrônico. Possui 2 vagas de garagem e área total de 261m². Excelente localização próxima a comércios e serviços. Destaque para a proximidade da praia. Agende uma visita! POSSUI UM APTO DO LADO DIREITO, NA PARTE DE CIMA, QUE NÃO FARÁ PARTE DA LOCAÇÃO.   ALGUNS ITENS NÃO FAZEM PARTE DA LOCAÇÃO*****",casa,https://www.chavesnamao.com.br/imovel/casa-para-alugar-2-quartos-com-garagem-sc-florianopolis-bom-abrigo-261m2-RS6000/id-21860657/,bom-abrigo,6000.0,,,
93,1120,770.0,28.0,,1,1,"Rua Santos Saraiva, 840",-27.59385,-48.58093,"Sala comercial de 28m2, dividida em dois ambientes, com split, 1 bwc e 1 garagem privativa. O condominio possui portaria, câmeras de vigilância, 2 elevadores e estacionamento para visitantes. Fica próximo ao comércio em geral. De fácil acesso, bem localizado e a poucos minutos do Centro. Valor do aluguel: R$ 1120,00 + taxa condomínio + iptu  Taxa condomínio: R$ 770,00, já descontados rateios IPTU: R$ 400,00 Necessário caução de 2 aluguéis. Aceitamos propostas!  ",ponto-comercial,https://www.chavesnamao.com.br/imovel/sala-comercial-para-alugar-1-sala-com-garagem-sc-florianopolis-estreito-28m2-RS1120/id-20700428/,bom-abrigo,1890.0,,,
94,5000,2189.0,310.0,,3,6,"Rua Santiago Dantas, 61",-27.5922668,-48.5810212,"A loja ideal de 310m² para o seu negócio! Possui 02 ambientes amplos, (mezanino), excelente iluminação, 03 lavabos, 06 vagas de estacionamento cobertas e piso cerâmico, possui acessibilidade e portaria 24 horas com circuito de TV.  O imóvel situa-se no bairro Estreito que está localizado na parte continental do município de Florianópolis e é o mais próximo da Ilha de Santa Catarina. Trata-se de uma região bastante dinâmica, pois mescla grandes condomínios e prédios residenciais com uma verdadeira infinidade de opções em termos de comércio e lazer, além de um grande fluxo de pedestres e veículos.   Pontos de referência: Próximo à Ibagy Imóveis Agência Continente.",ponto-comercial,https://www.chavesnamao.com.br/imovel/ponto-comercial-para-alugar-2-salas-com-garagem-sc-florianopolis-estreito-363m2-RS5000/id-1402865/,bom-abrigo,7189.0,,,
95,12000,0.0,226.0,6,3,3,"Rua Álvaro Cardoso, 69",-27.59112,-48.57937,"Oportunidade imperdível, apenas um aluguel por 2 casas lindas, perfeito para você que quer dar independência para sua família e sem sair de perto deles. A casa conta com espaço que pode ser usados por todos moradores, com piscina, churrasqueira, em um espaço amplo com 230m2. 06 dormitórios, 03 banheiros, 03 vagas de garagem, aceita-se Pets.  Agende já sua visita! Vinícius Ronconi (48)    As informações estão sujeitas a alterações. Consulte o corretor responsável.    Chave do anúncio: u1XDxtvjLt7BcDlU",casa,https://www.chavesnamao.com.br/imovel/casa-para-alugar-6-quartos-com-garagem-sc-florianopolis-estreito-226m2-RS12000/id-20904688/,bom-abrigo,12000.0,,,
96,1200,480.0,37.0,,,1,"Rua Souza Dutra, 145",-27.5922055,-48.5775211,"Se você está em busca de um espaço comercial para locação no bairro Estreito em Florianópolis-SC, temos a opção perfeita para você. Este sala andar comercial possui uma área privativa de 37m2, ideal para atender às necessidades do seu negócio.  Localizado em um condomínio com portaria 24 horas, este imóvel oferece segurança e comodidade para você e seus clientes. Além disso, sua localização privilegiada permite fácil acesso a diversos estabelecimentos, como academia, banco, farmácia, igreja, padaria e praça.  Entre em contato conosco através do formulário disponível no site e agende uma visita para conhecer pessoalmente este imóvel.  Móveis serão retirados;  Valores: Aluguel bruto R$ 1.500,00 Aluguel liquido R$ 1.200 (Pagamento até a data de vencimento do aluguel) Taxa de IPTU e lixo juntos. Seguro Incêndio a cotar  Entre em contato com a Agente imobiliário: Vinicius Veloso 48 9 ﻿    Chave do anúncio: RcRWlpgCA2Ne0lPR",ponto-comercial,https://www.chavesnamao.com.br/imovel/sala-comercial-para-alugar-1-sala-com-garagem-sc-florianopolis-estreito-37m2-RS1200/id-6003574/,bom-abrigo,1680.0,,,
97,4000,740.0,81.0,2,2,1,"Rua Afonso Pena, 399",-27.5884349,-48.5822184,"Apartamento mobiliado com 2 dormitórios sendo 1 suíte, sala ampla, sacada com churrasqueira, closet, cozinha planejada com armários, área de serviço separada e 01 vaga de garagem.  Condomínio conta com elevador, salão de festas e zeladoria.",apartamento,https://www.chavesnamao.com.br/imovel/apartamento-para-alugar-2-quartos-com-garagem-sc-florianopolis-canto-128m2-RS4000/id-20361141/,bom-abrigo,4740.0,1075332.04,5376.6602,0.13431649789029532
98,2100,0.0,59.0,3,1,,"Rua Henrique Boiteux, 291",-27.59216,-48.57403,"valor de locação: &bull;Aluguel = R$ 2.100,00 &bull;IPTU, Taxa de lixo, Condomínio, Seguro Credpago = R$ 1.200,00  Total = R$ 3.300,00  O imóvel oferece: &bull;3 dormitórios; &bull;1 banheiro social; &bull;59m2 privativos; &bull;Vaga de estacionamento.  O Condominio oferece: &bull;Salão de festas; &bull;Zeladoria.  As informações estão sujeitas a alterações. Consulte o corretor responsável.    Chave do anúncio: IdvyFjKQsGlZd4Lq",apartamento,https://www.chavesnamao.com.br/imovel/apartamento-para-alugar-3-quartos-sc-florianopolis-estreito-59m2-RS2100/id-21659958/,bom-abrigo,2100.0,820316.64,4101.5832,0.9531348571428571
99,5500,800.0,70.0,2,2,1,"Estrada Haroldo Soares Glavan, 795",-27.54039,-48.51551,"Excelente oportunidade de Locação no Cacupé.  Esta é a melhor opção para quem busca um reduto em meio à natureza, muito próximo do centro da cidade. Localizado no epicentro de umas das regiões mais desejadas de Florianópolis, o bairro está entre as pérolas gastronômicas de Santo Antônio de Lisboa e o alto padrão de João Paulo para quem busca qualidade de vida.   O imóvel conta com ambientes planejados, proporcionando uma combinação única e especial. Possui 2 dormitórios sendo 1 suíte, sala ampla, sacada com churrasqueira, cozinha, área de serviço e 01 vaga de garagem, atendendo às suas necessidades e estilo de vida.  O condomínio possui Coworking, Espaço grill, Fitness indoor/outdoor, Piscina vista mar Playground, Salão de festas com espaço gourmet, Controle de acesso digital, Gerador de energia para a segurança do condomínio, Infraestrutura para carregamento de carro elétrico, Mini Market, Reaproveitamento de água da chuva para algumas áreas comuns, Smart locker, Vagas de visitantes: carros, motos e bicicletas e Wi-fi nas áreas de lazer. Essas comodidades proporcionam momentos de lazer e diversão para você e sua família.  OBSERVAÇÃO: Prédio novo, primeira locação, valores de condomínio e taxas ainda a serem definidos. Armários e box banheiros em fase de instalação.  Agende uma visita e conheça seu novo imóvel! Dalton Andrade Imóveis - Sua garantia imobiliária. Contato: Loja Centro: (48)   Loja Trindade: (48)   ",apartamento,https://www.chavesnamao.com.br/imovel/apartamento-para-alugar-2-quartos-com-garagem-sc-florianopolis-cacupe-70m2-RS5500/id-20967525/,cacupe,6300.0,1158906.35,5794.531750000001,-0.08023305555555538
100,6000,0.0,200.0,3,3,1,"Rodovia Haroldo Soares Glavan, 1467",-27.54409,-48.52208,"Excelente casa em Cacupé de 02 andares, de frente para o mar, pé na areia, com 03 dormitórios, sendo 01 suíte com sacada, cozinha, sala de jantar, sala de tv, sala na parte superior lavabo, despensa, edícula, área com churrasqueira, piso cerâmico. Casa totalmente mobiliada.",casa,https://www.chavesnamao.com.br/imovel/casa-para-alugar-3-quartos-com-garagem-sc-florianopolis-cacupe-400m2-RS6000/id-18657281/,cacupe,6000.0,,,
101,4000,0.0,220.0,3,2,3,"Rodovia Haroldo Soares Glavan, 1419",-27.543500900268555,-48.52123260498047,"***VALORES PARA PAGAMENTO EM DIA***  Casa de 03 dormitórios, com edícula, garagem para 03 carros, em Cacupé, ao lado do SESC e do mar. Aceita apenas um animal de pequeno porte.  Excelente localização, próximo ao Centro Administrativos, Parque Tecnológico, Centro Empresarial Corporate Park, Square Corporate e Universidades.",casa,https://www.chavesnamao.com.br/imovel/casa-para-alugar-3-quartos-com-garagem-sc-florianopolis-cacupe-360m2-RS4000/id-450739/,cacupe,4000.0,,,
102,2100,0.0,40.0,1,1,1,"Rodovia Haroldo Soares Glavan, 1467",-27.543994903564453,-48.522308349609375,"VALOR PARA PAGAMENTO EM DIA  Linda casa em terreno arborizado com árvores frutíferas, com um dormitório, banheiro e cozinha, em região tranquila e ao lado da praia e calçadão do Cacupé.   Próxima à SC401 e ao SESC Cacupé, o bairro tem fácil acesso ao Centro e às praias do Norte.  ESSE IMÓVEL NÃO ACEITA PETS.",casa,https://www.chavesnamao.com.br/imovel/casa-para-alugar-1-quarto-com-garagem-sc-florianopolis-cacupe-120m2-RS2100/id-3655808/,cacupe,2100.0,,,
103,6000,0.0,70.0,3,1,10,"Rodovia Baldicero Filomeno, 8850",-27.7307,-48.5621,"Casa pé na Areia localizada no Ribeirão da Ilha.   Casa principal com sala cozinha, 3 quartos, banheiro social e área de serviço   Lavanderia com acesso a praia própria para banho, pesca e esportes aquáticos.  Terreno com 400 mil metros quadrados sendo 6 mil metros quadrados na área da praia.  Agende já uma visita através do nosso plantão de vendas pelo telefone (48)   ou pelo WhatsApp (48) 9  . Aguardamos seu contato!   Será ainda de responsabilidade do locatário, o pagamento de seguro incêndio, energia elétrica, água e demais encargos. Sobre o valor do condomínio, poderá haver fundo de reserva e rateio, que serão pagos pelo locatário, podendo ser ressarcidos posteriormente. Estas informações são de responsabilidade do proprietário e poderão ser alteradas a qualquer momento. Os valores anunciados de Condomínio, IPTU, Laudêmio, TCRS e outras taxas que por ventura venham a incidir sobre este imóvel são aproximados. Solicite o valor atualizado. A visualização de mobília nas imagens não significa que o mesmo será comercializado mobiliado.   EMPRESA: Na Invista, você encontra uma equipe altamente qualificada e dedicada a te guiar na jornada de encontrar o imóvel ideal. Com mais de 14 anos de experiência, construímos uma sólida reputação de satisfação e amizade com nossos clientes. Nossa carteira de imóveis conta com mais de 3000 unidades, com diversas opções para atender às suas necessidades e orçamento Nossa loja está situada na Av. Gov. Ivo Silveira n° 464, oferecendo fácil acesso e comodidade para você.  Venha nos visitar e tomar um café conosco, teremos o prazer de te apresentar as melhores opções de imóveis na Ilha e no Continente.",casa,https://www.chavesnamao.com.br/imovel/casa-para-alugar-3-quartos-com-garagem-sc-florianopolis-ribeirao-da-ilha-3000m2-RS6000/id-19865971/,caiacanga,6000.0,,,
104,5300,0.0,137.0,4,2,1,"Rodovia Baldicero Filomeno, 11895",-27.7235832,-48.5630621,"Casa com 137m²!! Possui 4 dormitórios, sala ampla e bem arejada, cozinha com armários, área de serviço, 2 banheiros sociais, piso cerâmico e Garagem. Oferece excelente área externa, espaço privilegiado com churrasqueira, edícula com cozinha e lavabo.   Ribeirão da ilha é uma praia nobre com areia e águas limpas e quentes. A 10 minutos do Campeche e a praia da armação. Nossa praia em frente ao condomínio é só atravessar a rua e estará na areia. Praia de paz e tranquilidade, ideal pra quem não quer aglomeração.",casa,https://www.chavesnamao.com.br/imovel/casa-para-alugar-4-quartos-com-garagem-sc-florianopolis-ribeirao-da-ilha-RS5300/id-13973542/,caiacanga,5300.0,,,
105,4500,0.0,113.0,2,1,1,"Rodovia Baldicero Filomeno, 11303",-27.7234718,-48.5630745,"Excelente casa com piscina no Ribeirão da Ilha em Florianópolis!   O imóvel possui incrível localização e 113m² de área privativa. Conta com 2 dormitórios, sala com lareira, cozinha, banheiro social e 1 vaga de garagem. Além disso, possui nos fundos uma edícula com mais uma sala, área de serviço e banheiro social. Imóvel com lareira, piscina, permite animais de estimação e possui uma maravilhosa área de lazer.   Ótima oportunidade para quem busca conforto e qualidade de vida. Aproveite para morar em uma das regiões mais charmosas de Florianópolis.",casa,https://www.chavesnamao.com.br/imovel/casa-para-alugar-2-quartos-com-garagem-sc-florianopolis-ribeirao-da-ilha-RS4500/id-21987478/,caiacanga,4500.0,,,
106,2800,0.0,55.0,2,1,,"Rodovia Baldicero Filomeno, 3860",-27.7212679,-48.5641181,"Excelente casa para aluguel na Rodovia Baldicero Filomeno, localizada no charmoso bairro Ribeirão da Ilha, em Florianópolis.   Com 55m² de área privativa o imóvel conta com 2 dormitórios, sala, cozinha, área de serviço e banheiro social com box de vidro.  Próximo a comércios locais e com fácil acesso a principal avenida. Aproveite essa oportunidade e agende já a sua visita!",casa,https://www.chavesnamao.com.br/imovel/casa-para-alugar-2-quartos-sc-florianopolis-ribeirao-da-ilha-RS2800/id-21618204/,caiacanga,2800.0,,,
107,1550,0.0,50.0,1,1,1,"Rodovia Baldicero Filomeno, 1754",-27.7212201,-48.5641249,"Excelente apartamento/kitnet, com 1 quarto cozinha e área de serviço. Com ar condicionado e varanda. Rua tranquila e com acesso para todas as praias do sul da Ilha. Com fogão geladeira e armário na cozinha.  Condomínio incluso. Localizado no Ribeirão da Ilha com acesso a todos os bairros do Sul da Ilha. Vale conferir.",apartamento,https://www.chavesnamao.com.br/imovel/apartamento-para-alugar-1-quarto-com-garagem-sc-florianopolis-ribeirao-da-ilha-50m2-RS1550/id-19700624/,caiacanga,1550.0,538906.23,2694.53115,0.7384071935483869
108,2900,1070.0,65.0,2,1,1,"Rodovia Baldicero Filomeno, 836",-27.7211993,-48.5641279,"Lindo apartamento no charmoso condomínio Recanto do Ribeirão. Apartamento com 2 dormitórios que originalmente eram 03, ficou com uma sala ampla para 02 ambientes com sacada e churrasqueira, , cozinha completa, área de serviço. O imóvel possui mobília planejada em todos os ambientes. Localizado bem no início do Ribeirão da Ilha com fácil acesso ao aeroporto e praias do Sul da Ilha. Venha conhecer, agende uma visita!!",apartamento,https://www.chavesnamao.com.br/imovel/apartamento-para-alugar-2-quartos-com-garagem-sc-florianopolis-ribeirao-da-ilha-82m2-RS2900/id-22301440/,caiacanga,3970.0,638404.84,3192.0242,-0.19596367758186406
109,8990,0.0,160.0,,1,,"Rodovia Baldicero Filomeno, 7661",-27.72061,-48.56394,"Casa comercial para alugar no Ribeirão da Ilha em Florianópolis. Com área privativa de aproximadamente 160m², 5 salas, cozinha, piso cerâmico e 1 banheiro social. Localizada na Rodovia Baldicero Filomeno, a casa oferece fácil acesso a todos os pontos da cidade. Venha morar em um bairro tranquilo e com ótima infraestrutura. Agende uma visita e conheça seu novo lar.  Floripa tem vários bairros que são antigas colônias de pescadores e de imigrantes. Um dos mais antigos e tradicionais da cidade é o distrito do Ribeirão da Ilha, localizado no sul da ilha. Lá é possível encontrar casas coloridas no estilo açoriano e também muitos restaurantes de frutos do mar especializados em ostras, já que a maricultura é uma atividade muito praticada na região, com águas calmas, a praia do Ribeirão da Ilha abriga uma vila de pescadores que ainda preserva a arquitetura açoriana. O cultivo de ostras é comum na região. Local excelente para quem procura um local calmo e tranquilo junto à natureza.",casa,https://www.chavesnamao.com.br/imovel/casa-para-alugar-sc-florianopolis-ribeirao-da-ilha-RS8990/id-18382956/,caiacanga,8990.0,,,
110,4990,0.0,60.0,,1,,"Rodovia Baldicero Filomeno, 7661",-27.72061,-48.56394,"Excelente casa comercial para aluguel no bairro Ribeirão da Ilha, em Florianópolis. Com 60m² de área privativa e 2 salas, essa casa é perfeita para quem está procurando um imóvel para alugar. Possui 1 banheiro social e piso cerâmico. Localizada na Rodovia Baldicero Filomeno, a casa tem uma ótima localização. Agende uma visita e aproveite essa oportunidade!  Floripa tem vários bairros que são antigas colônias de pescadores e de imigrantes. Um dos mais antigos e tradicionais da cidade é o distrito do Ribeirão da Ilha, localizado no sul da ilha. Lá é possível encontrar casas coloridas no estilo açoriano e também muitos restaurantes de frutos do mar especializados em ostras, já que a maricultura é uma atividade muito praticada na região, com águas calmas, a praia do Ribeirão da Ilha abriga uma vila de pescadores que ainda preserva a arquitetura açoriana. O cultivo de ostras é comum na região. Local excelente para quem procura um local calmo e tranquilo junto à natureza.",casa,https://www.chavesnamao.com.br/imovel/casa-para-alugar-sc-florianopolis-ribeirao-da-ilha-RS4990/id-14847029/,caiacanga,4990.0,,,
111,7500,0.0,48.0,1,1,1,"Rua Brisamar, 142",-27.42603,-48.40152,"DISPONIVELMarço/2024. R$ 250/dia. Período minimo de 5noites. Aluguel de Temporada Beira Mar, 1 quarto, 1 banheiro. Aconchegante apartamento no 4º piso, a 80 metros da praia. Área privativa de 48,00m². Acomodação até quatro pessoas, já incluso crianças até 12 anos. Sala de estar com TV LCD. Sistema de TV a cabo net. Internet Wi-Fi Vivo Fibra. 01 Bi cama casal, Rack C/Painel. Ar cond. Split 12.000btus (Quente/Frio) e ventilador de teto. Cozinha americana com utensílios domésticos e eletrodomésticos completos. Quarto C/Cama de casal box, roupeiro, armário baixo (uso proprietária) e ventilador de teto. Criado mudo e 01 poltrona. Porta c/acesso à sacada. 01 Banheiro com bancada e gabinete completo. Sacada s/churrasqueira c/vista para o Mar. Vaga de garagem rotativa.  Condomínio com salão de jogos. Portaria remota e Lavanderia - Pay Per Use  da Omo (pay per use, quer dizer: usa e paga no ato e o pagamento será com o cartão de débito ou crédito do hóspede). Mini Mercado (Micro Market ). Área de lazer c/churrasqueiras individuais na área comum. Piscinas adulto/infantil piscina aquecida e Jacuzzi. Elevador, portaria 24 horas e câmera de vigilância. Restaurante anexo ao condomínio. Próximo a supermercados, farmácia e acesso rápido ao Centrinho dos Ingleses. *******Contém para a estadia: Roupa de Cama, mesa e Banho + 1 Guarda Sol + 02 cadeiras de praia.  *******Não permitido fumantes *******Não é permitido Animais  *******Não incluso Taxa de limpeza, lavanderia e Caução  ****Diária/Disponibilidade em ALTA TEMPORADA, Sob consulta.  ****Período mínimo de 5 noites   Favor informar nas consultas: Data de chegada/saída,  adultos e crianças até 12 anos, se houver? ********Diária atual TEMPORADA - Abril/2024 ** R$ 250/Dia Ref.: 06  valores sujeito a alteração sem aviso prévio   ",apartamento,https://www.chavesnamao.com.br/imovel/apartamento-para-alugar-1-quarto-com-garagem-sc-florianopolis-ingleses-48m2-RS250/id-16703445/,canajure,7500.0,643096.8,3215.4840000000004,-0.5712687999999999
112,8400,0.0,48.0,1,1,1,"Rua Brisamar, 140",-27.42603,-48.40152,"Diária atual TEMPORADA - Aluguel de Temporada Beira Mar, 1 quarto, 1 banheiro. acomoda até quatro pessoas, incluso criaça até 12 anos. Aconchegante apartamento no 2º piso, a 80 metros da praia. Área privativa de 48,00m². Sala de estar com TV LCD  42 . Sistema de TV a cabo Vive Fibra. Internet Wi-Fi. 01 Bi cama solteiro (2 camas), Rack C/Painel. 2 Ar cond. Split 9000btus (Quente/Frio)na (sala /quarto). Cozinha integrada com utensílios domésticos e eletrodomésticos completos. Quarto C/Cama de casal Box, móveis planejados. Portas c/acesso à sacada. 01 Banheiro com bancada e gabinete completo e espelho. Sacada fechada em vidro, sem churrasqueira com vista para o Mar. Uma vaga deGaragem rotativa.   Condomínio com Internet Wi Fi na Recepção, Salão de Jogos. Lavanderia tecnológica, Área de lazer c/churrasqueiras individuais na Área Comum. Piscinas Adulto-Infantis e Piscina aquecida. Elevador, Portaria 24 horas com acesso remoto e Câmera de vigilância.  Contém Home Market (supermercado em condomínios) no piso térreo do bloco II e Restaurante anexo. Próximo a pontos comerciais: Supermercados, Farmácias, Sorveterias, academia, acesso rápido a coletivos e ao Centrinho dos Ingleses. *******Contém para a estadia: Roupa de Cama, mesa e Banho + 1 Guarda Sol + 02 cadeiras de praia.  *******Não permitido fumante *******Não é permitido Animais  *******Não incluso Taxa de limpeza, lavanderia e Caução. Favor informar nas consultas: Data de chegada/saída,  adultos e crianças até 12 anos, se houver? ****Período mínimo de 5 noites   ***** Diária atual TEMPORADA - Abril/2024  **R$ 280/Dia ** Ref.: 25  valores sujeito a alteração sem aviso prévio   ",apartamento,https://www.chavesnamao.com.br/imovel/apartamento-para-alugar-1-quarto-com-garagem-sc-florianopolis-ingleses-48m2-RS280/id-14749209/,canajure,8400.0,643096.8,3215.4840000000004,-0.6172042857142856
113,9000,0.0,48.0,1,1,1,"Rua Brisamar, 142",-27.42603,-48.40152,"Diária atual TEMPORADA - Abril/2024. R$ 300/Dia. Período minimo de 5 noites. Aluguel de temporada Beira Mar 1 quartos, 1 banheiro. Aconchegante apartamento no 5º piso, a 80 metros da praia. Área privativa de 48,00m². Acomodação até quatro pessoas, já incluso crianças até 12 anos. Sala de estar com TV LCD  42 . Sistema de TV a cabo Vivo, Fibra. Internet Wi-Fi. 01 Bi cama solteiro (2 camas), Rack C/Painel. 2 Ar cond. Split 9000btus (Quente/Frio) e ventilador de teto nos 2 ambientes (sala /quarto). Cozinha americana com utensílios domésticos e eletrodomésticos completos. Quarto C/Cama de casal Box, móveis planejados e ventilador de teto. Armário pequeno com gaveta, tipo criado mudo com rodinhas. Portas c/acesso à sacada. 01 Banheiro com bancada e gabinete completo e espelho. Sacada aberta sem churrasqueira com vista para o Mar. Garagem privativa coberta 511.   Condomínio com Internet Wi Fi na Recepção, Salão de Jogos. Lavanderia tecnológica, Área de lazer c/churrasqueiras individuais na Área Comum. Piscinas Adulto-Infantis e Piscina aquecida. Elevador, Portaria 24 horas com acesso remoto e Câmera de vigilância.  Contém Home Market (supermercado em condomínios) no piso térreo do bloco II e Restaurante anexo. Próximo a pontos comerciais: Supermercados, Farmácias, Sorveterias, academia, acesso rápido a coletivos e ao Centrinho dos Ingleses. *******Contém para a estadia: Roupa de Cama, mesa e Banho + 1 Guarda Sol + 02 cadeiras de praia.  *******Não permitido fumantes *******Não é permitido Animais  *******Não incluso Taxa de limpeza, lavanderia e Caução  Favor informar nas consultas: Data de chegada/saída,  adultos e crianças até 12 anos, se houver  ****Período mínimo de 5 noites  **Diaria ATUAL TEMPORADA Março/2024 **R$ 300/Dia Ref: 62   valores sujeito a alteração sem aviso prévio     ",apartamento,https://www.chavesnamao.com.br/imovel/apartamento-para-alugar-1-quarto-com-garagem-sc-florianopolis-ingleses-64m2-RS300/id-14466357/,canajure,9000.0,643096.8,3215.4840000000004,-0.642724
114,12000,0.0,70.0,1,2,1,"Rua Mario Giocondo Crocetta, 122",-27.42429,-48.40317,"INDISPONIVEL até Novembro/2024 DISPONIVEL Fevereiro/2024. R$ 400/Dia. Acomoda até 5 pessoas, já incluso crianças até de 12 anos. Amplo apartamento de 2 dormitórios, sendo uma Suíte. 2º andar a 122 metros da praia. Sala de estar confortável, com Sofá Cher de 3 lugares Retrátil, Puff, TV LCD 42 e Raque. Sala de jantar c/mesa c/4 cadeiras integrada a Cozinha americana c/bancada em granito e balcão auxiliar com 03 banquetas; Móveis planejados; 3 ventiladores de teto. Geladeira Frost Free, Fogão embutido de 04 bocas, Micro-ondas, forno Elétrico e utensílios domestico completo. Área de serviços c/Tanque, Máquina de lavar roupas, varal superior, varal de chão e móveis planejados. Sacada c/churrasqueira e vista parcial do mar. 01 suíte ( c/armário planejados, cama de casal Box e Criados mudo, AR Condicionado Split 9000btus; . Banheiro completo); 01 Quarto de Hospedes c/armário, 2 camas de solteiros + um colchão solteiro avulso. AR Condicionado Split 9000btus e Ventilador Teto); l01 Banheiro social c/Box, bancada e armários planejados. Área Comum c/ mini academia, espaço com pia e Geladeira. 01 garagem privativa coberta Nº 10. Elevador, Zeladoria; Portão Eletrônico com controle manual; Próximo a pontos comerciais: Restaurantes, Supermercados, Farmácias, Sorveterias, academia, acesso rápido a coletivos e ao Centrinho dos Ingleses. **Contém para a estadia/diária: Roupa de Cama, mesa e Banho + 1 Guarda Sol + 05 cadeiras de praia.   *******Não permitido fumante *******Não é permitido Animais  *******Não incluso Taxa de limpeza, lavanderia e Caução.  Diária/Disponibilidade em ALTA TEMPORADA e feriados Sob consulta.  ****Período mínimo de 7 noites.   Favor informar nas consultas: **Data de chegada/saída. **adultos e crianças até 12 anos, se houver?  ** Diária atual TEMPORADA - PADRÃO/2024  **R$ 400/Dia **Ref: 71   valores sujeito a alteração sem aviso prévio   ",apartamento,https://www.chavesnamao.com.br/imovel/apartamento-para-alugar-1-quarto-com-garagem-sc-florianopolis-ingleses-70m2-RS400/id-18179840/,canajure,12000.0,1122310.495,5611.552475,-0.5323706270833333
115,480,0.0,50.0,1,1,1,"Est Vereador Onildo Lemos, Praia Do Santinho - Florianopolis_sc, 256",-27.4454079,-48.3778856,"Imóvel para locação de temporada (DIÁRIA).  Não está disponível para aluguel anual, possibilidade de locação trimestral pós carnaval.  Quer alugar ou mais informações? Chame no Whatsapp (48)  .  O valor anunciado é uma média de valor, este valor pode variar pelos seguintes fatores: * Número de pessoas; * Número de diárias; * Datas especiais.  Apartamento com 01 dormitório, banheiro social, sala, cozinha, lavanderia, sacada com churrasqueira, vaga de garagem, elevador e piscina.  Eletros: Ar condicionado, ventilador, 02 televisores, internet WI-FI, geladeira, máquina de lavar roupas e microondas.  Acomodações: 04 pessoas (01 cama de casal, 01 bicama de solteiro e 01 colchão extra de solteiro).  Distância do mar de Ingleses: 200 metros. Distância Dunas do Santinho: 300 metros  ",apartamento,https://www.chavesnamao.com.br/imovel/apartamento-para-alugar-1-quarto-com-garagem-sc-florianopolis-santinho-62m2-RS480/id-17340468/,canajure,480.0,692658.16,3463.2908,6.215189166666667
116,2500,400.0,55.0,2,2,1,"Rodovia Tertuliano Brito Xavier, 699",-27.433206,-48.4671612,"Lindo apartamento de 2 dormitórios, sendo 1 suíte, finamente decorado, para locação mensal - de Maio a Novembro.  O imóvel está localizado em uma das principais ruas do bairro, próximo à academia, mercado, posto de gasolina, escola, farmácia e o comércio em geral. Está a 900 metros da praia.  O condomínio possui infrastrutura completa: piscina adulto e infantil, quadra poliesportiva, playground, área de leitura, brinquedoteca, academia, vaga de visitante, elevadores, portaria 24 horas e salão de festas.  O valor do aluguel é de R$ 2.500 ( incluso internet, Iptu e Tcrs). O condomínio é de R$ 400 + consumos de água, gás e luz.  Agende uma visita, ou solicite maiores informações ao nosso plantão de vendas no",apartamento,https://www.chavesnamao.com.br/imovel/apartamento-para-alugar-2-quartos-com-garagem-sc-florianopolis-canasvieiras-67m2-RS2500/id-19262259/,canajure,2900.0,1037800.21,5189.00105,0.7893107068965517
117,2300,10.0,82.0,2,2,1,"Rua Hypólito Gregório Pereira, 325",-27.43161,-48.45917,"Abril a Novembro  A Marka Negócios Imobiliários disponibiliza apartamento com 2 dormitórios, sendo 1 suíte e a 4 quadras do Mar de Canasvieiras. Com excelente localização, próximo ao comércio local, como bares, restaurantes, padarias, mercados, posto de gasolina e lojas variadas. Possui um área privativa de 70 m², estando dividida em 2 dormitórios ( 1 Suíte ), sala ampla, cozinha, banheiro social, lavanderia e sacada com vista para a rua e garagem privativa e coberta. O condomínio possui um terraço com churrasqueira e de uso compratilhado. A locação é mensal no valor de R$ 2.000,00 com as taxas inclusas, exceto a energia elétrica que é cobrada à parte.  Para maiores informações, entre em contato com nosso plantão de atendimento. 48   / 48 9   ",apartamento,https://www.chavesnamao.com.br/imovel/apartamento-para-alugar-2-quartos-com-garagem-sc-florianopolis-canasvieiras-82m2-RS2300/id-13899094/,canajure,2310.0,1176470.76,5882.3538,1.5464735064935065
118,20000,0.0,350.0,4,5,4,"Rua das Algas, 0",-27.44164,-48.49409,"Bela casa em Jurerê Internacional, toda mobiliada e equipada, primeiro pavimento com sala de estar, lavabo, sala de jantar, cozinha em conceito aberto com móveis planejados, tudo de muito bom gosto. Área de serviço, garagem para 2 carros coberta. Área de festas com sala de tv e espaço gourmet próximo a piscina. Quatro suítes sendo uma máster com banheira e closet.   gt; gt; gt; Estas informações são de responsabilidade do proprietário e poderão ser alteradas a qualquer momento. A visualização de mobília nas imagens não significa que o mesmo será comercializado mobiliado (consulte sempre um dos nossos corretores). lt; lt; lt;",casa,https://www.chavesnamao.com.br/imovel/casa-para-alugar-4-quartos-com-garagem-sc-florianopolis-jurere-RS20000/id-18596252/,canajure,20000.0,,,
119,16000,0.0,450.0,5,6,4,"Rua Dos Robaletes, 380",-27.44363,-48.49534,"Casa disponível para locação anual em Jurerê Internacional! São 5 dormitórios, sendo 4 suítes, mais dependência de empregada, mobilada. Sala de estar e jantar com lareira, cozinha integrada com sala de jantar e acesso a piscina, excelente quintal com gramado e piscina e churrasqueira pra momentos de lazer. Garagem coberta com espaço pra ate 4 carros. Split instalados em todos ambientes. Disponível em Fevereiro! ",casa,https://www.chavesnamao.com.br/imovel/casa-para-alugar-5-quartos-com-garagem-sc-florianopolis-jurere-internacional-450m2-RS16000/id-16506646/,canajure,16000.0,,,
120,14900,0.0,230.0,3,4,4,"Rua dos Meros, 0",-27.442,-48.50567,"Excelente casa de 03 Suítes com localização privilegiada em Jurerê Internacional para locação, mobiliada.  Em terreno de esquina próximo a tudo, esta bela casa conta com 03 suítes, sala estar, jantar e tv. Cozinha e área de serviço. Lavabo e mezanino. 02 áreas externas sendo uma com piscina.   gt; gt; Estas informações são de responsabilidade do proprietário e poderão ser alteradas a qualquer momento. A visualização de mobília nas imagens não significa que o mesmo será comercializado mobiliado. Consulte sempre um dos nossos corretores. lt; lt; lt;   gt; gt; gt; Os valores de condomínio e taxas são aproximados. Além do aluguel, será de responsabilidade do locatário o pagamento do condomínio mais as despesas ordinárias, IPTU, Coleta de lixo, Imposto de marinha (SPU), Seguro incêndio(incluindo vendaval, danos elétricos, hidráulicos, responsabilidade civil, conteúdo bens do locador), energia elétrica e demais encargos. lt; lt; lt;",casa,https://www.chavesnamao.com.br/imovel/casa-para-alugar-3-quartos-com-garagem-sc-florianopolis-jurere-internacional-520m2-RS14900/id-1054295/,canajure,14900.0,,,
121,7700,280.0,129.0,3,4,1,"Rua da Escova de Garrafa, 136",-27.42319,-48.42741,"Excelente oportunidade de Locação na Cachoeira do Bom Jesus.  O imóvel conta com ambientes planejados, proporcionando uma combinação única e especial. Possui 03 dormitórios sendo 01 suíte, lavabo, sala ampla, cozinha planejada, área externa com churrasqueira e piscina, edícula e 01 vaga de garagem, atendendo às suas necessidades e estilo de vida.  Agende uma visita e conheça seu novo imóvel! Dalton Andrade Imóveis - Sua garantia imobiliária. Contato: Loja Centro: (48)   Loja Trindade: (48)   ",casa,https://www.chavesnamao.com.br/imovel/casa-para-alugar-3-quartos-com-garagem-sc-florianopolis-cachoeira-do-bom-jesus-222m2-RS7700/id-21329214/,canajure,7980.0,,,
122,8500,1600.0,155.0,3,5,2,"Avenida Luiz Boiteux Piazza, 0",-27.41762,-48.42664,"Excelente apartamento para locação totalmente equipado, finamente mobiliado e decorado, possui amplo living com três ambientes (sala de estar/ Jantar e TV), cozinha integrada, Sacada com churrasqueira, vista para piscina.  Com 3 suítes, 5 banheiros (incluindo suítes), 2 vagas de garagem. Condomínio com sauna, academia, brinquedoteca, bar na piscina, vigilância 24hs. totalmente seguro.   gt; gt; Estas informações são de responsabilidade do proprietário e poderão ser alteradas a qualquer momento. A visualização de mobília nas imagens não significa que o mesmo será comercializado mobiliado (consulte sempre um dos nossos corretores).",apartamento,https://www.chavesnamao.com.br/imovel/apartamento-para-alugar-3-quartos-com-garagem-sc-florianopolis-cachoeira-do-bom-jesus-220m2-RS8500/id-18868614/,canajure,10100.0,2848674.08,14243.3704,0.4102346930693068
123,1300,0.0,28.0,,1,,"Rodovia Armando Calil Bulos, 5188",-27.43831,-48.40997,"Sala comercial na Avenida Armando Calil Bulos, Excelente opção devido à sua ótima localização     Ideal para você montar seu negócio!     A sala conta com, espaço para café (copa), banheiro grande, com espaço para depósito, saída para ar condicionado, acabamento em gesso!     - vaga de garagem rotativa,     Oferece um ambiente adequado para diversas atividades   Um lugar tranquilo e seguro!     Além disso, o fato de ter luz e água individual pode ser conveniente para o controle de despesas.   - IPTU mensal     Observação: Sobreloja     Próximo a academias e comércio geral   Agende sua visita     Garantia: Aceita calção       - Acabamentos: Infraestrutura para ar condicionado,     - Características: Banheiro Social,     - Cômodos: Banheiro Social,     - Proximidades: Bares e Restaurantes, Escola, Farmácia, Praia, Supermercado,     Valores podem sofrer alterações sem aviso prévio     Observação: Aceita Calção     Pontos Fortes: Avenida Armando Calil Bulos",ponto-comercial,https://www.chavesnamao.com.br/imovel/sala-comercial-para-alugar-1-sala-sc-florianopolis-ingleses-do-rio-vermelho-28m2-RS1300/id-19074724/,canajure,1300.0,,,
124,8500,2627.0,197.0,,2,,"Joao Gualberto Soares, 56",-27.48269,-48.40342,"Oportunidade de alugar sala comercial no OPEN SHOPPING INGLESES, localizado na Rodovia Joao Gualberto Soares, com 197.98m² de área privativa. O imóvel conta com 2 lavabos, piso cerâmico e acessibilidade para deficientes físicos. Localizado em uma região privilegiada de Florianópolis, próximo a comércios, restaurantes e muito mais. Aproveite essa chance única de alugar um espaço comercial de qualidade.  ********VALORES E TAXAS ESTÃO SENDO ATUALIZADOS",ponto-comercial,https://www.chavesnamao.com.br/imovel/sala-comercial-para-alugar-13-salas-sc-florianopolis-ingleses-do-rio-vermelho-RS8500/id-1022433/,canajure,11127.0,,,
125,4500,770.0,110.0,3,1,2,"Rodovia Tertuliano Brito Xavier, 2352",-27.42973,-48.4765,"Locação disponível em Florianópolis, no exclusivo Condomínio Colinas do São Francisco, no charmoso bairro de Canasvieiras!   Apartamento com 110 m2 muito bem distribuidos, com 3 dormitórios sendo 2 suítes, totalmente mobiliado , com duas garagens cobertas, e um elevador com saída exclusiva na praia. Condomínio com salão de festas, piscina, sala de jogos e uma ampla área verde.  Vale ressaltar que o condomínio oferece uma série de vantagens. Além da segurança e tranquilidade que só um condomínio fechado pode proporcionar, você estará numa localização privilegiada, com fácil acesso a todas as comodidades e beleza natural que a ilha tem a oferecer.  Não perca a oportunidade de morar num local com ares de paraíso! Entre em contato e vamos conversar mais sobre este endereço perfeito para seu novo lar.   Tags: LocaçãoFLN VidaEmCondominio ColinasDoSaoFrancisco Canasvieiras ApartamentoParaAlugar MorarEmFloripa  Agende visita sem compromisso. Valores sujeito a alteração sem aviso prévio, consulte disponibilidade. Rev: 61",apartamento,https://www.chavesnamao.com.br/imovel/apartamento-para-alugar-3-quartos-com-garagem-sc-florianopolis-canasvieiras-110m2-RS4500/id-21687787/,canajure,5270.0,1777545.32,8887.7266,0.6864756356736244
126,1800,385.0,87.0,2,1,1,"Rua Afonso Pena, 669",-27.5897286,-48.5836399,"Excelente oportunidade de adquirir um apartamento no empreendimento PARIATA, localizado na Rua Afonso Pena, no bairro Canto em Florianópolis.   O imóvel possui 87 m² e conta com 2 dormitórios, sala, cozinha, área de serviço, 1 banheiro social e 1 vaga de garagem.  Aproveite essa chance única de morar nesse belo imóvel! Entre em contato para mais informações.",apartamento,https://www.chavesnamao.com.br/imovel/apartamento-para-alugar-2-quartos-com-garagem-sc-florianopolis-canto-95m2-RS1800/id-22011426/,canto,2185.0,657886.27,3289.4313500000003,0.5054605720823799
127,1950,296.0,34.0,,1,1,"Rua General Liberato Bittencourt, 1475",-27.5867918,-48.581414,"Sala Comercial no Estreito com 34.50m², banheiro, ar condicionado e vaga de garagem. Empreendimento comercial na melhor localização do bairro Estreito, na região do continente de Florianópolis. Um centro executivo diferente, pensado para o futuro. Salas comerciais com vagas de garagem para atender diferentes necessidades. Espaço fitness, sala de reuniões e conferência, estacionamento rotativo.",ponto-comercial,https://www.chavesnamao.com.br/imovel/sala-comercial-para-alugar-com-garagem-sc-florianopolis-canto-34m2-RS1950/id-17988168/,canto,2246.0,,,
128,2071,338.0,24.0,,1,1,"Rua General Liberato Bittencourt, 1475",-27.5867918,-48.581414,"Sala comercial com 24m², banheiro e 01 vaga de garagem.  Empreendimento comercial na melhor localização Estreito, região continental de Florianópolis Um centro executivo diferente, pensado para o futuro. Salas comerciais com vagas de garagem para atender diferentes necessidades. Espaço fitness, sala de reuniões e conferência, estacionamento rotativo.  LAZER / SERVIÇOS: -Espaço destinado a serviços de alimentação -Estacionamento rotativo dando suporte as salas comerciais com 112 vagas -Bicicletário SEGURANÇA / PRATICIDADE: -Controle de acesso à torre corporativa -Sala de administração e segurança -Infra-estrutura para CFTV -Academia de ginástica equipada e mobiliada -Vestiário masculino e feminino -04 salas de reuniões para workshops e conferências.  Acesso pelas ruas Gen. Liberato Bittencourt e Arnoldo Cândido Raulino.",ponto-comercial,https://www.chavesnamao.com.br/imovel/sala-comercial-para-alugar-com-garagem-sc-florianopolis-canto-24m2-RS2071/id-17987720/,canto,2409.0,,,
129,2100,400.0,33.0,,,1,"Rua General Liberato Bittencourt, 1475",-27.5868017,-48.5814019,"Sala com 33m², com 1 vaga de garagem. Temos opções em diversos andares, todas com lavabo e espera para split.",ponto-comercial,https://www.chavesnamao.com.br/imovel/sala-comercial-para-alugar-com-garagem-sc-florianopolis-canto-33m2-RS2100/id-21329228/,canto,2500.0,,,
130,2270,412.0,34.0,,,1,"Rua General Liberato Bittencourt, 1475",-27.5867918,-48.581414,"Sala com 34,5 m², lavabo e piso porcelanato.",ponto-comercial,https://www.chavesnamao.com.br/imovel/sala-comercial-para-alugar-1-sala-com-garagem-sc-florianopolis-canto-61m2-RS2270/id-9204755/,canto,2682.0,,,
131,2355,349.0,28.0,,1,1,"Rua General Liberato Bittencourt, 1475",-27.5868017,-48.5814019,"Sala comercial com 27m², banheiro e 01 vaga de garagem.  Empreendimento comercial na melhor localização Estreito, região continental de Florianópolis Um centro executivo diferente, pensado para o futuro. Salas comerciais com vagas de garagem para atender diferentes necessidades. Espaço fitness, sala de reuniões e conferência, estacionamento rotativo.  LAZER / SERVIÇOS: -Espaço destinado a serviços de alimentação -Estacionamento rotativo dando suporte as salas comerciais com 112 vagas -Bicicletário SEGURANÇA / PRATICIDADE: -Controle de acesso à torre corporativa -Sala de administração e segurança -Infra-estrutura para CFTV -Academia de ginástica equipada e mobiliada -Vestiário masculino e feminino -04 salas de reuniões para workshops e conferências.  Acesso pelas ruas Gen. Liberato Bittencourt e Arnoldo Cândido Raulino.",ponto-comercial,https://www.chavesnamao.com.br/imovel/sala-comercial-para-alugar-com-garagem-sc-florianopolis-canto-28m2-RS2355/id-22102780/,canto,2704.0,,,
132,2500,480.0,48.0,,1,1,"Rua General Liberato Bittencourt, 1885",-27.58382,-48.58397,"Excelente e ampla sala comercial, anda alto, vista livre, auditório amplo, moderno, com áudio visual, sala de apoio a coffe breake, várias divisórias em vidro, banheiro e 1 vaga de garagem;  Localizada no Centro Executivo Imperatriz, condomínio comercial completo, com Hall de entrada finamente mobiliado e decorado, catraca para controle de acesso, vigilância presencial 24 horas, sala para reuniões, auditório para treinamento e eventos, proporcionando muita segurança, conforto e praticidade aos seus condôminos;  Agende já uma visita, pois você se surpreenderá!!!  A EVOLUÇÃO IMÓVEIS possui mais de 12 anos de experiência, sempre satisfazendo nossos clientes e fazendo amigos. Temos mais de 2000 imóveis com diversas opções na Grande Florianópolis.  Estamos de plantão através do número (48)   ou no CHAT.  Concretizando seus Sonhos",ponto-comercial,https://www.chavesnamao.com.br/imovel/sala-comercial-para-alugar-com-garagem-sc-florianopolis-canto-60m2-RS2500/id-20191986/,canto,2980.0,,,
133,2775,398.0,33.0,,1,1,"Rua General Liberato Bittencourt, 1475",-27.5867918,-48.581414,"Sala comercial com 32m², banheiro e 01 vaga de garagem.  Empreendimento comercial na melhor localização Estreito, região continental de Florianópolis Um centro executivo diferente, pensado para o futuro. Salas comerciais com vagas de garagem para atender diferentes necessidades. Espaço fitness, sala de reuniões e conferência, estacionamento rotativo.  LAZER / SERVIÇOS: -Espaço destinado a serviços de alimentação -Estacionamento rotativo dando suporte as salas comerciais com 112 vagas -Bicicletário SEGURANÇA / PRATICIDADE: -Controle de acesso à torre corporativa -Sala de administração e segurança -Infra-estrutura para CFTV -Academia de ginástica equipada e mobiliada -Vestiário masculino e feminino -04 salas de reuniões para workshops e conferências.  Acesso pelas ruas Gen. Liberato Bittencourt e Arnoldo Cândido Raulino.",ponto-comercial,https://www.chavesnamao.com.br/imovel/sala-comercial-para-alugar-com-garagem-sc-florianopolis-canto-33m2-RS2775/id-17987712/,canto,3173.0,,,
134,3000,0.0,40.0,1,1,1,"Rua Afonso Pena, 542",-27.58829,-48.58214,"Apartamento para aluguel no bairro Canto em Florianópolis. Localizado na Rua Afonso Pena, com 40,78m² de área privativa e 1 dormitório. Imóvel conta com sala, cozinha, área de serviço, banheiro social, piso porcelanata, hobby box e 1 vaga de garagem. Aproveite essa oportunidade e venha conferir!",apartamento,https://www.chavesnamao.com.br/imovel/apartamento-para-alugar-1-quarto-com-garagem-sc-florianopolis-canto-49m2-RS3000/id-21799432/,canto,3000.0,538255.1,2691.2754999999997,-0.1029081666666668
135,3105,295.0,34.0,,1,1,"Rua General Liberato Bittencourt, 1475",-27.5871537,-48.58158179999998,Traga seu negócio para esta excelente sala comercial!,ponto-comercial,https://www.chavesnamao.com.br/imovel/sala-comercial-para-alugar-1-sala-com-garagem-sc-florianopolis-canto-40m2-RS3105/id-1812835/,canto,3400.0,,,
136,3200,322.0,40.0,1,1,1,"Rua Afonso Pena, 542",-27.58829,-48.58214,"Apartamento para alugar no Bairro Canto, Florianópolis. Excelente localização na Rua Afonso Pena, com 40,78m² de área privativa e 1 dormitório. O imóvel conta ainda com sala, cozinha com móveis planejados, banheiro social com box de vidro, piso porcelanato e 1 vaga de garagem. Próximo a comércios e facilidades da região. Agende sua visita!  IPTU E COLETA DE LIXO EM ATUALIZAÇÃO.",apartamento,https://www.chavesnamao.com.br/imovel/apartamento-para-alugar-1-quarto-com-garagem-sc-florianopolis-canto-49m2-RS3200/id-22240558/,canto,3522.0,538255.1,2691.2754999999997,-0.23586726291879623
137,3700,600.0,71.0,3,2,1,"Rua José Bonifácio, 393",-27.5899699,-48.5868543,"Apartamento mobiliado para aluguel no bairro Canto em Florianópolis. Com 71,36M² E 3 dormitórios sendo 1 suíte. O imóvel conta ainda com sala, sacada cmom churrasqueira, banheiro social com box de vidro, piso cerâmico e 1 vaga e garagem. Localizado na Rua Jose Bonifacio, com fácil acesso a comércios e serviços. Agende uma visita!",apartamento,https://www.chavesnamao.com.br/imovel/apartamento-para-alugar-3-quartos-com-garagem-sc-florianopolis-canto-83m2-RS3700/id-22240565/,canto,4300.0,737975.995,3689.879975,-0.14188837790697684
138,3706,422.0,46.0,,,1,"Rua General Liberato Bittencourt, 1475",-27.5868017,-48.5814019,"Excelente sala Comercial com 70m², em empreendimento de alto padrão localizado no estreito. Empreendimento comercial na melhor localização Estreito, região continental de Florianópolis Um centro executivo diferente, pensado para o futuro. Salas comerciais com vagas de garagem para atender diferentes necessidades. Espaço fitness, sala de reuniões e conferência, estacionamento rotativo. LAZER / SERVIÇOS: -Espaço destinado a serviços de alimentação -Estacionamento rotativo dando suporte as salas comerciais com 112 vagas -Bicicletário SEGURANÇA / PRATICIDADE: -Controle de acesso à torre corporativa -Sala de administração e segurança -Infra-estrutura para CFTV -Academia de ginástica equipada e mobiliada -Vestiário masculino e feminino -04 salas de reuniões para workshops e conferências. Acesso pelas ruas Gen. Liberato Bittencourt e Arnoldo Cândido Raulino.",ponto-comercial,https://www.chavesnamao.com.br/imovel/ponto-comercial-para-alugar-com-garagem-sc-florianopolis-canto-46m2-RS3706/id-22102775/,canto,4128.0,,,
139,3842,350.0,43.0,,1,1,"Rua General Liberato Bittencourt, 1475",-27.5868017,-48.5814019,"Sala comercial com 41m², banheiro e 01 vaga de garagem.  Empreendimento comercial na melhor localização Estreito, região continental de Florianópolis Um centro executivo diferente, pensado para o futuro. Salas comerciais com vagas de garagem para atender diferentes necessidades. Espaço fitness, sala de reuniões e conferência, estacionamento rotativo.  LAZER / SERVIÇOS: -Espaço destinado a serviços de alimentação -Estacionamento rotativo dando suporte as salas comerciais com 112 vagas -Bicicletário SEGURANÇA / PRATICIDADE: -Controle de acesso à torre corporativa -Sala de administração e segurança -Infra-estrutura para CFTV -Academia de ginástica equipada e mobiliada -Vestiário masculino e feminino -04 salas de reuniões para workshops e conferências.  Acesso pelas ruas Gen. Liberato Bittencourt e Arnoldo Cândido Raulino.",ponto-comercial,https://www.chavesnamao.com.br/imovel/sala-comercial-para-alugar-com-garagem-sc-florianopolis-canto-43m2-RS3842/id-21913905/,canto,4192.0,,,
140,4000,668.0,95.0,2,2,2,"Rua Euclides Machado, 341",-27.5871948,-48.5832179,"Ótimo apartamento para alugar no bairro Canto, em Florianópolis. Possui 2 dormitórios, sendo 2 suítes, cozinha, área de serviço, sacada e sala espaçosa, banheiros sociais e 2 vagas de garagem. O apartamento conta com área privativa de 95.61m². Localizado na Rua Euclides Machado, número 341, no 9º andar. Valor do aluguel: R$ 4.000,00.  Apartamento com 2 suítes, sala ampla e bem arejada, sacada com churrasqueira, cozinha, área de serviço, lavabo, piso porcelanato e 2 vaga de garagem.",apartamento,https://www.chavesnamao.com.br/imovel/apartamento-para-alugar-2-quartos-com-garagem-sc-florianopolis-canto-95m2-RS4000/id-5177533/,canto,4668.0,1179329.36,5896.6468,0.2632062553556127
141,4000,1246.0,106.0,3,3,2,"Rua Araci Vaz Callado, 1104",-27.5886326,-48.5873321,"Apartamento no Estreito com 03 dormitórios sendo 01 suíte, sala ampla, sacada com churrasqueira, lavabo, cozinha com armários planejados, área de serviço separada e 02 vagas de garagem.   O Elegance Residence une beleza à funcionalidade, tranquilidade à praticidade, tradição à modernidade. Com infraestrutura completa do bairro Estreito e com o empreendimento que promove modernas instalações que oferecem conforto, entretenimento e segurança para toda a família. Com diferenciais que trazem muitos benefícios para você: - Área de lazer completa com: piscina adulto e infantil, fitness, salão de festas, home cinema, brinquedoteca e playground; - Excelente localização; - Arquitetura moderna e arrojada; - Revestimento externo com detalhes em cerâmica; - Iluminação inteligente nas áreas comuns; - 2 Elevadores; - Hidrômetro individual.",apartamento,https://www.chavesnamao.com.br/imovel/apartamento-para-alugar-3-quartos-com-garagem-sc-florianopolis-canto-120m2-RS4000/id-17988185/,canto,5246.0,1373577.52,6867.8876,0.30916652687762114
142,4000,0.0,125.0,3,4,2,"Rua Araci Vaz Callado, 1110",-27.5878205,-48.5860252,"O Elegance Residence une beleza à funcionalidade, tranquilidade à praticidade, tradição à modernidade. Aqui, você e sua família viverão em meio à completa infraestrutura do bairro Estreito, um lugar que ainda resguarda o tom nostálgico de suas tradições. Neste cenário, o edifício destaca-se como uma ponte com o futuro ao apresentar modernas instalações que oferecem conforto, entretenimento e segurança para toda a família.  Localizado em uma região estratégica, está próximo de vias de acesso que rapidamente levam você para as mais diferentes direções e também de ruas tranquilas, que convidam para um passeio relaxante. Una o útil ao agradável e venha viver no Elegance Residence.  03 dormitórios (sendo 01 suíte) e 02 Lavabo e 1 banheiro social  Sala ampla com espaço para 02 ambientes Cozinha integrada a Sala e Área de serviço ampla privativa  Sacada Gourmet com pia e churrasqueira a carvão  Diferenciais: 02 vagas de garagem por apto Hobby box Chuveiros",apartamento,https://www.chavesnamao.com.br/imovel/apartamento-para-alugar-3-quartos-com-garagem-sc-florianopolis-canto-169m2-RS4000/id-6515298/,canto,4000.0,1946934.14,9734.6707,1.4336676750000001
143,4000,1246.0,106.0,3,4,2,"Rua Araci Vaz Callado, 0",-27.58687,-48.58449,"Apartamento em excelente localização, disponivel para locação  - 3 Dormitorios - 1 suite  - 4 Banheiros  - 2 vagas de garagem   Sem mobilia, possui apenas moveis planejados da cozinha   gt; gt; gt; Estas informações são de responsabilidade do proprietário e poderão ser alteradas a qualquer momento. A visualização de mobília nas imagens não significa que o mesmo será comercializado mobiliado (consulte sempre um dos nossos corretores).   gt; gt; gt; Os valores de condomínio e taxas são aproximados.  Além do aluguel, será de responsabilidade do locatário o pagamento do condomínio mais as despesas ordinárias, IPTU, Coleta de lixo, Imposto de marinha (SPU), Seguro incêndio(incluindo vendaval, danos elétricos, hidráulicos, responsabilidade civil, conteúdo bens do locador), energia elétrica e demais encargos. lt; lt; lt;",apartamento,https://www.chavesnamao.com.br/imovel/apartamento-para-alugar-3-quartos-com-garagem-sc-florianopolis-canto-125m2-RS4000/id-18214794/,canto,5246.0,1859625.4,9298.127,0.7724222264582541
144,4240,650.0,65.0,,,,"Rua General Liberato Bittencourt, 1475",-27.5871537,-48.5815818,"Sala comercial para alugar na rua general liberato bittencourt, 1475, canto, florianópolis, 65 m2 por r$ 4.240",ponto-comercial,https://www.chavesnamao.com.br/imovel/sala-comercial-para-alugar-sc-florianopolis-canto-65m2-RS4240/id-1181510/,canto,4890.0,,,
145,4300,632.0,65.0,,1,1,"Rua General Liberato Bittencourt, 1475",-27.5868017,-48.5814019,"Excelente sala comercial para alugar no empreendimento GLOBO TOWER, localizado na Rua General Liberato Bittencourt, 1475, no bairro Canto, em Florianópolis. Com 65,03m² de área privativa. Oferece também, lavabo, piso em porcelanato e 1 vaga de garagem. Localizada no 3º andar de um prédio com 15 andares. Aproveite essa oportunidade de locação! Agende uma visita e venha conferir",ponto-comercial,https://www.chavesnamao.com.br/imovel/sala-comercial-para-alugar-1-sala-com-garagem-sc-florianopolis-canto-65m2-RS4300/id-1181507/,canto,4932.0,,,
146,4800,0.0,198.0,,1,,"Rua Tereza Cristina, 545",-27.5869873,-48.5855599,"Loja comercial com 198 m² de área privativa e 220 m² de área total. Possui 2 salas, banheiro, área externa nos fundos com grama. Ideal para você que deseja começar ou expandir seu negócio no Bairro estreito próximo ao estádio Orlando Scarpelli.",ponto-comercial,https://www.chavesnamao.com.br/imovel/ponto-comercial-para-alugar-2-salas-sc-florianopolis-canto-220m2-RS4800/id-6168442/,canto,4800.0,,,
147,5000,608.0,81.0,2,3,2,"Agapito Veloso, 67",-27.5853201,-48.5881878,"Apartamento mobiliado para aluguel localizado na Rua Agapito Veloso, no Bairro Canto em Florianópolis. Com 81,6m² de área privativa e 2 dormitórios, sendo 2 suítes. O imóvel conta ainda com sala, sacada co churrasqueira, cozinha com móveis planejados, área de serviçio, lavabo, piso vinílico, e vaga de garagem dupla. Aproveite essa oportunidade. Agende uma visita e venha conferiri!",apartamento,https://www.chavesnamao.com.br/imovel/apartamento-para-alugar-2-quartos-com-garagem-sc-florianopolis-canto-101m2-RS5000/id-22058306/,canto,5608.0,1207492.26,6037.4613,0.07658011768901574
148,5169,1025.0,74.0,,2,3,"Rua General Liberato Bittencourt, 1475",-27.5868017,-48.5814019,"Sala comercial com 64m², banheiro e 01 vaga de garagem.  Empreendimento comercial na melhor localização Estreito, região continental de Florianópolis Um centro executivo diferente, pensado para o futuro. Salas comerciais com vagas de garagem para atender diferentes necessidades. Espaço fitness, sala de reuniões e conferência, estacionamento rotativo.  LAZER / SERVIÇOS: -Espaço destinado a serviços de alimentação -Estacionamento rotativo dando suporte as salas comerciais com 112 vagas -Bicicletário SEGURANÇA / PRATICIDADE: -Controle de acesso à torre corporativa -Sala de administração e segurança -Infra-estrutura para CFTV -Academia de ginástica equipada e mobiliada -Vestiário masculino e feminino -04 salas de reuniões para workshops e conferências.  Acesso pelas ruas Gen. Liberato Bittencourt e Arnoldo Cândido Raulino.",ponto-comercial,https://www.chavesnamao.com.br/imovel/sala-comercial-para-alugar-com-garagem-sc-florianopolis-canto-74m2-RS5169/id-21913907/,canto,6194.0,,,
149,5300,543.0,70.0,,1,1,"Rua General Liberato Bittencourt, 1475",-27.5868017,-48.5814019,"Ótima oportunidade de alugar uma sala comercial no empreendimento GLOBO TOWER, Canto, Florianópolis. Com 70.24m² de área privativa. O prédio conta com 4 elevadores e 15 andares. Não perca essa chance, agende uma visita hoje mesmo!",ponto-comercial,https://www.chavesnamao.com.br/imovel/sala-comercial-para-alugar-4-salas-com-garagem-sc-florianopolis-canto-RS5300/id-1020531/,canto,5843.0,,,
150,5903,432.0,62.0,,1,1,"Rua General Liberato Bittencourt, 1475",-27.5867918,-48.581414,Sala com 62 m². Possui amplo espaço com lavabo e piso porcelanato. Ideal para você que deseja abrir ou expandir o seu negócio.,ponto-comercial,https://www.chavesnamao.com.br/imovel/sala-comercial-para-alugar-1-sala-com-garagem-sc-florianopolis-canto-80m2-RS5903/id-9653665/,canto,6335.0,,,
151,6000,600.0,122.0,2,3,2,"Rua Araci Vaz Callado, 294",-27.58597,-48.5829,"Aproveite a oportunidade de adquirir este lindo apartamento - JULIO SCHAPPO RESIDENCIAL - localizado na Rua Araci Vaz Callado, com 2 dormitórios, 2 suítes, 3 banheiros, 2 vagas de garagem e uma área privativa de 88m². Totalmente mobiliado, com churrasqueira na sacada e vistas panorâmicas para o mar. O condomínio oferece infraestrutura completa com bicicletário, brinquedoteca, salão de festas, sala fitness e muito mais. Não perca essa oportunidade única em Florianópolis. Entre em contato para mais informações!",apartamento,https://www.chavesnamao.com.br/imovel/apartamento-para-alugar-2-quartos-com-garagem-sc-florianopolis-canto-122m2-RS6000/id-22398759/,canto,6600.0,1337813.18,6689.0659,0.013494833333333345
152,8500,0.0,172.0,,1,,"Rua Tereza Cristina, 221",-27.58515,-48.58291,"Ótima casa comercial para aluguel localizada na Rua Tereza Cristina, no bairro Canto, em Florianópolis. Com 172.99m² de área privativa, possui 4 salas,cozinha, área de churrasqueira e amplo espaço de garagem com 8 vagas cobertas. Próximo a comércios e fácil acesso. Aproveite essa oportunidade e agende uma visita!",ponto-comercial,https://www.chavesnamao.com.br/imovel/ponto-comercial-para-alugar-4-salas-sc-florianopolis-canto-RS8500/id-22011429/,canto,8500.0,,,
153,15000,0.0,390.0,,3,,"Rua Araci Vaz Callado, 609",-27.5852173,-48.5815014,"Casa comercial com 390m! Possui excelente e amplo espaço, área de serviço, lavabo, copa e churrasqueira. Ótima e espaçosa área externa. Ideal pra você que quer expandir ou abrir seu negocio.   Localização privilegiada, o bairro Canto conta com diversas facilidades para seu dia a dia. Facilidade de acesso para os bairros vizinhos e Centro de Florianópolis.",ponto-comercial,https://www.chavesnamao.com.br/imovel/ponto-comercial-para-alugar-1-sala-sc-florianopolis-canto-390m2-RS15000/id-11395135/,canto,15000.0,,,
154,15000,0.0,390.0,,6,5,"Rua Araci Vaz Callado, 609",-27.58522,-48.58147,"Casa Comercial no Estreito com 390m², 3 vagas de estacionamento na frente, 02 vagas de garagem, salas amplas, área externa com churrasqueira, piso superior com acesso externo. Localização privilegiada, ideal para empresas de diversos ramos.  Agende uma visita e conheça seu novo imóvel! Dalton Andrade Imóveis - Sua garantia imobiliária. Contato: Loja Centro: (48)   Loja Trindade: (48)   ",ponto-comercial,https://www.chavesnamao.com.br/imovel/ponto-comercial-para-alugar-com-garagem-sc-florianopolis-canto-390m2-RS15000/id-22102782/,canto,15000.0,,,
155,2243,415.0,34.0,,1,1,"Rua General Liberato Bittencourt, 1475",-27.5867918,-48.581414,"Sala comercial com 34m², banheiro e 01 vaga de garagem.  Empreendimento comercial na melhor localização Estreito, região continental de Florianópolis Um centro executivo diferente, pensado para o futuro. Salas comerciais com vagas de garagem para atender diferentes necessidades. Espaço fitness, sala de reuniões e conferência, estacionamento rotativo.  LAZER / SERVIÇOS: -Espaço destinado a serviços de alimentação -Estacionamento rotativo dando suporte as salas comerciais com 112 vagas -Bicicletário SEGURANÇA / PRATICIDADE: -Controle de acesso à torre corporativa -Sala de administração e segurança -Infra-estrutura para CFTV -Academia de ginástica equipada e mobiliada -Vestiário masculino e feminino -04 salas de reuniões para workshops e conferências.  Acesso pelas ruas Gen. Liberato Bittencourt e Arnoldo Cândido Raulino.",ponto-comercial,https://www.chavesnamao.com.br/imovel/sala-comercial-para-alugar-com-garagem-sc-florianopolis-canto-34m2-RS2243/id-17987718/,canto,2658.0,,,
156,4400,850.0,87.0,3,2,1,"Rua Alba Dias Cunha, 190",-27.58065,-48.52509,"Excelente oportunidade de Locação na Trindade.  O imóvel conta com ambientes planejados, proporcionando uma combinação única e especial. Possui 03 dormitórios, sendo 1 suíte, sala ampla, sacada com churrasqueira, banheiro social, cozinha com armários, área de serviço com tanque e 01 vaga de garagem, atendendo às suas necessidades e estilo de vida.  O condomínio oferece salão de festas, academia, elevador e zeladoria. Essas comodidades proporcionam momentos de lazer e diversão para você e sua família.  Agende uma visita e conheça seu novo imóvel! Dalton Andrade Imóveis - Sua garantia imobiliária. Contato: Loja Centro: (48)   Loja Trindade: (48)   ",apartamento,https://www.chavesnamao.com.br/imovel/apartamento-para-alugar-3-quartos-com-garagem-sc-florianopolis-centro-105m2-RS4400/id-21329236/,canto-da-lagoa,5250.0,1364041.54,6820.2077,0.29908718095238096
157,5500,1350.0,89.0,3,2,1,"Rua Alba Dias Cunha, 147",-27.58086,-48.52564,"Apartamento com 3 dormitórios, sala ampla, sacada com churrasqueira, cozinha planejada, banheiro social, área de serviço e vaga de garagem dupla.  Condomínio em localização privilegiada, próximo ao Angeloni da Beira Mar, Shopping Iguatemi, farmácias e fácil acesso para o centro da cidade e praias. Estrutura conta com Salão de festas infantil com brinquedoteca, Parque aquático, Salas de estudo, Garage band, Espaço kids, Quiosque, Salão festas com pista de dança, Sala Fitness, Bicicletário, espaço zen, Cinema, Sauna seca e úmida, Piscina térmica, Sala de jogos adulto e infantil.  Agende uma visita e conheça seu novo imóvel! Dalton Andrade Imóveis - Sua garantia imobiliária. Contato: Loja Centro: (48)   Loja Trindade: (48)   ",apartamento,https://www.chavesnamao.com.br/imovel/apartamento-para-alugar-3-quartos-com-garagem-sc-florianopolis-trindade-146m2-RS5500/id-21005162/,canto-da-lagoa,6850.0,1386881.54,6934.407700000001,0.012322291970803034
158,7500,900.0,75.0,2,1,2,"Rua Júlio Vieira, 305",-27.56554,-48.51651,"Oportunidade incrível para locação! Apartamento de 75m2 no cobiçado  Condomínio Mar de Belize , situado no excepcional Bairro João Paulo, em Florianópolis.  Apartamento com 2 dorimitórios sendo uma suíte, apartamento arejado e bem iluminado, totalmente mobiliado oferecendo bem-estar e comodidade, possui 2 vagas cobertas de garagem.  Condomínio com salão de festas, piscina , sala de jogos e playground.  Morar no Condomínio Mar de Belize proporciona desfrutar da tranquilidade e segurança sem igual, tornando-se uma escolha inteligente e vantajosa. Para mais detalhes e agendar uma visita, não hesite em entrar em contato!   Tags: Locação ApartamentoFlorianopolis MardeBelize BairroJoaoPaulo Morarbem ImoveisFloripa   Realize o sonho de morar em um ambiente sofisticado e à altura dos seus desejos. Entre em contato agora mesmo! Agende visita sem compromisso. Valores sujeito a alteração sem aviso prévio, consulte disponibilidade. Rev: 97",apartamento,https://www.chavesnamao.com.br/imovel/apartamento-para-alugar-2-quartos-com-garagem-sc-florianopolis-joao-paulo-75m2-RS7500/id-21687781/,canto-dos-aracas,8400.0,1302631.59,6513.157950000001,-0.22462405357142845
159,4800,738.0,46.0,1,1,1,"Avenida Mauro Ramos, 1512",-27.58794,-48.54292,"Studio totalmente mobiliado, com sala, quarto com armários, cozinha planejada, área de serviço e 01 vaga de garagem.   A Cidade Milano traz o conceito de alto padrão, exclusividade e praticidade no Centro de Florianópolis. É um empreendimento que foi inspirado em um novo modelo de comportamento, onde praticidade e colaboração são caminhos para felicidade e qualidade de vida. Uma nova proposta lifestyle de morar, trabalhar e viver bem em um só lugar.  O empreendimento conta com um projeto arquitetônico contemporâneo em localização privilegiada com uma vista espetacular da cidade. Localizado na esquina da Avenida Mauro Ramos com a Angelo La Porta, a 8 minutos do Shopping Beira Mar e 10 minutos da Av. Beira Mar Norte, é um Complexo Multiuso que integra os 5 condomínios.",apartamento,https://www.chavesnamao.com.br/imovel/apartamento-para-alugar-1-quarto-com-garagem-sc-florianopolis-centro-57m2-RS4800/id-21329212/,canto-dos-aracas,5538.0,522718.82,2613.5941000000003,-0.5280617370892018
160,1300,622.0,58.0,2,1,1,"Avenida Governador Ivo Silveira, 1413",-27.6008498,-48.5804549,"Apartamento semi mobiliado com 2 dormitórios, sala, cozinha com armários e área de serviço, banheiro social, piso cerâmico. Com 1 vaga de garagem coberta, sol da tarde. .",apartamento,https://www.chavesnamao.com.br/imovel/apartamento-para-alugar-2-quartos-com-garagem-sc-florianopolis-capoeiras-66m2-RS1300/id-1059113/,capoeiras,1922.0,420487.0,2102.435,0.09387877211238282
161,1390,250.0,31.0,1,1,,"Rua Irmã Bonavita, 1269",-27.5881087,-48.5955367,"Apartamento com 1 dormitório, cozinha, área de serviço, banheiro social com box de vidro e piso em porcelanato. Localizado na Rua Irma Bonavita, 1269, Capoeiras. Excelente oportunidade de morar em um apartamento com ótima localização em Capoeiras, Florianópolis. Agende uma visita e conheça esse imóvel!  ALGUNS ENCARGOS AINDA VÃO SER ATUALIZADOS****  Capoeiras está localizado na parte continental de Florianópolis, sendo o maior e mais populoso bairro desta região. O bairro mescla área comercial e residencial. Seu comércio é dinâmico e variado, estando concentrado ao longo das vias principais, como a Avenida Governador Ivo Silveira e as ruas Santos Saraiva e Prefeito Dib Cherem. De cima do morro da Igreja de São João Batista e Santa Luzia é possível ter uma bela vista do bairro, emoldurado pelo mar da Baía Sul.",apartamento,https://www.chavesnamao.com.br/imovel/apartamento-para-alugar-1-quarto-sc-florianopolis-capoeiras-RS1390/id-12533995/,capoeiras,1640.0,374244.27,1871.22135,0.14098862804878043
162,1490,250.0,20.0,1,1,,"Rua Irmã Bonavita, 1269",-27.5881,-48.59554,"Excelente apartamento para aluguel no bairro Capoeiras em Florianópolis. Com 1 dormitório, possui sacada privativa com churrasqueira, sala com cozinha conjugada, área de serviço, piso é de porcelanato, banheiro social com box de vidro . Possui uma área privativa de 20.42m². O apartamento está localizado no 1º andar de um prédio com 5 apartamentos por andar. Não perca essa oportunidade! Entre em contato para mais informações.  Capoeiras está localizado na parte continental de Florianópolis, sendo o maior e mais populoso bairro desta região. O bairro mescla área comercial e residencial. Seu comércio é dinâmico e variado, estando concentrado ao longo das vias principais, como a Avenida Governador Ivo Silveira e as ruas Santos Saraiva e Prefeito Dib Cherem. De cima do morro da Igreja de São João Batista e Santa Luzia é possível ter uma bela vista do bairro, emoldurado pelo mar da Baía Sul.",apartamento,https://www.chavesnamao.com.br/imovel/apartamento-para-alugar-1-quarto-sc-florianopolis-capoeiras-RS1490/id-12533992/,capoeiras,1740.0,374154.27,1870.7713500000002,0.07515594827586214
163,1650,0.0,41.0,1,1,,"Rua Luiz Gonzaga Valente, 571",-27.5883647,-48.5945452,"Excelente apartamento no bairro Capoeiras, com 41.41m² de área privativa. O imóvel possui 1 dormitório, banheiro, área de serviço, cozinha, sacada e está semi mobiliado. Localizado na Rua Luiz Gonzaga Valente. Aproveite essa oportunidade de adquirir seu novo lar em Florianópolis!",apartamento,https://www.chavesnamao.com.br/imovel/apartamento-para-alugar-1-quarto-sc-florianopolis-capoeiras-RS1650/id-1356250/,capoeiras,1650.0,371345.53,1856.7276500000003,0.1252894848484849
164,1700,580.0,55.0,2,1,2,"Rua Comandante José Ricardo Nunes, 176",-27.59939,-48.58429,"Ótimo apartamento para locação no bairro Capoeiras. Localizado a 10 minutos do centro de Florianópolis e a 3 minutos do Angeloni de Capoeiras, esse imóvel conta com 2 dormitórios, todas as janelas com vista livre e bem iluminadas, 1 banheiro social, sala, cozinha e área de serviço. Andar alto (3º andar) muito bem ventilado e claro. Imóvel conta com 2 vagas de garagens privativas sendo 1 coberta. Há também disponibilidade para mais uma vaga de uso em comum no pátio fechado. Condomínio com circuito de câmeras de segurança nas áreas em comum. Pets de pequeno porte são bem-vindos. Valor do condomínio poderá variar conforme consumo de água. ​Valor Aproximado do Seguro Incêndio Anual R$156,85 (Chave:16)  ",apartamento,https://www.chavesnamao.com.br/imovel/apartamento-para-alugar-2-quartos-com-garagem-sc-florianopolis-capoeiras-55m2-RS1700/id-21979261/,capoeiras,2280.0,537473.04,2687.3652,0.1786689473684211
165,1750,200.0,30.0,1,1,,"Servidão Natalino, 101",-27.59845,-48.59825,"Excelente apartamento para aluguel em Capoeiras, com 1 dormitório, sala ampla, cozinha, banheiro social com box e piso cerâmico. Localizado na Servidão Natalino, próximo a comércios e serviços. Ótima oportunidade para morar em um bairro tranquilo e bem localizado. Agende uma visita!  ALGUNS ENCARGOS AINDA VÃO SER ATUALIZADOS****  Capoeiras está localizado na parte continental de Florianópolis, sendo o maior e mais populoso bairro desta região. O bairro mescla área comercial e residencial. Seu comércio é dinâmico e variado, estando concentrado ao longo das vias principais, como a Avenida Governador Ivo Silveira e as ruas Santos Saraiva e Prefeito Dib Cherem. De cima do morro da Igreja de São João Batista e Santa Luzia é possível ter uma bela vista do bairro, emoldurado pelo mar da Baía Sul.",apartamento,https://www.chavesnamao.com.br/imovel/apartamento-para-alugar-1-quarto-sc-florianopolis-capoeiras-30m2-RS1750/id-21458884/,capoeiras,1950.0,374244.27,1871.22135,-0.04039930769230771
166,1800,375.0,70.0,2,1,1,"Rua Biase Faraco, 187",-27.5959472,-48.584855000000005,"Apartamento com 2 dormitórios, sala, cozinha com armários, banheiro, área de serviço, piso cerâmico e 01 vaga de garagem coberta.   ALGUNS ENCARGOS AINDA VÃO SER ATUALIZADOS****  Localizado em ótimo bairro, próximo a escolas, farmácias, panificadoras e comércio local. Fácil acesso às principais vias e aos bairros vizinhos.  Pontos de referência: Fundos da RB Automoveis; Fundos do Centro Comercial Edelweiss.",apartamento,https://www.chavesnamao.com.br/imovel/apartamento-para-alugar-2-quartos-com-garagem-sc-florianopolis-capoeiras-70m2-RS1800/id-1380704/,capoeiras,2175.0,497935.0,2489.675,0.14467816091954022
167,1800,100.0,55.0,,1,,"Rua Luiz Gonzaga Valente, 571",-27.58829,-48.5944,"Excelente oportunidade de aluguel de loja, possui 55.43m² de área privativa e lavabo. A localização em Capoeiras, Florianópolis, oferece facilidade de acesso e visibilidade para o seu negócio. Não perca essa oportunidade, agende uma visita!",ponto-comercial,https://www.chavesnamao.com.br/imovel/ponto-comercial-para-alugar-2-salas-sc-florianopolis-capoeiras-55m2-RS1800/id-22219467/,capoeiras,1900.0,,,
168,2250,0.0,157.0,4,2,2,"Rua Waldemar Ouriques, 769",-27.593134,-48.5929697,"Casa residencial com 157m²!! Possui 3 dormitórios, oferece duas salas amplas e bem arejadas, lavabo, cozinha, área de serviço, lavabo, banheiro social, varanda, edícula e garagem. Excelente e ampla área externa.  Capoeiras está localizado na parte continental de Florianópolis, sendo o maior e mais populoso bairro desta região. O bairro mescla área comercial e residencial. Seu comércio é dinâmico e variado, estando concentrado ao longo das vias principais, como a Avenida Governador Ivo Silveira e as ruas Santos Saraiva e Prefeito Dib Cherem. De cima do morro da Igreja de São João Batista e Santa Luzia é possível ter uma bela vista do bairro, emoldurado pelo mar da Baía Sul.",casa,https://www.chavesnamao.com.br/imovel/casa-para-alugar-4-quartos-com-garagem-sc-florianopolis-capoeiras-157m2-RS2250/id-15300028/,capoeiras,2250.0,,,
169,2300,478.0,74.0,3,2,,"Rua Fermino Costa, 176",-27.59914,-48.58817,"Ótima oportunidade de aluguel de apartamento localizado na Rua FERMINO COSTA, número 176, em Capoeiras. Com área privativa de 74m², este imóvel é ideal para quem busca conforto e praticidade. A região de Coqueiros em Florianópolis é conhecida por sua infraestrutura completa, com fácil acesso a comércios, escolas e transporte público.   Aproveite essa chance única e agende uma visita agora mesmo!",apartamento,https://www.chavesnamao.com.br/imovel/apartamento-para-alugar-3-quartos-sc-florianopolis-capoeiras-74m2-RS2300/id-22422435/,capoeiras,2778.0,482372.74,2411.8637,-0.13179852411807058
170,2500,695.0,92.0,2,3,2,"Rua Maria Claudino da Cruz, 595",-27.59321,-48.59487,"Apartamento semi mobiliado para aluguel no Quebec Residence, localizado na Rua Maria Claudino da Cruz, com 75M² de área privativa e 2 dormitórios, sendo 1 suíte. O imóvel conta ainda com sala, sacada com churrasqueira, cozinha com ármarios, área de serviço, banheiro social com box de vidro, piso porcelanato, hobbybox. Próximo a comércios locais e facilidades. Agende sua visita!",apartamento,https://www.chavesnamao.com.br/imovel/apartamento-para-alugar-2-quartos-com-garagem-sc-florianopolis-capoeiras-92m2-RS2500/id-21948170/,capoeiras,3195.0,716176.06,3580.8803000000003,0.12077630672926465
171,3280,580.0,88.0,3,1,2,"Rua Dr.  Homero De Miranda Gomes, 118 Ed. Edelweiss, ",-27.5954179,-48.5837885,"3 dormitórios sendo 1 suíte, 1 banheiro social, cozinha, área de serviço, sala de estar, sala de TV, 1 sacada, 2 vagas de garagem, churrasqueira, elevador, gás central, playground, quadra de esportes, salão de festas, frente, churrasqueira no prédio. Grande oportunidade, um belíssimo apartamento com 3 dormitórios sendo um deles uma bela suíte, 2 banheiros para maior comodidade e mais conforto com 2 vagas de garagem. Cozinha com excelentes armários, geladeira duplex, área de serviço com tanque e armário. Sala com rack e cristaleiras. Sacada com churrasqueira e fechada com sistema reick. Suíte com armários de ótima qualidade. Banheiros com armários e box de vidro. Apartamento ensolarado e arejado. Split nos dormitórios. Condomínio com elevador, portaria virtual, playground, salão de festas e minimercado dentro do próprio condomínio.  ",apartamento,https://www.chavesnamao.com.br/imovel/apartamento-para-alugar-3-quartos-com-garagem-sc-florianopolis-capoeiras-95m2-RS3280/id-20372322/,capoeiras,3860.0,568331.55,2841.6577500000003,-0.2638192357512953
172,3300,618.0,72.0,3,2,2,"Rua Professor Clementino de Brito, 455",-27.5975301,-48.579829,"Ótimo apartamento contendo 3 dormitórios, sendo 1 suíte, sala ampla com sacada, linda vista para o mar, cozinha com armários e balcão de pia, área de serviço, banheiros com box de vidro, revestido em piso cerâmico. Com 2 vagas de garagem coberta e área privativa de 72.8m². Próximo a comércios, escolas e facilidades. Agende uma visita!  Cobrança de água individual.",apartamento,https://www.chavesnamao.com.br/imovel/apartamento-para-alugar-3-quartos-com-garagem-sc-florianopolis-capoeiras-80m2-RS3300/id-1126217/,capoeiras,3918.0,604136.46,3020.6823,-0.229024425727412
173,3400,731.0,107.0,3,3,1,"Rua Vereador Nagib Jabor, 127",-27.59674,-48.59505,"apartamento para alugar no bairro Capoeiras, Florianópolis. Com 107,10m² de área privativa e 03 dormitórios , sendo 01 suíte com armário, cama. O imóvel conta tambem com sala, sacada, cozinha com móveis planejados, área de serviço, dependência de empregada, banheiro se serviço, piso cerâmio, banheiro social com box de vidro e 1 vaga de garagem coberta. Ótima localização em avenida de fácil acesso. Agende uma visita e venha conferir!",apartamento,https://www.chavesnamao.com.br/imovel/apartamento-para-alugar-3-quartos-com-garagem-sc-florianopolis-capoeiras-107m2-RS3400/id-1113694/,capoeiras,4131.0,761541.34,3807.7066999999997,-0.07826030016945051
174,3500,534.0,80.0,3,2,1,"Rua Fermino Costa, 176",-27.59914,-48.58817,"Ótima oportunidade de aluguel de apartamento no Residencial Florença, localizado na rua Fermino Costa, em Capoeiras, Florianópolis. O imóvel possui 80.35m² de área privativa, 3 dormitórios sendo 1 suíte, banheiro social, sala, sacada, cozinha com armários, área de serviço e vaga garagem. Agende uma visita!",apartamento,https://www.chavesnamao.com.br/imovel/apartamento-para-alugar-3-quartos-com-garagem-sc-florianopolis-capoeiras-99m2-RS3500/id-20125086/,capoeiras,4034.0,557910.0,2789.55,-0.3084903321764997
175,3550,390.0,71.0,2,2,,"Rua Joaquim Nabuco, 1718",-27.59247,-48.59213,"Apartamento para aluguel no RIO PLATA RESIDENCE, com71,20m² de área privativa e 2 dormitórios, sendo 1 suíte. O imóvel conta ainda com sala, sacada com churrasqueira, cozinha com moveis planejados, banheiro social com box de vidro e piso cerâmico. Agende uma visita agora mesmo!",apartamento,https://www.chavesnamao.com.br/imovel/apartamento-para-alugar-2-quartos-sc-florianopolis-capoeiras-97m2-RS3550/id-22080851/,capoeiras,3940.0,483602.74,2418.0137,-0.3862909390862944
176,3700,596.0,109.0,3,2,2,"Rua Vereador Nagib Jabor, 285",-27.59545,-48.59486,"Excelente apartamento para aluguel com 3 dormitórios sendo 1 suíte com hidro, sala com sacada, cozinha planejada, área de serviço, despensa, escritório, banheiro social com box, piso cerâmico e vaga de garagem.",apartamento,https://www.chavesnamao.com.br/imovel/apartamento-para-alugar-3-quartos-com-garagem-sc-florianopolis-capoeiras-129m2-RS3700/id-15402125/,capoeiras,4296.0,666477.435,3332.3871750000003,-0.2243046613128491
177,3900,510.0,75.0,2,2,1,"Avenida Governador Ivo Silveira, 177",-27.6005376,-48.5823788,"Excelente apartamento no Boulevard Hercílio Luz, na Avenida Governador Ivo Silveira, em Florianópolis.  O imóvel possui 75 m² e conta com 2 dormitórios (sendo 1 suíte), sala, sacada com belíssima vista, cozinha, área de serviço e banheiro social. Além disso possui vaga de garagem coberta.  Próximo a comércios, escolas, bancos, áreas de lazer e demais facilidades do dia a dia. Possui um fácil acesso às principais vias, tanto em direção ao continente quanto em direção à ilha.   Não perca essa oportunidade e agende agora mesmo sua visita!  * ALGUNS ENCARGOS AINDA SERÃO ATUALIZADOS *",apartamento,https://www.chavesnamao.com.br/imovel/apartamento-para-alugar-2-quartos-com-garagem-sc-florianopolis-capoeiras-100m2-RS3900/id-22036309/,capoeiras,4410.0,543701.3333333334,2718.506666666667,-0.3835585789871503
178,3950,820.0,75.0,2,2,2,"Rua Santos Saraiva, 1746",-27.59723,-48.5899,"Ótimo apartamento com 2 quartos sendo 1 suite com armários planejados, cama box e persiana elétrica sala com mesa e 4 cadeiras, aparador e sofá retratil, sacada com churrasqueira, cozinha com armários, banheiro social, área de serviço com maquina de lavar e aquecedor de passagem de agua, 2 vagas de garagem.     Condomínio com piscina adulto e infantil, salão de festas, salão de jogos, academia, cinema, sala de estudos, campo de futebol, mini mercado, estacionamento pra visitas, elevadores.  Atualizado segunda, 24 junho 2024",apartamento,https://www.chavesnamao.com.br/imovel/apartamento-para-alugar-2-quartos-com-garagem-sc-florianopolis-capoeiras-75m2-RS3950/id-12380046/,capoeiras,4770.0,593035.24,2965.1762,-0.3783697693920336
179,3980,580.0,85.0,3,2,1,"Rua Doutor Odilon Gallotti, 605",-27.5924322,-48.58741819999999,"More neste amplo apartamento com 3 dormitórios, sendo 1 suíte, sala ampla, sacada com churrasqueira, cozinha e área de serviço, piso porcelanato. Sol da manhã. Com 1 vaga de garagem e hobby box. *IPTU E COLETA DE LIXO EM ATUALIZAÇÃO.*",apartamento,https://www.chavesnamao.com.br/imovel/apartamento-para-alugar-3-quartos-com-garagem-sc-florianopolis-capoeiras-103m2-RS3980/id-3959505/,capoeiras,4560.0,558425.0,2792.125,-0.38769188596491233
180,4800,0.0,106.0,,2,1,"Rua Doutor Odilon Gallotti, 371",-27.59441,-48.5879,"Loja comercial com 106m² de área privativa, em ótima localização em Capoeiras.   Imóvel semi mobiliado com mesas, cadeiras, balcões, freezer de bebidas, geladeira, ar condicionado e luminárias.   Possuí espaço kids, cozinha e 2 lavabos (feminino e masculino).   Espaço ideal para o ramo alimentício.   Agende já uma visita através do nosso plantão de vendas pelo telefone (48)   ou pelo whatsapp (48) 9 9865- 9090. Aguardamos seu contato!   Será ainda de responsabilidade do locatário, o pagamento de seguro incêndio, energia elétrica, água e demais encargos. Sobre o valor do condomínio, poderá haver fundo de reserva e rateio, que serão pagos pelo locatário, podendo ser ressarcidos posteriormente. Estas informações são de responsabilidade do proprietário e poderão ser alteradas a qualquer momento. Os valores anunciados de Condomínio, IPTU, Laudêmio, TCRS e outras taxas que por ventura venham a incidir sobre este imóvel são aproximados. Solicite o valor atualizado. A visualização de mobília nas imagens não significa que o mesmo será comercializado mobiliado.   EMPRESA: A Invista conta com profissionais especializados no mercado imobiliário e possui duas lojas, a Matriz no Centro e uma Filial no Estreito, em pontos nobres com estacionamento. Temos mais de 13 anos de experiência sempre satisfazendo nossos clientes e fazendo amigos. Nossa pauta possui mais de 3000 imóveis com diversas opções na Ilha e no Continente. Venha tomar um café conosco e conferir o que temos de melhor pra você.",ponto-comercial,https://www.chavesnamao.com.br/imovel/ponto-comercial-para-alugar-2-salas-com-garagem-sc-florianopolis-capoeiras-110m2-RS4800/id-18118316/,capoeiras,4800.0,,,
181,5000,0.0,120.0,4,1,4,"Rua Vereador Nagib Jabor, 372",-27.5946431,-48.59430889999999,"Casa residencial com 1200m²!! Possui 4 dormitórios sendo 1 suíte, sala ampla, cozinha, área de serviço, banheiro social com box de vidro, 4 vagas de garagem. Excelente área externa com churrasqueira.   Capoeiras está localizado na parte continental de Florianópolis, sendo o maior e mais populoso bairro desta região. O bairro mescla área comercial e residencial. Seu comércio é dinâmico e variado, estando concentrado ao longo das vias principais, como a Avenida Governador Ivo Silveira e as ruas Santos Saraiva e Prefeito Dib Cherem. De cima do morro da Igreja de São João Batista e Santa Luzia é possível ter uma bela vista do bairro, emoldurado pelo mar da Baía Sul.",casa,https://www.chavesnamao.com.br/imovel/casa-para-alugar-4-quartos-com-garagem-sc-florianopolis-capoeiras-120m2-RS5000/id-13614748/,capoeiras,5000.0,,,
182,5500,0.0,180.0,,2,,"Luiz Gualberto, 92",-27.5946422,-48.5836095,"Loja comercial com 600m²! Possui 3 salas com excelente e amplo espaço e 2 lavabos. Ideal pra você que quer abrir ou expandir seu negócio.   Capoeiras está localizado na parte continental de Florianópolis, sendo o maior e mais populoso bairro desta região. O bairro mescla área comercial e residencial. Seu comércio é dinâmico e variado, estando concentrado ao longo das vias principais, como a Avenida Governador Ivo Silveira e as ruas Santos Saraiva e Prefeito Dib Cherem. De cima do morro da Igreja de São João Batista e Santa Luzia é possível ter uma bela vista do bairro, emoldurado pelo mar da Baía Sul.",ponto-comercial,https://www.chavesnamao.com.br/imovel/ponto-comercial-para-alugar-3-salas-sc-florianopolis-capoeiras-517m2-RS5500/id-15853944/,capoeiras,5500.0,,,
183,33000,0.0,428.0,,,50,"Avenida Patrício Caldeira de Andrade, 150",-27.6011131,-48.5937855,"Esta imensa loja de 428 m², situada no bairro de Capoeiras, em Florianópolis, é a escolha perfeita para empresários que precisam otimizar suas operações logísticas. Este espaço comercial possui um amplo terreno e um estacionamento com capacidade para mais de 50 vagas. Além disso, a propriedade conta com 02(duas) salas e 04(quatro) banheiros.  Localização estratégica para seus negócios;  O galpão está localizado na Avenida Patrício Caldeira de Andrade, uma área movimentada e estrategicamente posicionada para facilitar o transporte e a distribuição. Sua localização em Capoeiras, um ponto central em Florianópolis, garante fácil acesso às principais rotas e rodovias da cidade.  Espaço amplo e versátil, com uma área privada de 428 m², este galpão oferece uma variedade de opções para organizar sua operação. O espaço pode ser adaptado para atender às necessidades específicas do seu negócio, seja ele voltado ao armazenamento de produtos ou à realização de atividades comerciais. A estrutura também comporta quatro banheiros e duas salas.  Estacionamento para mais de 50 veículos;  A propriedade conta com um amplo terreno que possibilita a disposição de mais de 50 vagas de estacionamento. Este diferencial é ideal para empresas que possuem uma frota veicular significativa ou que recebem muitos clientes e fornecedores em suas instalações;  Pronto para alugar e impulsionar seus negócios;  Não perca a oportunidade de trazer sua empresa para um local estratégico e com todas as facilidades que este galpão proporciona. Apartamento em São José-sc, Apartamento em Florianópolis-SC, Aluguel de Apartamento e Galpão",ponto-comercial,https://www.chavesnamao.com.br/imovel/ponto-comercial-para-alugar-com-garagem-sc-florianopolis-capoeiras-2330m2-RS33000/id-20830708/,capoeiras,33000.0,,,
184,1200,200.0,60.0,1,1,,"Servidão Natalino, 101",-27.59845,-48.59825,"Apartamento com dormitório, cozinha, banheiro social com box e piso cerâmico.   ALGUNS ENCARGOS AINDA VÃO SER ATUALIZADOS****  IMÓVEL EM REFORMA**   Capoeiras está localizado na parte continental de Florianópolis, sendo o maior e mais populoso bairro desta região. O bairro mescla área comercial e residencial. Seu comércio é dinâmico e variado, estando concentrado ao longo das vias principais, como a Avenida Governador Ivo Silveira e as ruas Santos Saraiva e Prefeito Dib Cherem. De cima do morro da Igreja de São João Batista e Santa Luzia é possível ter uma bela vista do bairro, emoldurado pelo mar da Baía Sul.",apartamento,https://www.chavesnamao.com.br/imovel/apartamento-para-alugar-1-quarto-sc-florianopolis-capoeiras-60m2-RS1200/id-21458882/,capoeiras,1400.0,404120.44,2020.6022,0.4432872857142858
185,2600,420.0,57.0,2,1,1,"Rua Arco íris, 61",-27.66588,-48.53607,"Excelente apartamento de 2 dormitórios para alugar no Empreendimento 14 BIZ, localizado na Rua Arco-Íris, número 61, no bairro de Carianos. O imóvel possui 57.2m² de área privativa, 1 banheiro social, estacionamento rotativo e está localizado em uma ótima região de Florianópolis.  Aproveite essa oportunidade! Entre em contato para mais informações.",apartamento,https://www.chavesnamao.com.br/imovel/apartamento-para-alugar-2-quartos-com-garagem-sc-florianopolis-carianos-RS2600/id-22175781/,carianos,3020.0,465062.19,2325.31095,-0.23002948675496682
186,5000,0.0,200.0,4,3,,"Olinda Celestina Lacerda, 388",-27.66409,-48.52799,"Auxiliadora Predial agência Lagoa da Conceição aluga, sobrado composto de 4 quartos sendo uma suíte, todos os quartos possuem sacada, sala de estar e jantar integradas com a cozinha, garagem coberta para até 2 carros e 1 carro descoberto, piso vinílico em todo o imóvel, ficam os moveis sob medida, aceita pet, banheiro social no primeiro andar, churrasqueira, pátio nos fundos. Próximo à escola, padaria, supermercado, posto de gasolina, com fácil acesso a outros bairros e a região das praias. Agende uma visita e venha conhecer este imóvel.",casa,https://www.chavesnamao.com.br/imovel/casa-para-alugar-4-quartos-sc-florianopolis-carianos-220m2-RS5000/id-21892532/,carianos,5000.0,,,
187,13900,0.0,340.0,,1,8,"Avenida Deputado Diomício Freitas, 3348",-27.66327,-48.54481,"ALUGO EXCELENTE GALPÃO COMERCIAL COM 340M² NO CARIANOS, PRÓXIMO AO ANTIGO AEROPORTO!  Código do anúncio: GA0001  Cond/Ed.: Galpão Comercial Localização: Bairro Carianos, Florianópolis - SC  Descrição do Imóvel: Excelente galpão com 340m² privativos localizado no bairro Carianos a poucos passos do antigo Aeroporto Internacional Hercílio Luz, com estacionamento próprio.  Diferenciais do imóvel: - Espaço amplo - Versátil para seu negócio - Divisões para salas e escritórios - 8 vagas de estacionamento  ALUGO APARTAMENTO NA BEIRA-MAR NORTE, ANDAR ALTO, VISTA PARA O MAR, ENSOLARADO, SEMIMOBILIADO, PRÓXIMO AO COLÉGIO CATARINENSE!  Apartamento reformado, com 3 dormitórios sendo 1 suíte, bwc social, sala de estar e jantar, cozinha, ampla área de serviço e lavabo de serviço. 2 vagas de garagem (dupla).  Mobília: Cozinha montada, armários embutidos na área de serviço, dormitórios e banheiros. Ar condicionado.  Diferenciais do imóvel: - Andar alto - Semimobiliado - Vista mar - 2 vagas - Bem localizado  Condomínio: - Portaria 24h - 2 elevadores  Além do aluguel, será de responsabilidade do locatário o pagamento do IPTU, seguro contra incêndio, condomínio, quando o caso, e demais encargos estabelecidos no contrato de locação, conforme artigos 22 e 23 da lei 8.245/91.  Valores podem alterar sem aviso prévio! Consulte-nos!",galpao,https://www.chavesnamao.com.br/imovel/galpao-para-alugar-com-garagem-sc-florianopolis-carianos-500m2-RS13900/id-16024629/,carianos,13900.0,,,
188,13900,0.0,340.0,,,,"Avenida Deputado Diomício Freitas, 3348",-27.66327,-48.54481,"CONDIÇÃO ESPECIAL R$ 9.900,00 para os primeiros 6 meses*",galpao,https://www.chavesnamao.com.br/imovel/galpao-para-alugar-sc-florianopolis-carianos-RS13900/id-12954960/,carianos,13900.0,,,
189,15300,0.0,340.0,,1,,"Avenida Deputado Diomício Freitas, 3348",-27.66327,-48.54481,"Aproveite esta oportunidade única de alugar um terreno exclusivo no Carianos, uma das áreas mais desejadas da região.   Localização privilegiada ao lado do aeroporto, com estacionamento próprio e uma área privativa de 340m2, o galpão oferece um espaço amplo e versátil para atender às necessidades do seu negócio. Uma vantagem adicional deste imóvel é a presença das divisões para salas e escritórios, já disponíveis dentro do galpão. Isso significa que você pode aproveitar imediatamente esse espaço funcionalmente organizado, otimizando sua produtividade desde o primeiro dia.",galpao,https://www.chavesnamao.com.br/imovel/galpao-para-alugar-sc-florianopolis-carianos-340m2-RS15300/id-17988003/,carianos,15300.0,,,
190,15300,0.0,340.0,,,,"Avenida Deputado Diomício Freitas, 3348",-27.6630581,-48.5448695,Galpão logístico/ Comercial ( antiga TAM Cargo) com 340 metros quadrados de área privativa disponível para locação.  Locação sem burocracia,galpao,https://www.chavesnamao.com.br/imovel/galpao-para-alugar-sc-florianopolis-carianos-340m2-RS15300/id-12242502/,carianos,15300.0,,,
191,1800,120.0,31.0,,1,2,"Avenida Deputado Diomício Freitas, 2535",-27.6638846,-48.53609389999997,"Loja comercial com lavabo, piso cerâmico e 2 vagas de estacionamento descoberto.   O bairro Carianos está localizado no sul da Ilha de Santa Catarina, entre os bairros da Tapera, Costeira do Pirajubaé, Rio Tavares e Campeche, a 10,4 km do centro de Florianópolis. Carianos possui várias escolas e creches públicas e particulares, igrejas de diversas denominações, mercados, padarias, farmácias, feirinhas de produtos agrícolas e postos de gasolina. O morador encontra quase tudo e tem pouca necessidade de deslocamento para encontrar o que precisa.  Ponto de referência: Auto Posto Ipiranga.",ponto-comercial,https://www.chavesnamao.com.br/imovel/ponto-comercial-para-alugar-1-sala-com-garagem-sc-florianopolis-carianos-31m2-RS1800/id-1523044/,carianos,1920.0,,,
192,1500,93.0,29.0,1,1,,"Servidão Idelfonso Caetano Melo, 264",-27.66106,-48.54505,"Excelente apartamento para alugar em Carianos, Florianópolis. o imóvel possui dormitório, sala e cozinha conjugadas, área de serviço. Agende uma visita e venha conhecer!  O bairro Carianos está localizado no sul da Ilha de Santa Catarina, entre os bairros da Tapera, Costeira do Pirajubaé, Rio Tavares e Campeche, a 10,4 km do centro de Florianópolis. Carianos possui várias escolas e creches públicas e particulares, igrejas de diversas denominações, mercados, padarias, farmácias, feirinhas de produtos agrícolas e postos de gasolina. O morador encontra quase tudo e tem pouca necessidade de deslocamento para encontrar o que precisa.",apartamento,https://www.chavesnamao.com.br/imovel/apartamento-para-alugar-1-quarto-sc-florianopolis-carianos-RS1500/id-3055707/,carianos,1593.0,522054.38,2610.2719,0.638588763339611
193,3380,347.0,71.0,2,2,1,"Rua Joaquim Nabuco, 1718",-27.59247,-48.59213,"Apartamento para aluguel no RIO PLATA RESIDENCE, localizado na Rua Joaquim Nabuco, com 2 dormitórios, sendo 1 suíte, sala ampla, sacada com churrasqueira, cozinha com móveis planejados, banheiro social com box, piso de porcelanato e 1 vaga de garagem. Ótima localização com fácil acesso a comércios e serviços. Aproveite essa oportunidade! Entre em contato para mais informações.",apartamento,https://www.chavesnamao.com.br/imovel/apartamento-para-alugar-2-quartos-com-garagem-sc-florianopolis-coloninha-97m2-RS3380/id-19322129/,coloninha,3727.0,878327.435,4391.637175000001,0.17833033941507925
194,3400,0.0,65.0,2,2,1,"Rua Joaquim Nabuco, 1718",-27.59247,-48.59213,"Oportunidade de apartamento para alugar no RIO PLATA RESIDENCE, localizado no bairro Coloninha, em Florianópolis.   O imóvel conta com 2 dormitórios (sendo 1 suíte), sacada com churrasqueira, sala, cozinha, área de serviço e um banheiro social.  Não perca essa chance e agende agora mesmo a sua visita!  *** ALGUNS ENCARGOS AINDA SERÃO ATUALIZADOS ***",apartamento,https://www.chavesnamao.com.br/imovel/apartamento-para-alugar-2-quartos-com-garagem-sc-florianopolis-coloninha-RS3400/id-21860666/,coloninha,3400.0,884028.81,4420.144050000001,0.30004236764705916
195,3500,1115.0,84.0,3,1,2,"Rua João Evangelista da Costa, 787",-27.5886178,-48.5910302,"Apartamento para aluguel no empreendimento Sam Marino, localizado na Rua João Evangelista da Costa, no bairro de Coloninha em Florianópolis, com 84.6m² de área privativa e 3 dormitórios, sendo 1 suíte. O imóvel conta ainda com sala, cozinha e banheiro social... Obs Imóvel em reforma.",apartamento,https://www.chavesnamao.com.br/imovel/apartamento-para-alugar-3-quartos-com-garagem-sc-florianopolis-coloninha-141m2-RS3500/id-20896901/,coloninha,4615.0,1385522.6,6927.613,0.5011079089924162
196,3600,0.0,68.0,2,2,1,"Rua Joaquim Nabuco, 1718",-27.59247,-48.59213,"Excelente apartamento para aluguel no Rio Plata Residence, localizado na Rua Joaquim Nabuco, Bairro Coloninha. Com 2 dormitórios, sendo 1 suíte, sala, cozinha, área de serviço, sacada com churrasqueira, banheiro social e vaga de garagem. Aproveite essa oportunidade de alugar um imóvel com ótima infraestrutura.   CONDOMINIO, IPTU E TAXA DE LIXO EM ATUALIZAÇÃO.",apartamento,https://www.chavesnamao.com.br/imovel/apartamento-para-alugar-2-quartos-com-garagem-sc-florianopolis-coloninha-93m2-RS3600/id-20002584/,coloninha,3600.0,884985.54,4424.9277,0.2291465833333335
197,3900,0.0,80.0,3,2,1,"Rua Joaquim Nabuco, 1718",-27.59247,-48.59213,"Excelente apartamento para aluguel localizado na Rua Joaquim Nabuco, Bairro Coloninha, Florianópolis. Com 80m² de área privativa, o imóvel oferece 3 dormitórios sendo 1 suíte, sala, cozinha, área de serviço, sacada com churrasqueira e 1 vaga de garagem. Agende uma visita!",apartamento,https://www.chavesnamao.com.br/imovel/apartamento-para-alugar-3-quartos-com-garagem-sc-florianopolis-coloninha-109m2-RS3900/id-20002577/,coloninha,3900.0,905464.6,4527.323,0.16085205128205127
198,1400,350.0,26.0,,1,1,"Rua Joaquim Nabuco, 1718",-27.59247,-48.59213,"Excelente oportunidade de aluguel de loja na Rua Joaquim Nabuco, no bairro Coloninha em Florianópolis. Com uma área privativa de 26.65m², esta loja conta com 1 lavabo, 1 vaga de estacionamento e infraestrutura completa, incluindo acesso para deficientes físicos. Com ótima localização, próximo a comércios e serviços, esta é a oportunidade que você estava procurando para abrir o seu negócio. Agende uma visita e aproveite essa chance!",ponto-comercial,https://www.chavesnamao.com.br/imovel/ponto-comercial-para-alugar-1-sala-com-garagem-sc-florianopolis-coloninha-31m2-RS1400/id-18759975/,coloninha,1750.0,,,
199,1550,350.0,26.0,,1,,"Rua Joaquim Nabuco, 1718",-27.59247,-48.59213,"Excelente oportunidade para alugar uma loja na rua Joaquim Nabuco, localizada no bairro Colônia em Florianópolis. Com uma área privativa de 26.22m² e uma área total de 30m², essa loja conta com 1 sala, lavav=bo e piso porcelanato. A localização é privilegiada, proporcionando fácil acesso e visibilidade para clientes. Não perca essa oportunidade, entre em contato para mais informações e agendar uma visita.",ponto-comercial,https://www.chavesnamao.com.br/imovel/ponto-comercial-para-alugar-1-sala-sc-florianopolis-coloninha-30m2-RS1550/id-18759976/,coloninha,1900.0,,,
200,2500,0.0,42.0,,1,3,"Rua Professor Marcos Cardoso Filho, 111",-27.59931,-48.5127,"Excelente oportunidade sala comercial no bairro Córrego Grande em Florianópolis SC. Possui aproximadamente 40m², sala inferior de 25m² + mesanino com 15m², banheiro social, piso porcelanato Posição solar tarde, posição frente. Prédio Comercial com vaga de garagem. Excelente localização de fácil acesso, próximo a supermercados restaurantes, padarias, farmácias e diversas facilidades da região. Reserve sua visita e venha conferir essa espetacular oportunidade! VAGAS ROTATIVAS",ponto-comercial,https://www.chavesnamao.com.br/imovel/ponto-comercial-para-alugar-com-garagem-sc-florianopolis-corrego-grande-54m2-RS2500/id-19050333/,corrego-grande,2500.0,,,
201,2500,724.0,63.0,2,1,1,"Rua João Pio Duarte Silva, 576",-27.59987,-48.51096,"Oportunidade de aluguel de apartamento localizado na Rua Joao Pio Duarte Silva, no bairro Córrego Grande em Florianópolis.  O imóvel possui 63m² de área privativa e conta com 2 dormitórios, sacada, sala, cozinha, área de serviço e banheiro social. O imóvel conta ainda com vaga de garagem coberta.   Agende sua visita!",apartamento,https://www.chavesnamao.com.br/imovel/apartamento-para-alugar-2-quartos-com-garagem-sc-florianopolis-corrego-grande-RS2500/id-19876465/,corrego-grande,3224.0,544582.73,2722.91365,-0.15542380583126547
202,2800,867.0,70.0,3,1,1,"Rua João Pio Duarte Silva, 682",-27.59973,-48.50992,"Ótimo apartamento para aluguel no bairro Córrego Grande em Florianópolis. Com 3 dormitórios, sala ampla, sala de jantar, cozinha com armários, área de serviço, banheiro social com box de vidro e 1 vaga de garagem. O apartamento possui área privativa de 70m² e área total de 90m².   ALGUNS ENCARGOS AINDA VÃO SER ATUALIZADOS****  A localização é excelente, com fácil acesso a comércios e serviços. Agende uma visita e conheça este belo apartamento!",apartamento,https://www.chavesnamao.com.br/imovel/apartamento-para-alugar-3-quartos-com-garagem-sc-florianopolis-corrego-grande-90m2-RS2800/id-21550643/,corrego-grande,3667.0,523190.75,2615.95375,-0.28662292064357786
203,2800,870.0,97.0,3,1,1,"Rua João Pio Duarte Silva, 682",-27.59973,-48.50992,"Apartamento semi mobiliado em Condomínio fechado, localizado na região central de Florianópolis, no bairro Córrego Grande. Este imóvel recém reformado possui 97m² de área privativa, distribuídos em 3 dormitórios, living amplo com dois ambientes, cozinha com bancada sob medida que integra a sala, área de serviço coberta com espaço para pet e banheiro social com box de vidro. Piso frio nas áreas sócias e piso quente nas áreas intimas. Possui 1 vaga de garagem com Hobby Box. O Residencial Reino de Camelot é localizado na principal rua do bairro, em frente ao Horto Florestal, distante 700 metros da UFSC e a 400 metros do centro de engenharia, junto a todo tipo de comércio e serviço. Infraestrutura de Piscina adulto e Infantil, elevador, zelador e bicicletário. Agende sua visita com o corretor licenciado e descubra mais sobre esse incrível apartamento. Imóvel de fácil visitação.",apartamento,https://www.chavesnamao.com.br/imovel/apartamento-para-alugar-3-quartos-com-garagem-sc-florianopolis-corrego-grande-120m2-RS2800/id-21892525/,corrego-grande,3670.0,697016.65,3485.08325,-0.05038603542234332
204,2850,780.0,63.0,2,2,2,"Rua João Pio Duarte Silva, 94",-13.90108184065817,-50.713421874999995,"Apartamento para alugar com 2 dormitórios sendo 1 suíte, com área privativa de 63.48m². O imóvel conta também com sala, sacada, cozinha, banheiro social com box de vidro, piso ceramico e 2 vgas de garagem. Aproveite essa oportunidade de aluguel na encantadora cidade de Florianópolis.",apartamento,https://www.chavesnamao.com.br/imovel/apartamento-para-alugar-2-quartos-com-garagem-sc-florianopolis-corrego-grande-63m2-RS2850/id-4343412/,corrego-grande,3630.0,981269.225,4906.346125,0.35161050275482086
205,2900,417.0,38.0,1,1,1,"Rua Vera Linhares de Andrade, 2011",-27.5983138,-48.4989521,"Excelente apartamento para aluguel no bairro Córrego Grande, em Florianópolis. O imóvel possui dormitório, sala, cozinha, sacada com churrasqueira, banheiro social, área de serviço e 1 vaga na garagem. Agende uma visita e venha conhecer!",apartamento,https://www.chavesnamao.com.br/imovel/apartamento-para-alugar-1-quarto-com-garagem-sc-florianopolis-corrego-grande-65m2-RS2900/id-19876427/,corrego-grande,3317.0,609551.75,3047.75875,-0.08117010853180584
206,2900,454.0,42.0,1,1,1,"Rua João Pio Duarte Silva, 264",-27.6008,-48.51395,"Apartamento semi-mobiliado com 42,75 m² de área privativa, 1 quarto sendo suíte, sala ampla com sofá-cama, painel de TV e sacada, cozinha completa,   e 01 vaga de garagem.",apartamento,https://www.chavesnamao.com.br/imovel/apartamento-para-alugar-1-quarto-com-garagem-sc-florianopolis-corrego-grande-56m2-RS2900/id-21550616/,corrego-grande,3354.0,617581.79,3087.9089500000005,-0.07933543530113285
207,3500,760.0,40.0,,,2,"Rua João Pio Duarte Silva, 1350",-27.60156,-48.50398,"Loja com 40,5 m², Possui espaço amplo com a possibilidade para construção de mezanino e piso porcelanato! Ideal pra você que quer abrir ou expandir seu negócio no bairro Córrego Grande.   *OS 4 PRIMEIROS MESES DE ALUGUEL SÃO NEGOCIÁVEIS",ponto-comercial,https://www.chavesnamao.com.br/imovel/ponto-comercial-para-alugar-com-garagem-sc-florianopolis-corrego-grande-85m2-RS3500/id-7451244/,corrego-grande,4260.0,,,
208,3600,911.0,85.0,3,2,1,"Servidão Wenceslau Martinho Vieira, 67",-27.60135,-48.50587,"Apartamento semi mobiliado para alugar no bairro Corrego Grande, com 85m² de área privativa e 3 dormitórios, sendo 1 suíte com armários. O imóvel conta ainda com sala com sacada, cozinha com armários, área de serviço com tanque, piso cerâmico e 1 garagem. Excelente localização, próximo a comércios e fácil acesso a outras regiões da cidade. Agende sua visita!",apartamento,https://www.chavesnamao.com.br/imovel/apartamento-para-alugar-3-quartos-com-garagem-sc-florianopolis-corrego-grande-97m2-RS3600/id-22036305/,corrego-grande,4511.0,719809.45,3599.0472499999996,-0.20216199290622927
209,4000,0.0,130.0,3,3,1,"Rua Ana Maria Nunes, 58",-27.6008912,-48.5132148,"ExcelenteCasa para aluguel com 3 dormitórios, sendo 1 suíte, 2 salas, cozinha, área de serviço, piso cerâmico, 1 vaga de garagem coberta, lindo jardim e portão eletronico. Possui área privativa de 130.68 m². Aproveite a oportunidade de morar em um local tranquilo e arborizado.  A região é uma das favoritas da cidade para quem quer morar em casa! Próximo de bons colégios, supermercados, bancos e Shopping Iguatemi, também está cercada de bons restaurantes e menos de 10 minutos das universidades: UFSC e UDESC. Mesmo com todas essas facilidades por perto o morador não perde o privilégio de morar numa região tranquila e totalmente residencial.",casa,https://www.chavesnamao.com.br/imovel/casa-para-alugar-3-quartos-com-garagem-sc-florianopolis-corrego-grande-RS4000/id-2296123/,corrego-grande,4000.0,,,
210,4300,750.0,85.0,3,2,2,"Rua Capitão Américo, 71",-27.60026,-48.50923,"Apartamento no empreendimento LAURO JOÃO DE SOUZA, localizado na Rua Capitao Americo, no bairro Córrego Grande em Florianópolis. Com 3 dormitórios, sendo 1 suíte, sala ampla com sacada, cozinha com armários, área de serviço, banheiros sociais com box de vidro, 2 vagas de garagem e hobbybox. Área privativa de 85.3m² e área total de 105m². Próximo a comércios, escolas e fácil acesso a vias principais. Agende uma visita!",apartamento,https://www.chavesnamao.com.br/imovel/apartamento-para-alugar-3-quartos-com-garagem-sc-florianopolis-corrego-grande-105m2-RS4300/id-22146526/,corrego-grande,5050.0,1108014.46,5540.0723,0.09704401980198019
211,4600,150.0,60.0,,2,,"Avenida Governador José Boabaid, 40",-27.59979,-48.50621,"Excelente sala comercial disponível para locação em Florianópolis, no bairro Córrego Grande. O imóvel está localizado na Avenida Governador José Boabaid, número 40. Com área privativa de 60m², esse espaço conta com 2 banheiros sociais e mezanino.  Ótima oportunidade para quem busca um local bem localizado e com boas características para o seu negócio. Agende já a sua visita e saiba mais detalhes (48) .",ponto-comercial,https://www.chavesnamao.com.br/imovel/ponto-comercial-para-alugar-sc-florianopolis-corrego-grande-60m2-RS4600/id-21818844/,corrego-grande,4750.0,,,
212,4700,650.0,88.0,3,2,1,"Rua João Pio Duarte Silva, 1563",-27.600577,-48.5015269,"O imóvel possui 3 dormitórios e 3 banheiros sendo 1 suite e 1 lavabo, área de serviço, sacada com churrasqueira e Cozinha, sala de estar, próximo a supermercados , escolas e via gastronômica.",apartamento,https://www.chavesnamao.com.br/imovel/apartamento-para-alugar-3-quartos-com-garagem-sc-florianopolis-corrego-grande-RS4700/id-20934080/,corrego-grande,5350.0,749969.45,3749.84725,-0.2990939719626169
213,4700,780.0,105.0,3,2,1,"Rua João Pio Duarte Silva, 1536",-27.60131,-48.50271,"ALUGO APARTAMENTO DE 3 DORMITÓRIOS (1 SUÍTE), NO RES JARDINS DA FRANÇA. EXCELENTE LOCALIZAÇÃO NA TRINDADE/ CÓRREGO GRANDE, PRÓXIMO À UFSC, COM PISCINA AQUECIDA, CINEMA E FITNESS! Em frente Supermercados Imperatriz do Córrego Grande .  Descrição do imóvel: Apartamento com 90m² priv. 3 dormitórios (1 suíte), bwc social, lavabo, sala de estar e jantar, cozinha, área de serviço, sacada com churrasqueira a carvão *1 vaga de garagem coberta. ***tem vagas para alugar se precisar de mais....  Diferenciais do imóvel: - Lavabo - Piso porcelanato - Persianas com acionamento elétrico nos dormitórios - Espera para ar tipo split nos quartos e sala - Tubulação de água quente para chuveiros, pias banheiros e cozinha - Ampla Sacada c/Churrasqueira a carvão  Área de lazer mobiliada, decorada e climatizada: - Salão de Festas c/ churrasqueira  - Espaço Gourmet c/ churrasqueira  - Cinema para 08 pessoas - Sala de Jogos com sinuca e carteado - Academia - Brinquedoteca  - Pet Place - Playground coberto - Piscina aquecida adulto e infantil com deck  Condomínio: - Elevador - Portaria 24h - Revestimento externo com detalhes em cerâmica - Medição individual de consumo de água fria - Sistema de comunicação interna com interfones - Segurança com circuito fechado - Iluminação inteligente nas áreas comuns - Arquitetura contemporânea - Laje com tratamento acústico",apartamento,https://www.chavesnamao.com.br/imovel/apartamento-para-alugar-3-quartos-com-garagem-sc-florianopolis-corrego-grande-130m2-RS4700/id-21858902/,corrego-grande,5480.0,781121.03,3905.6051500000003,-0.2872983302919707
214,4890,750.0,87.0,3,2,2,"Rua João Pio Duarte Silva, 1536",-27.60131,-48.50271,"ALUGO BELÍSSIMO APARTAMENTO 87M² PRIVATIVOS NO RESIDENCIAL JARDINS DA FRANÇA EM FRENTE AO SUPERMERCADO IMPERATRIZ, COM FUNDOS PARA O PARQUE LINEAR QUE TEM 15.000M²  Apartamento com 87m² de área privativa, vista lateral e ensolarado. próximo UFSC, UDESC e demais Universidades.  3 dormitórios sendo (1 suíte), banheiro social, sala de estar e jantar, lavabo, cozinha, área de serviço, sacada com churrasqueira a carvão, 2 vagas de garagens e home box   Diferenciais do imóvel: -semi Mobiliado - Piso porcelanato - Persianas com acionamento elétrico nos dormitórios - Ar condicionados nos quartos  - sacada com churrasqueira á carvão - 2 vagas de garagens -home box  Área de lazer mobiliada, decorada e climatizada: - Salão de festas com churrasqueira  - Espaço gourmet com churrasqueira  - Cinema para 08 pessoas - Sala de jogos com sinuca e carteado - Academia - Brinquedoteca  - Pet place - Playground coberto - Piscina aquecida adulto e infantil com deck  Condomínio: - Elevador - Portaria 24h - Revestimento externo com detalhes em cerâmica - Medição individual de consumo de água fria - Sistema de comunicação interna com interfones - Segurança com circuito fechado - Iluminação inteligente nas áreas comuns - Arquitetura contemporânea - Laje com tratamento acústico",apartamento,https://www.chavesnamao.com.br/imovel/apartamento-para-alugar-3-quartos-com-garagem-sc-florianopolis-corrego-grande-140m2-RS4890/id-20603566/,corrego-grande,5640.0,1116534.46,5582.6723,-0.010164485815602808
215,4900,0.0,48.0,,1,,"Rua Vera Linhares de Andrade, 2201",-27.5972,-48.49882,"Loja disponível para aluguel em Florianópolis. Localizada no bairro Corrego Grande, essa loja possui área privativa de 48,5 m² e área total de 72,31 m². Com 1 lavabo, piso é laminado, a loja conta com esquina. Não perca essa oportunidade de iniciar ou expandir seu negócio em uma ótima localização!  ALGUNS ENCARGOS AINDA VÃO SER ATUALIZADOS****",ponto-comercial,https://www.chavesnamao.com.br/imovel/ponto-comercial-para-alugar-1-sala-sc-florianopolis-corrego-grande-72m2-RS4900/id-18383331/,corrego-grande,4900.0,,,
216,6000,0.0,120.0,2,2,5,"Rua Berlim, 61",-27.6000949,-48.5034347,"Excelente casa no bairro Córrego Grande com ampla sala, 2 dormitórios sendo 1 com suíte e closet, banheiro social, área de serviço, cozinha com armários, pia, fogão, geladeira e bancada.  Quintal amplo com capacidade para até 5 vagas de garagem.",casa,https://www.chavesnamao.com.br/imovel/casa-para-alugar-2-quartos-com-garagem-sc-florianopolis-corrego-grande-386m2-RS6000/id-21705953/,corrego-grande,6000.0,,,
217,7400,0.0,213.0,5,3,4,"Rua Folhas Verdes, 352",-27.60669,-48.49874,"Imóvel:  Sobrado com Vista Panorâmica Privilegiada em Localização Exclusiva. Este encantador imóvel oferece uma deslumbrante vista panorâmica, proporcionando momentos inesquecíveis aos seus moradores. Com design rústico moderno e cuidadosamente planejado, o sobrado é uma verdadeira joia arquitetônica. Com uma área total de 361m², o sobrado dispõe de dois andares. No primeiro andar, encontramos duas suítes. A suíte principal é um verdadeiro refúgio de luxo, com uma relaxante banheira de hidromassagem, perfeita para desfrutar de momentos de tranquilidade e conforto. A segunda suíte oferece um banheiro comum, garantindo praticidade e comodidade. Além das suítes, há mais dois quartos bem iluminados, que podem ser utilizados para acomodar hóspedes ou como espaços para escritório, estudo ou lazer, atendendo às necessidades individuais dos moradores. Os espaços de convivência são generosamente amplos e aconchegantes. O sobrado possui três salas distintas, proporcionando diferentes ambientes para as atividades do dia a dia. A sala de TV é perfeita para momentos de entretenimento e descontração, enquanto a sala de estar é um espaço elegante para receber visitas e relaxar. A sala de jantar é um local ideal para refeições em família, com suas reuniões ganhando um toque especial de sofisticação. A cozinha é equipada com armários embutidos, oferecendo praticidade e organização. Adjacente à cozinha, há uma espaçosa despensa, permitindo um armazenamento inteligente dos mantimentos e utensílios domésticos. Uma ampla sacada proporciona uma visão panorâmica exuberante de uma área verde de preservação, proporcionando uma conexão única com a natureza e uma sensação de tranquilidade no ambiente. No piso térreo, há um quarto com portas de vidro que também pode ser ser utilizado como preferir.  A garagem comporta com facilidade quatro carros, sendo duas vagas cobertas.  Não perca a oportunidade de vivenciar a experiência de morar neste sobrado único, onde o conforto, a elegância e a natureza se unem para criar um ambiente verdadeiramente especial.",casa,https://www.chavesnamao.com.br/imovel/casa-para-alugar-5-quartos-com-garagem-sc-florianopolis-corrego-grande-361m2-RS7400/id-15699003/,corrego-grande,7400.0,,,
218,7500,0.0,75.0,2,3,2,"Rua João Pio Duarte Silva, 1630",-27.60116,-48.50178,"Excelente Apartamento com 2 suítes, armários embutidos, camas, sala com sofá, mesa de jantar, painel para TV, ampla sacada, cozinha planejada com eletros como ( Geladeira, fogão de mesa, forno elétrico, forno micro-ondas ), área de serviço, banheiro social com box de vidro, lavabo piso porcelanato ,1 vaga de garagem e 1 hobby box.",apartamento,https://www.chavesnamao.com.br/imovel/apartamento-para-alugar-2-quartos-com-garagem-sc-florianopolis-corrego-grande-RS7500/id-21860663/,corrego-grande,7500.0,1123758.72,5618.7936,-0.25082751999999997
219,8500,500.0,259.0,,2,3,"Rua João Pio Duarte Silva, 1177",-27.6005854,-48.5016082,"Sala comercial no ultimo andar, possui 259m² privativos, localizada no ponto mais privilegiado do bairro Córrego Grande, que é conhecido pelo seu crescimento rápido em Florianópolis.  Este espaço é perfeito para clínicas com a conveniência de um elevador com capacidade para macas, facilitando a obtenção de alvará de funcionamento, escritórios de representação, empresas de tecnologia e uma variedade de outras atividades comerciais que buscam qualidade, segurança, acabamento impecável, localização estratégica e visibilidade.  Agende já uma visita através do nosso plantão de vendas pelo telefone (48)   ou pelo WhatsApp (48) 9  . Aguardamos seu contato!  Será ainda de responsabilidade do locatário, o pagamento de seguro incêndio, energia elétrica, água e demais encargos. Sobre o valor do condomínio, poderá haver fundo de reserva e rateio, que serão pagos pelo locatário, podendo ser ressarcidos posteriormente. Estas informações são de responsabilidade do proprietário e poderão ser alteradas a qualquer momento. Os valores anunciados de Condomínio, IPTU, Laudêmio, TCRS e outras taxas que por ventura venham a incidir sobre este imóvel são aproximados. Solicite o valor atualizado. A visualização de mobília nas imagens não significa que o mesmo será comercializado mobiliado.  EMPRESA: A Invista conta com profissionais especializados no mercado imobiliário e possui duas lojas, a Matriz no Centro e uma Filial no Estreito, em pontos nobres com estacionamento. Temos mais de 14 anos de experiência sempre satisfazendo nossos clientes e fazendo amigos. Nossa pauta possui mais de 3000 imóveis com diversas opções na Ilha e no Continente. Venha tomar um café conosco e conferir o que temos de melhor pra você.",ponto-comercial,https://www.chavesnamao.com.br/imovel/sala-comercial-para-alugar-1-sala-com-garagem-sc-florianopolis-corrego-grande-RS8500/id-21545464/,corrego-grande,9000.0,,,
220,13000,0.0,330.0,5,5,3,"Rua Jornalista Gustavo Neves, 33",-27.59152,-48.50374,"A casa é composta por 5 dormitórios sendo 2 suítes, banheiro social, área de serviço, despensa, sala ampla, cozinha aberta com a sala intima, móveis planejados, quintal na frente, garagem para dois carros com churrasqueira, sótão, piscina e lareira. Bairro Santa Monica, fácil acesso ao Centro e às vias que dão acesso tanto ao Sul quanto ao Norte da Ilha e à Lagoa da Conceição. Além disso, possui infraestrutura completa de comércios, bares, restaurantes e serviços, o bairro está o Shopping Villa Romana (Iguatemi) e próximo das Universidades UFSC e UDESC, além do Hospital Universitário.",casa,https://www.chavesnamao.com.br/imovel/casa-para-alugar-5-quartos-com-garagem-sc-florianopolis-corrego-grande-540m2-RS13000/id-20340098/,corrego-grande,13000.0,,,
221,16000,0.0,667.0,,2,9,"Rua João Pio Duarte Silva, 1177",-27.6005919,-48.5016035,"Excelentes salas localizadas no bairro Córrego Grande próximo à  (link removido)  um total de 667m² de área privativa, divididas em 2 pavimentos, as salas possuem entrada independente e exclusiva no edifício. Ambiente com elevador privativo, terraço com churrasqueira, copa, 02 banheiros e 9 vagas de garagem no  (link removido) e de instalar sua empresa com alta tecnologia, ambientes climatizados com 12 aparelhos de ar condicionado, grande visibilidade da região.Agende já uma visita através do nosso plantão de vendas pelo telefone (48)   ou pelo WhatsApp (48) 99865- 9090. Aguardamos seu contato!Será ainda de responsabilidade do locatário, o pagamento de seguro incêndio, energia elétrica, água e demais encargos. Sobre o valor do condomínio, poderá haver fundo de reserva e rateio, que serão pagos pelo locatário, podendo ser ressarcidos posteriormente. Estas informações são de responsabilidade do proprietário e poderão ser alteradas a qualquer momento. Os valores anunciados de Condomínio, IPTU, Laudêmio, TCRS e outras taxas que por ventura venham a incidir sobre este imóvel são aproximados. Solicite o valor atualizado. A visualização de mobília nas imagens não significa que o mesmo será comercializado  (link removido) : A Invista conta com profissionais especializados no mercado imobiliário e possui duas lojas, a Matriz no Centro e uma Filial no Estreito, em pontos nobres com estacionamento. Temos mais de 11 anos de experiência sempre satisfazendo nossos clientes e fazendo amigos. Nossa pauta possui mais de 3000 imóveis com diversas opções na Ilha e no Continente. Venha tomar um café conosco e conferir o que temos de melhor pra você.",ponto-comercial,https://www.chavesnamao.com.br/imovel/sala-comercial-para-alugar-com-garagem-sc-florianopolis-corrego-grande-667m2-RS16000/id-11460098/,corrego-grande,16000.0,,,
222,25000,0.0,200.0,,,,"Rua João Pio Duarte Silva, 788",-27.6005607,-48.5061949,"Alugue a Loja dos Seus Sonhos no Córrego Grande.  Loja comercial com 200m2 em ponto privilegiado do Córrego Grande Espaço moderno e com visibilidade, projetado para o sucesso do seu empreendimento. Com área total de 200 m2, em dezembro esta loja estará pronta para receber o seu negócio. Sua localização de ESQUINA proporciona visibilidade máxima, com 14m2 de frente para a rua principal do Córrego Grande e lateral com 7,70m2 para rua que oferece acesso direto ao bairro Santa Mônica, próximo à Polícia Militar.    Um dos destaques desta loja é a sua fachada de vidro, que envolve todo o espaço e cria uma atmosfera moderna e convidativa. Possui viabilidade comercial. A loja apresenta 2 banheiros e 6 vagas de estacionamento frontais privativa.  Esta é a oportunidade perfeita para você que busca um imóvel comercial diferenciado e exclusivo para o seu negócio. Localizada em uma esquina privilegiada, que conecta dois importantes polos econômicos de alto poder aquisitivo em Florianópolis, os bairros Córrego Grande e Santa Mônica.  Agende uma visita e conheça seu novo imóvel! Dalton Andrade Imóveis - Sua garantia imobiliária. Contato: Loja Centro: (48)   Loja Trindade: (48)   WhatsApp: (48)  ",ponto-comercial,https://www.chavesnamao.com.br/imovel/ponto-comercial-para-alugar-sc-florianopolis-corrego-grande-300m2-RS25000/id-17987914/,corrego-grande,25000.0,,,
223,12000,0.0,320.0,4,1,3,"Rua João Carlos de Souza, 209",-27.59015,-48.50575,"Aluga Rápido: Imóvel sem necessidade de fiador e sem burocracia.  Espetacular casa para locação em Santa Mônica, Florianópolis. Com 4 dormitórios, 4 suítes, 3 banheiros sociais e closet. Área privativa de 320m² e área total de 320m². Possui área de serviço, armários nos banheiros, cozinha e quartos, churrasqueira, lareira, sacada, aquecimento a gás. Infraestrutura com espaço gourmet, piscina e salão de festas. Localizado na Rua João Carlos de Souza, com fácil acesso a diferentes comodidades e entretenimento na região.  Alugue esse imóvel muito mais rápido, sem fiador, sem burocracia e com muito mais comodidade para você. Entre em contato, agende sua visita e realize seu sonho da casa nova!",casa,https://www.chavesnamao.com.br/imovel/casa-para-alugar-4-quartos-com-garagem-sc-florianopolis-santa-monica-320m2-RS12000/id-21922620/,costa-da-lagoa,12000.0,,,
224,4000,423.0,38.0,1,1,1,"Avenida Mauro Ramos, 1512",-27.58794,-48.54292,"Studio mobiliado com vista mar. Possui sala, dormitório com armários e janelas com isolamento acústico, cozinha planejada, área de serviço e 01 vaga de garagem.  A Cidade Milano traz o conceito de alto padrão, exclusividade e praticidade no Centro de Florianópolis. É um empreendimento que foi inspirado em um novo modelo de comportamento, onde praticidade e colaboração são caminhos para felicidade e qualidade de vida. Uma nova proposta lifestyle de morar, trabalhar e viver bem em um só lugar.  O empreendimento conta com um projeto arquitetônico contemporâneo em localização privilegiada com uma vista espetacular da cidade. Localizado na esquina da Avenida Mauro Ramos com a Ângelo La Porta, a 8 minutos do Shopping Beira Mar e 10 minutos da Av. Beira Mar Norte, é um Complexo Multiuso que integra os 5 condomínios.",apartamento,https://www.chavesnamao.com.br/imovel/apartamento-para-alugar-1-quarto-com-garagem-sc-florianopolis-centro-53m2-RS4000/id-20830769/,costa-da-lagoa,4423.0,518202.85666666663,2591.0142833333334,-0.41419527846861104
225,11000,0.0,490.0,3,2,,"Avenida Governador Jorge Lacerda, 0",-27.62719,-48.52488,"Casa com viabilidade comercial e residencial, Térrea, com 3 dormitórios sendo 1 suíte, duas salas, cozinha mais 1 banheiro social. Edícula grande!  Localizada no bairro Costeira do Pirajubaé, Florianópolis.    gt; gt; Estas informações são de responsabilidade do proprietário e poderão ser alteradas a qualquer momento. A visualização de mobília nas imagens não significa que o mesmo será comercializado mobiliado (consulte sempre um dos nossos corretores). lt; lt; lt;   gt; gt; gt; Os valores de condomínio e taxas são aproximados.  Além do aluguel, será de responsabilidade do locatário o pagamento do condomínio mais as despesas ordinárias, IPTU, Coleta de lixo, Imposto de marinha (SPU), Seguro incêndio(incluindo vendaval, danos elétricos, hidráulicos, responsabilidade civil, conteúdo bens do locador), energia elétrica e demais encargos. lt; lt; lt;",casa,https://www.chavesnamao.com.br/imovel/casa-para-alugar-3-quartos-sc-florianopolis-costeira-do-pirajubae-490m2-RS11000/id-18868623/,costeira-do-pirajubae,11000.0,,,
226,2500,736.0,77.0,3,2,1,"Avenida Governador Jorge Lacerda, 1835",-27.6350698,-48.523027100000036,"Apartamento com 03 dormitórios, sendo 01 suíte, sala com sacada e churrasqueira, cozinha com armário, área de serviço, banheiro social com box de vidro e 01 vaga de garagem coberta. Com ótima localização, próximo a comércios locais e facilidade de acesso a outras regiões da cidade. Venha conhecer este apartamento incrível! Agende já sua visita.  ALGUNS ENCARGOS AINDA VÃO SER ATUALIZADOS****",apartamento,https://www.chavesnamao.com.br/imovel/apartamento-para-alugar-3-quartos-com-garagem-sc-florianopolis-costeira-do-pirajubae-94m2-RS2500/id-1401239/,costeira-do-pirajubae,3236.0,1118195.75,5590.97875,0.7277437422744129
227,3900,0.0,93.0,3,2,3,"Servidão Caiacanga, 206",-27.7649796,-48.5740046,"Ótima casa para aluguel em Florianópolis, localizada na Servidão Caiacanga, no bairro Ribeirão da Ilha. Com 93m² de área privativa, possui 3 dormitórios com sacada, sala, cozinha com armários, área de serviço, edícula com churrasqueira, deck, 3 vagas de garagem descoberta. Localização privilegiada, próximo a comércios e serviços. Agende uma visita!  ALGUNS ITENS NÃO FAZE PARTE DA MOBILIA**",casa,https://www.chavesnamao.com.br/imovel/casa-para-alugar-3-quartos-com-garagem-sc-florianopolis-ribeirao-da-ilha-93m2-RS3900/id-21589599/,costeira-do-ribeirao,3900.0,,,
228,800,0.0,10.0,,,,"Rua Apóstolo Paschoal, 535",-27.42991,-48.45961,"Sala comercial para alugar na rua apóstolo paschoal, 535, canasvieiras, florianópolis, 10 m2 por r$ 800",ponto-comercial,https://www.chavesnamao.com.br/imovel/sala-comercial-para-alugar-sc-florianopolis-canasvieiras-RS800/id-21901978/,daniela,800.0,,,
229,24000,0.0,96.0,2,1,1,"Rua João Luiz da Silva Brito, 464",-27.42809,-48.46841,"Lindo apartamento de 2 dormitórios, de 96m2, com ótima localização em condomínio frente mar na praia de Canasvieiras em aluguel anual, com decoração simples, bem ventilado e amplo. Perfeito para familia que busca tranquilidade, conforto e comodidade.  O apartamento possui: - 1 dormitório com cama de casal e ar condicionado; - 1 dormitório com duas camas de solteiro e ventilador de teto; - 1 banheiro; - Cozinha e sala de estar integradas; - 1 Smart TV na sala de estar; - Wifi disponível; - Cozinha completa com fogão, geladeira, microondas, chaleira elétrica, utensílios domésticos e panelas - Máquina de lavar. - Varanda (não tem churrasqueira); - 1 vaga na garagem rotativa;  O condomínio possui: - Piscina de frente para mar mar; - Acesso à praia privado; - Salão de eventos; - Sala de jogos; - Portaria 24h       Valores de temporada: Dezembro...........R$570,00 Réveillon.............R$900,00 Janeiro................R$800,00 1ra Fevereiro.............R$750,00 2da Fevereiro.............R$700,00 Carnaval.............R$750,00  IMPORTANTE: - Para check-in após as 20h há uma cobrança adicional de taxa de conveniência no valor de R$50 até às 22h e de R$100 após às 22h - O prédio tem elevador. O apartamento está no segundo andar. - Regras do condomínio e multas durante a reserva são de responsabilidade do hóspede. - Roupas de cama e banho e limpezas extras são pagos à parte, conforme solicitação dos mesmos a Hoteislab. - Proibida a entrada de mais pessoas do que o permitido pelo apartamento.   Código do Anúncio:  34  Este imóvel tem as seguintes características:   Serviços Próximos: Academias de ginástica, Açougue, Avenida, Banco, Farmácia, Lojas, Mercado, Panificadora, Pizzaria, Posto de Gasolina, Praia, Restaurante, Sacolão, Shopping, Sorveteria  Básico: Água, Elevador, Energia, Esgoto, Pavimentação  Destaques: Ar Condicionado, Decorado, Frente para o Mar, Internet, Portão Eletrônico  Estrutura: Área de Serviço, Cozinha, Portaria 24h  Lazer: Piscina, Salão de Festas, Salão de Jogos  ",apartamento,https://www.chavesnamao.com.br/imovel/apartamento-para-alugar-2-quartos-com-garagem-sc-florianopolis-canasvieiras-96m2-RS800/id-20836807/,daniela,24000.0,937793.47,4688.96735,-0.8046263604166667
230,24000,0.0,85.0,3,3,1,"Rua do Paraíso, 73",-27.42085,-48.43443," ALUGUEL TEMPORADA C/ VALORES DI&Aacute;RIOS  * Sacada com churrasqueira e vista para o mar  * 3 dormit&oacute;rios, sendo 1 su&iacute;te, total de 3 banheiros, 4 ar condicionados (todos os quartos e sala)  * Um dos quartos &eacute; pequeno com 1 beliche, fica ao lado da &aacute;rea de servi&ccedil;o, tem um banheiro ao lado  * Sala de estar/jantar, cozinha completa, &Aacute;rea de servi&ccedil;o com lava-roupas e secadora  * Tv com sinal HD canais abertos, sinal wi-fi fornecido pelo condom&iacute;nio  * Piscina adulto e infantil, sa&iacute;da direta na praia  * Apto 2&ordm; andar SEM elevador, 1 vaga de garagem privativa  * M&Aacute;XIMO 6 pessoas incluindo crian&ccedil;as  * Natal/R&eacute;veillon m&iacute;nimo 10 di&aacute;rias, outras datas minimo 7 dias VALORES DI&Aacute;RIOS:  Natal/R&eacute;veillon: R$ 1.300,00  Janeiro:...............R$ 1.200,00  Fevereiro:............R$ 1.100,00  Carnaval:.............R$ 1.300,00  Taxa para roupa de cama, banho e limpeza final: R$ 500,00 ",apartamento,https://www.chavesnamao.com.br/imovel/apartamento-para-alugar-3-quartos-com-garagem-sc-florianopolis-cachoeira-do-bom-jesus-85m2-RS800/id-10005952/,daniela,24000.0,1264151.1,6320.7555,-0.7366351875
231,9500,1300.0,128.0,3,5,2,"Avenida das Lagostas, 780",-27.4479902,-48.5072786,"Apartamento para locação em Jurerê Internacional, com 3 quartos, 5 banheiros, 2 vagas de garagem. Área privativa de 128m². Localizado na Avenida das Lagostas, próximo a diversas facilidades, tais como: supermercados, restaurantes e lojas. O imóvel está em excelente estado de conservação. Possui armários nos banheiros, cozinha e dormitórios. Conta ainda com churrasqueira, sacada e TV. Infraestrutura do condomínio inclui água quente, salão de festas, sauna e zelador. Agende já sua visita!",apartamento,https://www.chavesnamao.com.br/imovel/apartamento-para-alugar-3-quartos-com-garagem-sc-florianopolis-jurere-internacional-128m2-RS9500/id-18598758/,daniela,10800.0,2478979.4,12394.896999999999,0.14767564814814804
232,25300,0.0,330.0,4,2,2,"Rua dos Meros, 671",-27.44123,-48.50888,"Casa na Praia de Jurerê internacional em Florianópolis-SC, com 330 m² de área privativa, composta por 4 dormitórios sendo 2 suítes e 2 vagas de garagem. Impecável e completa, toda mobiliada, terreno com 400 metros quadrados. Arejada e ventilada, 4 banheiros. Ainda conta com lareira, ar-condicionado nos ambientes e pátio com piscina. Agende sua visita com o corretor licenciado ao lado. Atendimento ON LINE pelo whatsapp, adicione o número ao lado.",casa,https://www.chavesnamao.com.br/imovel/casa-para-alugar-4-quartos-com-garagem-sc-florianopolis-jurere-internacional-400m2-RS25300/id-20340164/,daniela,25300.0,,,
233,800,333.0,22.0,,1,,"Rua Fúlvio Aducci, 638",-27.589662,-48.57509900000002,"Sala comercial para alugar no PARK REAL, localizada na Rua Fulvio Aducci, 638, 1º andar, Estreito, Florianópolis. Com área privativa de 22.33m². Oferece também lavabo, piso cerâmico e acesso para deficientes fisicos. Ótima oportunidade para seu negócio. Entre em contato para mais informações.  Localização privilegiada no Estreito, este imóvel está situado em um dos pontos comerciais mais movimentados, ideal para você que deseja abrir ou expandir sua empresa. O grande fluxo de pessoas que passa pelas avenidas principais, Fúlvio Aducci e Araci Vaz Callado, garante movimentação para o comércio e serviços.",ponto-comercial,https://www.chavesnamao.com.br/imovel/sala-comercial-para-alugar-1-sala-sc-florianopolis-estreito-26m2-RS800/id-1305285/,estreito,1133.0,,,
234,850,406.0,50.0,,,,"Rua Manoel de Oliveira Ramos, 43",-27.58782,-48.57835,"Sala Comercial com amplo espaço, possibilidade para colocar divisórias.   Localizadas em uma das principais ruas do Estreito, próxima a bancos e o comercio em geral.   Agende já uma visita através do nosso plantão de vendas pelo telefone (48)   ou pelo whatsapp (48) 99865- 9090. Aguardamos seu contato!   Será ainda de responsabilidade do locatário, o pagamento de seguro incêndio, energia elétrica, água e demais encargos. Sobre o valor do condomínio, poderá haver fundo de reserva e rateio, que serão pagos pelo locatário, podendo ser ressarcidos posteriormente. Estas informações são de responsabilidade do proprietário e poderão ser alteradas a qualquer momento. Os valores anunciados de Condomínio, IPTU, Laudêmio, TCRS e outras taxas que por ventura venham a incidir sobre este imóvel são aproximados. Solicite o valor atualizado. A visualização de mobília nas imagens não significa que o mesmo será comercializado mobiliado.   EMPRESA: A Invista conta com profissionais especializados no mercado imobiliário e possui duas lojas, a Matriz no Centro e uma Filial no Estreito, em pontos nobres com estacionamento. Temos mais de 14 anos de experiência sempre satisfazendo nossos clientes e fazendo amigos. Nossa pauta possui mais de 3000 imóveis com diversas opções na Ilha e no Continente. Venha tomar um café conosco e conferir o que temos de melhor pra você.",ponto-comercial,https://www.chavesnamao.com.br/imovel/sala-comercial-para-alugar-sc-florianopolis-estreito-62m2-RS850/id-17508813/,estreito,1256.0,,,
235,950,454.0,62.0,,1,,"Rua Manoel de Oliveira Ramos, 43",-27.58782,-48.57835,"A sala conta com 62,80m², com divisórias, que podem ser retiradas de acordo com a necessidade do cliente, possui 1 banheiro e sem vaga de garagem.   A sala fica no primeiro andar.   Região central do Estreito, alto fluxo de carros e pedestres.  Agende já uma visita através do nosso plantão de vendas pelo telefone (48)   ou pelo whatsapp (48) 99865- 9090. Aguardamos seu contato!  Será ainda de responsabilidade do locatário, o pagamento de seguro incêndio, energia elétrica, água e demais encargos. Sobre o valor do condomínio, poderá haver fundo de reserva e rateio, que serão pagos pelo locatário, podendo ser ressarcidos posteriormente. Estas informações são de responsabilidade do proprietário e poderão ser alteradas a qualquer momento. Os valores anunciados de Condomínio, IPTU, Laudêmio, TCRS e outras taxas que por ventura venham a incidir sobre este imóvel são aproximados. Solicite o valor atualizado. A visualização de mobília nas imagens não significa que o mesmo será comercializado mobiliado.  EMPRESA: A Invista conta com profissionais especializados no mercado imobiliário e possui duas lojas, a Matriz no Centro e uma Filial no Estreito, em pontos nobres com estacionamento. Temos mais de 14 anos de experiência sempre satisfazendo nossos clientes e fazendo amigos. Nossa pauta possui mais de 3000 imóveis com diversas opções na Ilha e no Continente. Venha tomar um café conosco e conferir o que temos de melhor pra você.",ponto-comercial,https://www.chavesnamao.com.br/imovel/sala-comercial-para-alugar-sc-florianopolis-estreito-78m2-RS950/id-17508804/,estreito,1404.0,,,
236,1100,459.0,27.0,,1,,"Rua Santos Saraiva - Até 1048 - Lado Par, 840",-27.59523,-48.58214,"Sala comercial de 27 m² com armário, bancada de trabalho, ar condicionado, persiana, banheiro privativo. Prédio com recepção, elevador e estacionamento para visitantes. Ótima localização do bairro Estreito e ao lado da rotula do antigo Detran, com a rapidez das vias de acesso a via expressa e a ilha da magia. IPTU MENSAL R$110,86 + TAXA DE COLETA DE LIXO MENSAL R$64,40. Valor Aproximado do Seguro Incêndio Anual R$ 223,10.",ponto-comercial,https://www.chavesnamao.com.br/imovel/ponto-comercial-para-alugar-sc-florianopolis-estreito-40m2-RS1100/id-21819114/,estreito,1559.0,,,
237,1300,250.0,45.0,2,1,,"Kurt Rantour, 313",-27.59829,-48.58307,"Aconchegante apartamento para aluguel no empreendimento MARCELINA 3. Localizado na Rua KURT RANTOUR, o imóvel possui área privativa de 45m²,de 2 dormitórios, sala, área de serviço, cozinha, banheiro social Venha morar no bairro Estreito, em Florianópolis, e desfrute de toda a comodidade que a região oferece. Agende uma visita!",apartamento,https://www.chavesnamao.com.br/imovel/apartamento-para-alugar-2-quartos-sc-florianopolis-estreito-45m2-RS1300/id-21987498/,estreito,1550.0,370972.97,1854.86485,0.19668700000000006
238,1450,284.0,25.0,,1,,"Rua Belmira Isabel Martins, 62",-27.58682,-48.57809,"Ótima sala para alugar no bairro Estreito em Florianópolis. Possui área privativa de 25m², lavabo. Próximo a diversos estabelecimentos comerciais. Agende uma visita!  ALGUNS ENCARGOS AINDA VÃO SER ATUALIZADOS****",ponto-comercial,https://www.chavesnamao.com.br/imovel/sala-comercial-para-alugar-1-sala-sc-florianopolis-estreito-25m2-RS1450/id-18829933/,estreito,1734.0,,,
239,1500,0.0,50.0,1,1,1,"Rua João Cruz Silva, 174",-27.59112,-48.58038,"Casa semi mobiliada para aluguel localizado na Rua João Cruz Silva, no bairro Estreito em Florianópolis. Com 50M² de área privativa e 1 dormitório. O imóvel conta ainda com salae cozinha conjugada, área de serviço, banheiro social com box de vidro, piso cerâmico e 1 vaga de garagem. Não perca essa oportunidade! Agende já a sua visita.",apartamento,https://www.chavesnamao.com.br/imovel/apartamento-para-alugar-1-quarto-com-garagem-sc-florianopolis-estreito-50m2-RS1500/id-22219456/,estreito,1500.0,436255.73,2181.2786499999997,0.45418576666666644
240,1500,388.0,27.0,,1,,"Rua Belmira Isabel Martins, 62",-27.58682,-48.57809,"Sala Comercial de 27m² de área privativa em excelente localização próxima a Beira Mar Continental, Acesso fácil a serviços bancários com o Banco Santander próximo  Imóvel em andar alto com vistas panorâmicas: Semi mobiliado para facilitar a instalação do seu negócio; Com recepção acolhedora para receber seus clientes; Divisórias inteligentes para melhor aproveitamento do espaço; 2 salas amplas e funcionais e  Copa com espaço para pia, perfeita para pequenas refeições e café.  Sem vaga de garagem, porém com estacionamento em frente ao Edifício.   Agende já uma visita através do nosso plantão de vendas pelo telefone (48)   ou pelo whatsapp (48) 99865- 9090. Aguardamos seu contato!  Será ainda de responsabilidade do locatário, o pagamento de seguro incêndio, energia elétrica, água e demais encargos. Sobre o valor do condomínio, poderá haver fundo de reserva e rateio, que serão pagos pelo locatário, podendo ser ressarcidos posteriormente. Estas informações são de responsabilidade do proprietário e poderão ser alteradas a qualquer momento. Os valores anunciados de Condomínio, IPTU, Laudêmio, TCRS e outras taxas que por ventura venham a incidir sobre este imóvel são aproximados. Solicite o valor atualizado. A visualização de mobília nas imagens não significa que o mesmo será comercializado mobiliado.  EMPRESA: Na Invista, você encontra uma equipe altamente qualificada e dedicada a te guiar na jornada de encontrar o imóvel ideal. Com mais de 14 anos de experiência, construímos uma sólida reputação de satisfação e amizade com nossos clientes. Nossa carteira de imóveis conta com mais de 3000 unidades, com diversas opções para atender às suas necessidades e orçamento Nossa loja está situada na Av. Gov. Ivo Silveira n° 464, oferecendo fácil acesso e comodidade para você.  Venha nos visitar e tomar um café conosco, teremos o prazer de te apresentar as melhores opções de imóveis na Ilha e no Continente.",ponto-comercial,https://www.chavesnamao.com.br/imovel/sala-comercial-para-alugar-1-sala-sc-florianopolis-estreito-27m2-RS1500/id-21795021/,estreito,1888.0,,,
241,2071,251.0,25.0,,1,1,"Rua General Eurico Gaspar Dutra, 1475",-27.59113,-48.57638,"Bem-vindo(a) à sua nova sala comercial, onde a praticidade encontra o conforto no vibrante bairro Estreito.  Esta encantadora sala de 25m2 oferece uma oportunidade única para estabelecer ou expandir seu negócio em um ambiente acolhedor e estrategicamente localizado.   Espaço Funcional: Com seus 25m2 bem distribuídos, este espaço é ideal para diversos usos comerciais, proporcionando versatilidade para adaptar o ambiente conforme as necessidades do seu negócio.   Segurança: O edifício possui medidas de segurança para proporcionar tranquilidade e proteção ao seu empreendimento.   Sala pronta para uso, com uma bela vista do Estreito.  Venha fazer parte desse empreendimento e ampliar mais ainda seus negócios com estilo e conforto desse condomínio.   Contém no prédio academia e sala de reunião.   Cotar seguro incêndio   Vinicius Veloso (48) 9     Chave do anúncio: EzGhnsPf2xGbnNiw",ponto-comercial,https://www.chavesnamao.com.br/imovel/sala-comercial-para-alugar-com-garagem-sc-florianopolis-estreito-25m2-RS2071/id-18152772/,estreito,2322.0,,,
242,2071,251.0,25.0,,1,1,"Rua General Eurico Gaspar Dutra, 1475",-27.59113,-48.57638,"Bem-vindo(a) à sua nova sala comercial, onde a praticidade encontra o conforto no vibrante bairro Estreito.  Esta encantadora sala de 25m2 oferece uma oportunidade única para estabelecer ou expandir seu negócio em um ambiente acolhedor e estrategicamente localizado.   Espaço Funcional: Com seus 25m2 bem distribuídos, este espaço é ideal para diversos usos comerciais, proporcionando versatilidade para adaptar o ambiente conforme as necessidades do seu negócio.   Segurança: O edifício possui medidas de segurança para proporcionar tranquilidade e proteção ao seu empreendimento.   Sala pronta para uso, com uma bela vista do Estreito.  Venha fazer parte desse empreendimento e ampliar mais ainda seus negócios com estilo e conforto desse condomínio.   Contém no prédio academia e sala de reunião.   Cotar seguro incêndio   Vinicius Veloso (48) 9     Chave do anúncio: rAzVCpNwdR5MWLSU",ponto-comercial,https://www.chavesnamao.com.br/imovel/sala-comercial-para-alugar-com-garagem-sc-florianopolis-estreito-25m2-RS2071/id-18152781/,estreito,2322.0,,,
243,2071,338.0,24.0,,1,1,"Rua Rua General Liberato Bittencourt, 1475",-27.5867918,-48.581414,"Condomínio: Globo Tower; Empreendimento comercial na melhor localização do bairro Estreito, na região do continente de Florianópolis. Um centro executivo diferente, pensado para o futuro. Salas comerciais com vagas de garagem para atender diferentes necessidades. Espaço fitness, sala de reuniões e conferência, estacionamento rotativo.  LAZER / SERVIÇOS: -Espaço destinado a serviços de alimentação; -Estacionamento rotativo dando suporte as salas comerciais com 112 vagas; -Bicicletário;  Acesso pelas ruas Gen. Liberato Bittencourt e Arnoldo Cândido Raulino. SEGURANÇA / PRATICIDADE: -Controle de acesso à torre corporativa; -Sala de administração e segurança; -Infra-estrutura para CFTV; -Academia de ginástica equipada e mobiliada; -Vestiário masculino e feminino; -04 salas de reuniões para workshops e conferências;. Sala com 64m², com 1 vaga de garagem. Temos opções em diversos andares, todas com lavabo e espera para split, e com áreas entre 20 e 76m², venha conferir.. Possui: Escritório; Lavabo; Garagem 1; Bwc Social (PNE na área comum); Hidrometro Individual; Preparacao Split; Elevador (6); Estacionamento Rotativo; Privativa 25,12 m2; Camaras de Vigilancia; Circuito Interno de Tv; Portaria 24 Horas. Área Priv. 64,13m²",ponto-comercial,https://www.chavesnamao.com.br/imovel/sala-comercial-para-alugar-com-garagem-sc-florianopolis-estreito-24m2-RS2071/id-17986945/,estreito,2409.0,,,
244,2135,254.0,25.0,,1,1,"Rua Professora Antonieta De Barros, 211",-27.58676,-48.58174,"Imóvel: Sala Comercial com Vista para o mar em endereço de alto padrão com 25,12m2 de área privativa. O imóvel possui 01 lavabo e 01 vaga de garagem privativa coberta. Acabamento diferenciado com piso porcelanato e todas as paredes internas são de Dry Wall, manta firestop (manta anti-chamas que isola um andar do outro em caso de incêndio para que o fogo não se propague por todo o prédio).  Endereço estrategicamente favável pelo local de fácil acesso tanto para quem está no Continente ou de quem vem da Ilha. Estamoscom outras opções de salas comerciais neste mesmo endereço, consulte nossos corretores e venha conhecer.   Empreendimento: Centro Comercial completo oferece reconhecimento facial na recepção, acesso de entrada adequado aos Portadores de Necessidades Especiais (PNE`s), salas comerciais com vagas de garagem para atender diferentes necessidades. Espaço fitness, sala de reuniões e conferência, estacionamento rotativo com 112 vagas para clientes e visitantes, 6 elevadores, heliponto para resgate aéreo, vestiário masculino e feminino, auditório que atende 50 pessoas, praça de alimentação, bicicletário, coffee break, rodapés eletrificados, gerador de energia elétrico para as áreas comuns, sistema de renovação de ar em todas as salas, câmeras de moitoramento e mobilidade de layout.  Bairro: Estreito está situado na porção continental, entre os bairros de Coqueiros, Capoeiras, Balneário e as baías Norte e Sul, o nome é devido a se localizar na parte mais estreita do mar que separa o continente da Ilha de Santa Catarina, onde se encontram as pontes Hercílio Luz, Colombo Salles e Pedro Ivo Campos, atualmente é umas das regiões mais valorizadas da capital, com toda a infraestrutura de uma grande cidade.   A EVOLUÇÃO IMÓVEIS possui mais de 12 anos de experiência, sempre satisfazendo nossos clientes e fazendo amigos. Temos mais de 2000 imóveis com diversas opções na Grande Florianópolis.  Estamos de plantão através do número (48)   ou no CHAT.  Concretizando seus Sonhos",ponto-comercial,https://www.chavesnamao.com.br/imovel/sala-comercial-para-alugar-2-salas-com-garagem-sc-florianopolis-estreito-37m2-RS2135/id-19399759/,estreito,2389.0,,,
245,2200,0.0,7.0,,1,,"Arnoldo Candido Raulino, 179",-27.58674,-48.58242,"Sala comercial com 7,5 m² com lavabo e piso porcelanato. Ideal para você que deseja abrir ou expandir o seu negócio.  Alguns móveis, objetos pessoais e eletros não fazem parte da locação, consultar junto a administradora.**  Localização privilegiada, o bairro Canto conta com diversas facilidades para seu dia a dia. Próximo a escolas públicas e particulares, farmácias, panificadoras, Supermercado Imperatriz e comércio em geral. Facilidade de acesso para os bairros vizinhos e Centro de Florianópolis.",ponto-comercial,https://www.chavesnamao.com.br/imovel/sala-comercial-para-alugar-1-sala-sc-florianopolis-estreito-RS2200/id-14367178/,estreito,2200.0,,,
246,2200,549.0,64.0,3,1,1,"Rua Desembargador Gil Costa, 734",-27.5923636,-48.5842394,"Apartamento com 3 quartos para alugar na rua desembargador gil costa, 734, estreito, florianópolis, 64 m2 por r$ 2.200",apartamento,https://www.chavesnamao.com.br/imovel/apartamento-para-alugar-3-quartos-com-garagem-sc-florianopolis-estreito-76m2-RS2200/id-4093598/,estreito,2749.0,470009.5,2350.0475,-0.1451264096034921
247,2400,644.0,55.0,2,1,1,"Rua Santos Saraiva, 1458",-27.59766,-48.58469,"Apartamento com 2 quartos, sala, cozinha com armários planejados, área de serviço, banheiro social com armários e box de vidro temperado, todo revestido em piso porcelanato, películas nas janelas e 1 vaga de garagem.",apartamento,https://www.chavesnamao.com.br/imovel/apartamento-para-alugar-2-quartos-com-garagem-sc-florianopolis-estreito-71m2-RS2400/id-3762557/,estreito,3044.0,427757.0,2138.785,-0.2973768068331144
248,2450,200.0,25.0,,1,1,"Rua General Liberato Bittencourt, 1475",-27.5868017,-48.5814019,"Você já imaginou poder direcionar toda sua energia para o crescimento do seu empreendimento enquanto oferecemos a estrutura completa para você? Este é o momento! Esta sala comercial, totalmente mobiliada, está pronta para você entrar e iniciar suas atividades imediatamente. Com espaço para até 8 pessoas, ela proporciona o ambiente ideal para sua equipe prosperar.  Localizada no moderno condomínio Globo Tower, esta oportunidade estratégica está situada no coração do Estreito, oferecendo conveniência e acessibilidade incomparáveis. Aqui, você estará próximo de tudo que é essencial para o desenvolvimento do seu negócio.  A sala conta com um conjunto completo de comodidades, como Ar condicionado - VirusDoctor para um ambiente saudável, Frigobar para sua comodidade, Filtro com água gelada para manter a equipe hidratada e Micro-ondas para aquele impulso de energia necessário. Além disso, oferecemos Mesas, Cadeiras e um Banheiro Privativo, todos de alta qualidade.  Além das facilidades oferecidas pela sala, o condomínio disponibiliza 2 Salas de Reunião para encontros importantes, uma Academia Completa com equipamentos de última geração e até Chuveiro para sua comodidade, uma Sala de Palestras e Eventos para suas necessidades específicas, 5 Banheiros sociais para maior conforto e Vigilância 24 horas, garantindo total segurança e modernidade.  Esta é a oportunidade que você esperava para focar exclusivamente no crescimento do seu negócio. Agende agora mesmo uma visita para conhecer pessoalmente essa oportunidade incrível!",ponto-comercial,https://www.chavesnamao.com.br/imovel/sala-comercial-para-alugar-1-sala-com-garagem-sc-florianopolis-estreito-25m2-RS2450/id-18565010/,estreito,2650.0,,,
249,2500,0.0,35.0,,1,,"Rua Santos Saraiva, 416",-27.5909901,-48.5778383,"Ótima oportunidade para alugar uma loja na rua Santos Saraiva, no bairro Estreito em Florianópolis. Com 35m² de área privativa, este imóvel conta com copa, lavabo, piso cerâmico, e fachada de vidro.  Localizado em bairro cobiçado, próximo de escolas, farmácias, panificadoras e supermercados. Fácil acesso às principais vias.  ********VALORES E TAXAS ESTÃO SENDO ATUALIZADOS   Pontos de referência: Anexo ao Hotel Bruggemann.",ponto-comercial,https://www.chavesnamao.com.br/imovel/ponto-comercial-para-alugar-1-sala-sc-florianopolis-estreito-35m2-RS2500/id-1172487/,estreito,2500.0,,,
250,2700,620.0,79.0,3,2,1,"São José, 112",-27.58184,-48.58345,"Excelente apartamento para aluguel no Bairro Balneário em Florianópolis.  Com 79m² de área privativa, o imóvel possui 3 quartos (sendo 1 suíte), sala, cozinha, área de serviço, BWC Social e vaga de garagem coberta.   Agende uma visita e venha conhecer sua nova moradia em Florianópolis. Aproveite essa oportunidade!",apartamento,https://www.chavesnamao.com.br/imovel/apartamento-para-alugar-3-quartos-com-garagem-sc-florianopolis-estreito-79m2-RS2700/id-21771261/,estreito,3320.0,537110.0,2685.55,-0.19109939759036143
251,2750,0.0,110.0,,1,,"Arnoldo Candido Raulino, 179",-27.58674,-48.58242,"Loja comercial de 110 m² com 2 ambientes, lavabo, copa, área de churrasqueira, área de serviço, piso cerâmico. Localizada em região cobiçada com intenso fluxo de pedestres e veículos. o bairro Canto conta com diversas facilidades para seu dia a dia. Próximo a escolas públicas e particulares, farmácias, panificadoras, Supermercado Imperatriz e comércio em geral. Facilidade de acesso para os bairros vizinhos e Centro de Florianópolis.  Cobrança de água individual.",ponto-comercial,https://www.chavesnamao.com.br/imovel/ponto-comercial-para-alugar-2-salas-sc-florianopolis-estreito-150m2-RS2750/id-1020995/,estreito,2750.0,,,
252,2750,420.0,86.0,3,2,1,"Rua Marechal Câmara, 74",-27.59071,-48.57865,"Ótima oportunidade de aluguel! Apartamento com 3 dormitórios, sendo 1 suíte, sala, cozinha, área de serviço, dependência, banheiro social com box de vidro. Localizado na Rua Marechal Câmara, próximo a comércios e serviços. Aproveite essa chance de morar em um dos bairros mais tradicionais de Florianópolis. Agende sua visita agora mesmo!  Ótima localização é poder passear, fazer compras, fazer caminhadas, andar de bicicleta, ficar livre dos congestionamentos, morar próximo ao escritório, almoçar em casa e relaxar. Escolha uma forma de vida mais saudável. Deixe o seu carro na garagem e viva no bairro onde você pode fazer tudo a pé. O Estreito é um bairro realmente muito especial. Reúne escolas, centros comerciais, com áreas residenciais e espaços de lazer próximo ao centro de Florianópolis e da Beira Mar Continental.",apartamento,https://www.chavesnamao.com.br/imovel/apartamento-para-alugar-3-quartos-com-garagem-sc-florianopolis-estreito-107m2-RS2750/id-21069585/,estreito,3170.0,538425.0,2692.125,-0.1507492113564669
253,2775,287.0,33.0,,1,1,"Rua General Eurico Gaspar Dutra, 1475",-27.59113,-48.57638,"Bem-vindo(a) à sua nova sala comercial, onde a praticidade encontra o conforto no vibrante bairro Estreito.  Esta encantadora sala de 33m2 oferece uma oportunidade única para estabelecer ou expandir seu negócio em um ambiente acolhedor e estrategicamente localizado.   Espaço Funcional: Com seus 33m2 bem distribuídos, este espaço é ideal para diversos usos comerciais, proporcionando versatilidade para adaptar o ambiente conforme as necessidades do seu negócio.   Segurança: O edifício possui medidas de segurança para proporcionar tranquilidade e proteção ao seu empreendimento.   Sala pronta para uso, com uma bela vista do Estreito.  Venha fazer parte desse empreendimento e ampliar mais ainda seus negócios com estilo e conforto desse condomínio.   Contém no prédio academia e sala de reunião.   Cotar seguro incêndio   Vinicius Veloso (48) 9     Chave do anúncio: wfOqmYpC3pzCPsBW",ponto-comercial,https://www.chavesnamao.com.br/imovel/sala-comercial-para-alugar-com-garagem-sc-florianopolis-estreito-33m2-RS2775/id-18184822/,estreito,3062.0,,,
254,2900,480.0,54.0,2,1,1,"Rua Visconde de Cairú, 241",-27.59548,-48.57266,"Excelente oportunidade de aluguel de apartamento no Empreendimento MONTPARNASSE, localizado na Rua Visconde de Cairú, próximo a comércios e serviços no bairro Estreito. O imóvel possui área privativa de 54.85m² e área total de 65.03m², 2 dormitórios, sala, sacada, cozinha com armários, área de serviço, banheiro social e vaga de garagem. Não perca essa oportunidade, agende sua visita agora mesmo!",apartamento,https://www.chavesnamao.com.br/imovel/apartamento-para-alugar-2-quartos-com-garagem-sc-florianopolis-estreito-65m2-RS2900/id-21860668/,estreito,3380.0,422887.0,2114.435,-0.3744275147928994
255,2932,300.0,34.0,,1,1,"Rua Professora Antonieta De Barros, 211",-27.58676,-48.58174,"Imóvel: Excelente Sala Comercial Nova em alto padrão em endereço nobre com vista para o mar, possui 01 lavabo e 01 vaga de garagem coberta, livre e privativa. O imóvel oferece 34,50 m² de área privativa com a possibilidade de fazer divisórias internas para melhor atendimento aos clientes. Acabamento diferenciado com piso porcelanato e todas as paredes internas são de Dry Wall, manta firestop (manta anti-chamas que isola um andar do outro em caso de incêndio para que o fogo não se propague por todo o prédio).   Endereço estrategicamente favorável pelo local de fácil acesso tanto para quem está no Continente ou de quem vem da Ilha.  Estamos com outras opções de salas comerciais neste mesmo endereço, consulte nossos corretores e venha conhecer.   Empreendimento: Centro Comercial completo oferece reconhecimento facial na recepção, acesso de entrada adequado aos Portadores de Necessidades Especiais (PNE`s), salas comerciais com vagas de garagem para atender diferentes necessidades. Espaço fitness, sala de reuniões e conferência, estacionamento rotativo com 112 vagas para clientes e visitantes, 6 elevadores, heliponto para resgate aéreo, vestiário masculino e feminino, auditório que atende 50 pessoas, praça de alimentação, bicicletário, coffee break, rodapés eletrificados, gerador de energia elétrico para as áreas comuns, sistema de renovação de ar em todas as salas, câmeras de moitoramento e mobilidade de layout.  Bairro: Estreito está situado na porção continental, entre os bairros de Coqueiros, Capoeiras, Balneário e as baías Norte e Sul, o nome é devido a se localizar na parte mais estreita do mar que separa o continente da Ilha de Santa Catarina, onde se encontram as pontes Hercílio Luz, Colombo Salles e Pedro Ivo Campos, atualmente é umas das regiões mais valorizadas da capital, com toda a infraestrutura de uma grande cidade.   A EVOLUÇÃO IMÓVEIS possui mais de 12 anos de experiência, sempre satisfazendo nossos clientes e fazendo amigos. Temos mais de 2000 imóveis com diversas opções na Grande Florianópolis.  Estamos de plantão através do número (48)   ou no CHAT.  Concretizando seus Sonhos",ponto-comercial,https://www.chavesnamao.com.br/imovel/sala-comercial-para-alugar-2-salas-com-garagem-sc-florianopolis-estreito-47m2-RS2932/id-19399747/,estreito,3232.0,,,
256,3000,0.0,65.0,,1,,"Rua Fúlvio Aducci, 24",-27.5944388,-48.5706433,"Loja comercial com 65m² de área privativa, piso cerâmica, com 2 salas, mezanino e lavabo. Localizada na Rua Fúlvio Aducci, bairro Estreito, de frente para a rua, com intenso fluxo de pedestres e comércio local.   Agende já uma visita através do nosso plantão de vendas pelo telefone (48)   ou pelo WhatsApp (48) 9 9865- 9090. Aguardamos seu contato!  Será ainda de responsabilidade do locatário, o pagamento de seguro incêndio, energia elétrica, água e demais encargos. Sobre o valor do condomínio, poderá haver fundo de reserva e rateio, que serão pagos pelo locatário, podendo ser ressarcidos posteriormente. Estas informações são de responsabilidade do proprietário e poderão ser alteradas a qualquer momento. Os valores anunciados de Condomínio, IPTU, Laudêmio, TCRS e outras taxas que por ventura venham a incidir sobre este imóvel são aproximados. Solicite o valor atualizado. A visualização de mobília nas imagens não significa que o mesmo será comercializado mobiliado.  EMPRESA: A Invista conta com profissionais especializados no mercado imobiliário e possui duas lojas, a Matriz no Centro e uma Filial no Estreito, em pontos nobres com estacionamento. Temos mais de 14 anos de experiência sempre satisfazendo nossos clientes e fazendo amigos. Nossa pauta possui mais de 3000 imóveis com diversas opções na Ilha e no Continente. Venha tomar um café conosco e conferir o que temos de melhor pra você.",ponto-comercial,https://www.chavesnamao.com.br/imovel/ponto-comercial-para-alugar-2-salas-sc-florianopolis-estreito-RS3000/id-19631760/,estreito,3000.0,,,
257,3000,0.0,98.0,,1,2,"Rua Doutor Heitor Blum, 584",-27.5907884,-48.5807229,"Loja comercial com 98m² privativos, localizada no Estreito.   Imóvel com lavabo e banheiro, área de serviço e vaga para 2 carros.   Agende já uma visita através do nosso plantão de vendas pelo telefone (48)   ou pelo WhatsApp (48) 9 9865- 9090. Aguardamos seu contato!  Será ainda de responsabilidade do locatário, o pagamento de seguro incêndio, energia elétrica, água e demais encargos. Sobre o valor do condomínio, poderá haver fundo de reserva e rateio, que serão pagos pelo locatário, podendo ser ressarcidos posteriormente. Estas informações são de responsabilidade do proprietário e poderão ser alteradas a qualquer momento. Os valores anunciados de Condomínio, IPTU, Laudêmio, TCRS e outras taxas que por ventura venham a incidir sobre este imóvel são aproximados. Solicite o valor atualizado. A visualização de mobília nas imagens não significa que o mesmo será comercializado mobiliado.  EMPRESA: Na Invista, você encontra uma equipe altamente qualificada e dedicada a te guiar na jornada de encontrar o imóvel ideal. Com mais de 14 anos de experiência, construímos uma sólida reputação de satisfação e amizade com nossos clientes. Nossa carteira de imóveis conta com mais de 3000 unidades, com diversas opções para atender às suas necessidades e orçamento Nossa loja está situada na Av. Gov. Ivo Silveira n° 464, oferecendo fácil acesso e comodidade para você.  Venha nos visitar e tomar um café conosco, teremos o prazer de te apresentar as melhores opções de imóveis na Ilha e no Continente.",ponto-comercial,https://www.chavesnamao.com.br/imovel/ponto-comercial-para-alugar-1-sala-com-garagem-sc-florianopolis-estreito-RS3000/id-21993885/,estreito,3000.0,,,
258,3200,0.0,12.0,,1,1,"Arnoldo Candido Raulino., 179",-27.58674,-48.58242,"Sala comercial com 12m²! Possui excelente e amplo espaço, lavabo, piso porcelanato e vaga de garagem.  Localização privilegiada, o bairro Canto conta com diversas facilidades para seu dia a dia. Próximo ao comércio em geral. Facilidade de acesso para os bairros vizinhos e Centro de Florianópolis. Ideal pra você que quer abrir ou expandir sua empresa.",ponto-comercial,https://www.chavesnamao.com.br/imovel/sala-comercial-para-alugar-1-sala-com-garagem-sc-florianopolis-estreito-RS3200/id-14367179/,estreito,3200.0,,,
259,3200,0.0,84.0,,2,,"Rua Fúlvio Aducci, 756",-27.5896619,-48.5748671,"Loja comercial com 2 entradas, sendo a principal pela Fúlvio Aducci e segunda pela Beira Mar Continental.   Imóvel possui 3 ambientes, cozinha com coifa e 2 banheiros.  Aos Fundos pela entrada da Beira Mar, é possível fazer uma garagem ou um deck, fica de responsabilidade do locatário.   Agende já uma visita através do nosso plantão de vendas pelo telefone (48)   ou pelo WhatsApp (48) 99865- 9090. Aguardamos seu contato!  Será ainda de responsabilidade do locatário, o pagamento de seguro incêndio, energia elétrica, água e demais encargos. Sobre o valor do condomínio, poderá haver fundo de reserva e rateio, que serão pagos pelo locatário, podendo ser ressarcidos posteriormente. Estas informações são de responsabilidade do proprietário e poderão ser alteradas a qualquer momento. Os valores anunciados de Condomínio, IPTU, Laudêmio, TCRS e outras taxas que por ventura venham a incidir sobre este imóvel são aproximados. Solicite o valor atualizado. A visualização de mobília nas imagens não significa que o mesmo será comercializado mobiliado.  EMPRESA: Na Invista, você encontra uma equipe altamente qualificada e dedicada a te guiar na jornada de encontrar o imóvel ideal. Com mais de 14 anos de experiência, construímos uma sólida reputação de satisfação e amizade com nossos clientes. Nossa carteira de imóveis conta com mais de 3000 unidades, com diversas opções para atender às suas necessidades e orçamento Nossa loja está situada na Av. Gov. Ivo Silveira n° 464, oferecendo fácil acesso e comodidade para você.  Venha nos visitar e tomar um café conosco, teremos o prazer de te apresentar as melhores opções de imóveis na Ilha e no Continente. Temos o imóvel perfeito para você!",ponto-comercial,https://www.chavesnamao.com.br/imovel/ponto-comercial-para-alugar-3-salas-sc-florianopolis-estreito-100m2-RS3200/id-22405467/,estreito,3200.0,,,
260,3300,485.0,70.0,2,2,1,"Rua Santos Saraiva, 1746",-27.5971622,-48.58995609999999,"Apartamento de alto padrão com 2 dormitórios, sendo 1 suíte, sala, sacada com churrasqueira, cozinha, banheiro social, área de serviço, piso porcelanato, 1 vaga de garagem dupla coberta e hobby box.",apartamento,https://www.chavesnamao.com.br/imovel/apartamento-para-alugar-2-quartos-com-garagem-sc-florianopolis-estreito-75m2-RS3300/id-2292950/,estreito,3785.0,530282.0,2651.41,-0.29949537648612945
261,3300,410.0,65.0,2,2,2,"Rua Santos Saraiva, 1746",-27.596981582054454,-48.590219029916376,"Apartamento com 2 dormitórios sendo 1 suíte, sala, sacada com churrasqueira, cozinha, banheiro social, área de serviço, 2 vagas de garagem cobertas e hobby box.",apartamento,https://www.chavesnamao.com.br/imovel/apartamento-para-alugar-2-quartos-com-garagem-sc-florianopolis-estreito-75m2-RS3300/id-2292960/,estreito,3710.0,557891.62,2789.4581,-0.24812450134770891
262,3500,0.0,60.0,2,1,,"Rua General Liberato Bitencourt, 666",-27.5837435,-48.5834504,"valor de locação: &bull;Aluguel = R$ 3.500,00 &bull;IPTU, Taxa de lixo, Condomínio, Seguro Credpago = R$ 700,00  Total = R$ 4.200,00  O imóvel oferece: &bull;2 dormitórios; &bull;1 banheiro social; &bull;60m2 privativos; &bull;Sem vaga.  As informações estão sujeitas a alterações. Consulte o corretor responsável.    Chave do anúncio: hvhcJVg8kvcPOnqg",apartamento,https://www.chavesnamao.com.br/imovel/apartamento-para-alugar-2-quartos-sc-florianopolis-estreito-60m2-RS3500/id-22390038/,estreito,3500.0,410719.99,2053.59995,-0.41325715714285716
263,3500,391.0,61.0,2,1,1,"Rua Visconde de Cairú, 339",-27.59623,-48.57213,"Apartamento mobiliado para aluguel no SAINT GERMAIN, localizado na Rua Visconde de Cairu, com 61,03m de área privativa e 2 dormitórios. O imóvel conta ainda com sala, cozinha com móveis planejados, área de serviço, banheiro social com box de vidro, piso cerâmico e 1 vaga de garagem. Próximo a comércios, serviços e facilidades do bairro Estreito. Agende sua visita hoje mesmo!  *ROUPAS DE CAMA, ALGUNS ACESSÓRIOS E DECORAÇÕES NÃO FAZEM PARTE DA LOCAÇÃO.*",apartamento,https://www.chavesnamao.com.br/imovel/apartamento-para-alugar-2-quartos-com-garagem-sc-florianopolis-estreito-73m2-RS3500/id-21154220/,estreito,3891.0,448954.5,2244.7725,-0.423085967617579
264,3700,0.0,90.0,,1,,"Avenida Marinheiro Max Schramm, 2519",-27.58012,-48.5877,"Loja comercial com 90m²! Possui excelente e amplo espaço, lavabo e piso cerâmico. Ideal pra você que quer abrir ou expandir seu negócio.   O Estreito possui uma localização privilegiada e de fácil acesso. O bairro vem crescendo de forma acelerada, valorizando a região e trazendo novos e modernos empreendimentos. O grande fluxo de pessoas que passa pelas avenidas principais, Fúlvio Aducci e Araci Vaz Callado, garante movimentação para o comércio e serviços.  *IPTU E TCRS EM ATUALIZAÇÃO*",ponto-comercial,https://www.chavesnamao.com.br/imovel/ponto-comercial-para-alugar-2-salas-sc-florianopolis-estreito-90m2-RS3700/id-15433626/,estreito,3700.0,,,
265,3800,750.0,78.0,2,2,1,"Rua Manoel de Oliveira Ramos, 147",-27.58844,-48.57903,"Apartamento com 78m² de área privativa, localizado no Estreito com fácil acesso ao Centro de Florianópolis.   Imóvel com sala de estar e jantar, sacada com churrasqueira, cozinha com armários, área de serviço, 2 quartos sendo 1 suíte, 1 banheiro social e 1 vaga de garagem.   Agende já uma visita através do nosso plantão de vendas pelo telefone (48)   ou pelo WhatsApp (48) 99865- 9090. Aguardamos seu contato!   Será ainda de responsabilidade do locatário, o pagamento de seguro incêndio, energia elétrica, água e demais encargos. Sobre o valor do condomínio, poderá haver fundo de reserva e rateio, que serão pagos pelo locatário, podendo ser ressarcidos posteriormente. Estas informações são de responsabilidade do proprietário e poderão ser alteradas a qualquer momento. Os valores anunciados de Condomínio, IPTU, Laudêmio, TCRS e outras taxas que por ventura venham a incidir sobre este imóvel são aproximados. Solicite o valor atualizado. A visualização de mobília nas imagens não significa que o mesmo será comercializado mobiliado.   EMPRESA: Na Invista, você encontra uma equipe altamente qualificada e dedicada a te guiar na jornada de encontrar o imóvel ideal. Com mais de 14 anos de experiência, construímos uma sólida reputação de satisfação e amizade com nossos clientes. Nossa carteira de imóveis conta com mais de 3000 unidades, com diversas opções para atender às suas necessidades e orçamento Nossa loja está situada na Av. Gov. Ivo Silveira n° 464, oferecendo fácil acesso e comodidade para você.  Venha nos visitar e tomar um café conosco, teremos o prazer de te apresentar as melhores opções de imóveis na Ilha e no Continente.",apartamento,https://www.chavesnamao.com.br/imovel/apartamento-para-alugar-2-quartos-com-garagem-sc-florianopolis-estreito-97m2-RS3800/id-22128343/,estreito,4550.0,534982.0,2674.91,-0.4121076923076923
266,3900,0.0,120.0,3,2,1,"Rua Secundino Peixoto, 89",-27.58926,-48.57703,"Casa para aluguel localizada no bairro Estreito, em Florianópolis.   Com 120m² de área privativa o imóvel conta com 3 dormitórios (sendo 1 suíte), sala, sacada, cozinha com móveis planejados, área de serviço, piso cerâmico, permite animais de estimação, banheiro social com box de vidro e 1 vaga na garagem com portão eletrônico. Venha morar nesse imóvel agende uma visita e venha conferir!  *** ALGUNS PERTENCES NÃO FAZEM PARTE DA LOCAÇÃO, CONSULTAR ADMINISTRADORA ***",casa,https://www.chavesnamao.com.br/imovel/casa-para-alugar-3-quartos-com-garagem-sc-florianopolis-estreito-RS3900/id-20353946/,estreito,3900.0,,,
267,3900,318.0,100.0,,1,,"Rua Doutor Heitor Blum, 0309",-27.5891935,-48.5786973,"Excelente loja comercial para aluguel no bairro Estreito, em Florianópolis. Com área total de 100m² e área privativa de 100m², este imóvel possui lavabo, piso cerâmico e uma sala espaçosa. A localização é privilegiada, com calçada para pedestres e face Norte. A infraestrutura do entorno é ótima, com comércios e serviços próximos. Agende uma visita e aproveite essa oportunidade de montar seu negócio em uma das melhores regiões da cidade!  O Estreito possui uma localização privilegiada e de fácil acesso. O bairro vem crescendo de forma acelerada, valorizando a região e trazendo novos e modernos empreendimentos. O grande fluxo de pessoas que passa pelas avenidas principais, Fúlvio Aducci e Araci Vaz Callado, garante movimentação para o comércio e serviços.",ponto-comercial,https://www.chavesnamao.com.br/imovel/ponto-comercial-para-alugar-1-sala-sc-florianopolis-estreito-100m2-RS3900/id-2277732/,estreito,4218.0,,,
268,4000,0.0,200.0,,1,,"Rua Fúlvio Aducci, 1137",-27.58824,-48.57718,"Sala comercial com 200m² de área privativa, localizada em região nobre no Estreito, próximo a Av. Beira Mar Continental.   Imóvel no pavimento superior, possuí 5 salas, 1 banheiro e piso cerâmico.   Agende já uma visita através do nosso plantão de vendas pelo telefone (48)   ou pelo WhatsApp (48) 99865- 9090. Aguardamos seu contato!  Será ainda de responsabilidade do locatário, o pagamento de seguro incêndio, energia elétrica, água e demais encargos. Sobre o valor do condomínio, poderá haver fundo de reserva e rateio, que serão pagos pelo locatário, podendo ser ressarcidos posteriormente. Estas informações são de responsabilidade do proprietário e poderão ser alteradas a qualquer momento. Os valores anunciados de Condomínio, IPTU, Laudêmio, TCRS e outras taxas que por ventura venham a incidir sobre este imóvel são aproximados. Solicite o valor atualizado. A visualização de mobília nas imagens não significa que o mesmo será comercializado mobiliado.  SOBRE O BAIRRO: Apesar do nome, o Centro está localizado no oeste da Ilha de Santa Catarina, entre o Morro da Cruz e o mar, no ponto mais próximo ao continente. Coração político da capital e do estado, o Centro já recebeu figuras ilustres como Dom Pedro II e foi palco da Novembrada, grande manifestação popular que ocorreu durante a visita do último presidente do regime militar, João Baptista Figueiredo. Foi ali que Francisco Dias Velho desembarcou pela primeira vez, fundando o povoado de Nossa Senhora do Desterro.  EMPRESA: A Invista conta com profissionais especializados no mercado imobiliário e possui duas lojas, a Matriz no Centro e uma Filial no Estreito, em pontos nobres com estacionamento. Temos mais de 13 anos de experiência sempre satisfazendo nossos clientes e fazendo amigos. Nossa pauta possui mais de 3000 imóveis com diversas opções na Ilha e no Continente. Venha tomar um café conosco e conferir o que temos de melhor pra você.",ponto-comercial,https://www.chavesnamao.com.br/imovel/sala-comercial-para-alugar-5-salas-sc-florianopolis-estreito-260m2-RS4000/id-18077317/,estreito,4000.0,,,
269,4000,322.0,66.0,,1,,"Rua Santos Saraiva, 238",-27.5897,-48.57677,"Loja com 66m²! Possui excelente e amplo espaço, mezanino, lavabo e piso cerâmico.   O Estreito possui uma localização privilegiada e de fácil acesso. O bairro vem crescendo de forma acelerada, valorizando a região e trazendo novos e modernos empreendimentos. O grande fluxo de pessoas que passa pelas avenidas principais, Fúlvio Aducci e Araci Vaz Callado, garante movimentação para o comércio e serviços. Ideal pra você que quer abrir ou expandir seu imóvel.",ponto-comercial,https://www.chavesnamao.com.br/imovel/ponto-comercial-para-alugar-1-sala-sc-florianopolis-estreito-66m2-RS4000/id-14036490/,estreito,4322.0,,,
270,4000,850.0,119.0,4,1,1,"Rua General Eurico Gaspar Dutra, 440",-27.59261,-48.57345,"Alugue o apartamento dos seus sonhos no coração do Estreito, Florianópolis. Este belo imóvel de 119m2 oferece amplo espaço com 4 quartos, incluindo 2 suítes e 1 vaga de garagem coberta.   Os confortos do imóvel incluem: 1. Sala de Jantar espaçosa, 2. Banheiro de serviço, 3. Cozinha com armários embutidos, 4. Salão de festas para momentos de diversão, 5. Despensa para otimização de espaço.  Viva a experiência única de morar no condomínio Alphaville, conhecido por sua infraestrutura completa, segurança 24h, ambiente tranquilo e familiar, cercado por áreas verdes e com fácil acesso a serviços e comércios.  Não perca essa oportunidade! Entre em contato conosco agora mesmo e venha conferir ao vivo a sua nova morada.   Tags: AluguelFlorianopolis Estreito CondominioAlphaville Apartamento4Quartos Moradia Conforto Seguranca Infraestrutura. Agende visita sem compromisso. Valores sujeito a alteração sem aviso prévio, consulte disponibilidade. Rev: 09",apartamento,https://www.chavesnamao.com.br/imovel/apartamento-para-alugar-4-quartos-com-garagem-sc-florianopolis-estreito-119m2-RS4000/id-21609499/,estreito,4850.0,647707.7266666667,3238.5386333333336,-0.3322600756013745
271,4240,651.0,65.0,,1,1,"Rua Rua General Liberato Bittencourt, 1475",-27.5868017,-48.5814019,"Condomínio: Globo Tower; Empreendimento comercial na melhor localização Estreito, região continental de Florianópolis Um centro executivo diferente, pensado para o futuro. Salas comerciais com vagas de garagem para atender diferentes necessidades. Espaço fitness, sala de reuniões e conferência, estacionamento rotativo.  LAZER / SERVIÇOS: -Espaço destinado a serviços de alimentação -Estacionamento rotativo dando suporte as salas comerciais com 112 vagas -Bicicletário SEGURANÇA / PRATICIDADE: -Controle de acesso à torre corporativa -Sala de administração e segurança -Infra-estrutura para CFTV -Academia de ginástica equipada e mobiliada -Vestiário masculino e feminino -04 salas de reuniões para workshops e conferências.  Acesso pelas ruas Gen. Liberato Bittencourt e Arnoldo Cândido Raulino.",ponto-comercial,https://www.chavesnamao.com.br/imovel/sala-comercial-para-alugar-com-garagem-sc-florianopolis-estreito-132m2-RS4240/id-21835150/,estreito,4891.0,,,
272,4700,685.0,76.0,2,2,1,"Rua Fúlvio Aducci, 1507",-27.59002,-48.57467,"Apartamento com 02 suítes, 01 vaga de garagem, closet e home office. Ar condicionados nas duas suítes e na sala de estar. Imóvel com a possibilidade se ser colocado armários da cozinha, mas com alteração do valor de aluguel.  O Atlantique Residence é um empreendimento completo, com localização especial no Estreito e próximo a Avenida Beira Mar Continental, perto de tudo o que você precisa. Além de toda a qualidade W Koerich Imóveis, o empreendimento oferece o espaço perfeito para você viver em uma localização especial, ao lado da Praça Nossa Senhora de Fátima, perto de tudo que você precisa, como: Padaria, farmácia, restaurante, banco, colégio, supermercado, entre outros. Além de contar com uma vista incrível da ponte Hercílio Luz!  OBS: Os valores podem sofrer alterações se aviso prévio, assim como a disponibilidade do mesmo.",apartamento,https://www.chavesnamao.com.br/imovel/apartamento-para-alugar-2-quartos-com-garagem-sc-florianopolis-estreito-76m2-RS4700/id-19403997/,estreito,5385.0,533942.0,2669.71,-0.5042321262766944
273,4800,0.0,198.0,,1,3,"Rua Tereza Cristina, 545",-27.58696,-48.58562,"Imóvel: Loja Comercial em excelente localização oferece 198 m² de área privativa e 01 banheiro social.   Endereço muito bem distribuído dispõe de 02 entradas na frente para melhor facilidade de atendimento da sua empresa: a entrada 01 pela porta facilita a o atendimento dos clientes e a entrada 02 com ampla estreita proporciona maior facilidade de entrada e saída de pessoas, clientes e veículos, seja como carga e descarga de produtos e até mesmo espaço para desenvolver seus trabalhos com maior comodidade e eficiência.   No total endereço oferece 03 ambientes: 01 - a recepção, 02 - enorme espaço em formato L com acesso pela recepção ou porta de esteira, 03 - Amplo espaço nos fundos que pode ser utilizado como estoque e armazenamento de produtos, ou até mesmo como um ambiente a mais de escritório. A Loja possui estacionamento rotativo na frente para 03 carros. Endereço super privilegiado em local valorizado e de fácil acesso para atender seus clientes.  Bairro: Estreito está situado na porção continental, entre os bairros de Coqueiros, Capoeiras, Balneário e as baías Norte e Sul, o nome é devido a se localizar na parte mais estreita do mar que separa o continente da Ilha de Santa Catarina, onde se encontram as pontes Hercílio Luz, Colombo Salles e Pedro Ivo Campos, atualmente é umas das regiões mais valorizadas da capital, com toda a infraestrutura de uma grande cidade.   A EVOLUÇÃO IMÓVEIS possui mais de 12 anos de experiência, sempre satisfazendo nossos clientes e fazendo amigos. Temos mais de 2000 imóveis com diversas opções na Grande Florianópolis.  Estamos de plantão através do número (48)   ou no CHAT.  Concretizando seus Sonhos",ponto-comercial,https://www.chavesnamao.com.br/imovel/ponto-comercial-para-alugar-2-salas-com-garagem-sc-florianopolis-estreito-220m2-RS4800/id-19417895/,estreito,4800.0,,,
274,5000,0.0,180.0,,,,"Rua Bernardino Vaz, 177",-27.58948,-48.57798,"Esta é a sua oportunidade de alugar uma loja exclusiva e desejada no Estreito, uma região altamente procurada. A loja oferece aproximadamente 180m2, mezanino, banheiro e estacionamento, atendendo às suas necessidades profissionais. Observação: valores de taxas e encargos ainda serão atualizados.  Agende uma visita e conheça seu novo imóvel! Dalton Andrade Imóveis - Sua garantia imobiliária. Contato: Loja Centro: (48)   Loja Trindade: (48)   ",ponto-comercial,https://www.chavesnamao.com.br/imovel/ponto-comercial-para-alugar-sc-florianopolis-estreito-180m2-RS5000/id-22385289/,estreito,5000.0,,,
275,5000,600.0,109.0,,2,3,"Rua Fúlvio Aducci, 471",-27.59147,-48.57289,"Nós da vivacci imóveis temos o prazer de apresentar uma oportunidade única para locação de uma sala comercial no centro executivo Vilar Formoso, localizada estrategicamente próxima à famosa ponte Hercílio Luz e a menos de dois minutos do centro da cidade. Essa sala, com uma área ampla de mais de 100m², oferece diversos ambientes já mobiliados e climatizados, perfeitamente adequados para atender às necessidades de empresas, clínicas, consultórios e outras atividades comerciais. Ao adentrar nesse espaço moderno e bem projetado, você encontrará uma atmosfera profissional e convidativa, com áreas distintas que podem ser adaptadas para diferentes propósitos comerciais. Seja para criar um escritório dinâmico e colaborativo, um espaço de atendimento a clientes ou um ambiente de trabalho tranquilo e produtivo, essa sala oferece a flexibilidade necessária para se adequar às suas necessidades específicas. A sala já está equipada com mobiliário moderno e funcional, o que permite uma rápida e conveniente instalação do seu negócio. Além disso, o sistema de climatização garante um ambiente confortável durante todo o ano, proporcionando o máximo de comodidade tanto para funcionários quanto para clientes. Um diferencial adicional é a vaga de garagem privativa inclusa, proporcionando praticidade e segurança aos ocupantes da sala comercial. Essa comodidade é especialmente valiosa no centro executivo Vilar Formoso, onde o estacionamento pode ser um desafio. A localização estratégica dessa sala comercial oferece acesso conveniente ao centro da cidade, garantindo proximidade com diversos estabelecimentos comerciais, restaurantes, bancos e serviços essenciais. A ponte Hercílio Luz, um dos principais pontos turísticos da região, adiciona um charme único ao ambiente de negócios. Se você está em busca de um espaço comercial pronto para receber sua empresa, clínica, consultório ou qualquer outra atividade comercial, essa sala no centro executivo Vilar Formoso é a escolha perfeita. Não perca essa oportunidade de estabelecer seu negócio em um local estratégico e com todas as comodidades necessárias para o seu sucesso. Agende uma visita e descubra todas as vantagens que essa sala comercial pode oferecer.",ponto-comercial,https://www.chavesnamao.com.br/imovel/sala-comercial-para-alugar-com-garagem-sc-florianopolis-estreito-200m2-RS5000/id-14589864/,estreito,5600.0,,,
276,5000,130.0,114.0,,2,,"Rua Fúlvio Aducci, 1013",-27.588558,-48.5768757,"Loja comercial com 114 m² em localização privilegiada! Oferece mezanino com 2 salas, 2 copas, 2 lavabos, piso cerâmico e estacionamento rotativo.   O Estreito possui uma localização privilegiada e de fácil acesso. O bairro vem crescendo de forma acelerada, valorizando a região e trazendo novos e modernos empreendimentos. O grande fluxo de pessoas que passa pelas avenidas principais, Fúlvio Aducci e Araci Vaz Callado, garante movimentação para o comércio e serviços.",ponto-comercial,https://www.chavesnamao.com.br/imovel/ponto-comercial-para-alugar-5-salas-sc-florianopolis-estreito-135m2-RS5000/id-1021114/,estreito,5130.0,,,
277,5269,676.0,70.0,,1,1,"Rua General Liberato Bittencourt, 1475",-27.5868017,-48.5814019,"Excelente sala Comercial com 70m², em empreendimento de alto padrão localizado no estreito. Empreendimento comercial na melhor localização Estreito, região continental de Florianópolis Um centro executivo diferente, pensado para o futuro. Salas comerciais com vagas de garagem para atender diferentes necessidades. Espaço fitness, sala de reuniões e conferência, estacionamento rotativo.  LAZER / SERVIÇOS: -Espaço destinado a serviços de alimentação -Estacionamento rotativo dando suporte as salas comerciais com 112 vagas -Bicicletário SEGURANÇA / PRATICIDADE: -Controle de acesso à torre corporativa -Sala de administração e segurança -Infra-estrutura para CFTV -Academia de ginástica equipada e mobiliada -Vestiário masculino e feminino -04 salas de reuniões para workshops e conferências.  Acesso pelas ruas Gen. Liberato Bittencourt e Arnoldo Cândido Raulino.",ponto-comercial,https://www.chavesnamao.com.br/imovel/sala-comercial-para-alugar-com-garagem-sc-florianopolis-estreito-70m2-RS5269/id-19860461/,estreito,5945.0,,,
278,5450,0.0,154.0,,1,,"Rua Doutor Heitor Blum, 779",-27.5923,-48.58188,"Loja comercial com 154 m² , lavabo, piso cerâmico, vagas de estacionamento. Ideal para você que deseja abrir ou expandir sua empresa.  O Estreito possui uma localização privilegiada e de fácil acesso. O bairro vem crescendo de forma acelerada, valorizando a região e trazendo novos e modernos empreendimentos. O grande fluxo de pessoas que passa pelas avenidas principais, Fúlvio Aducci e Araci Vaz Callado, garante movimentação para o comércio e serviços.",ponto-comercial,https://www.chavesnamao.com.br/imovel/ponto-comercial-para-alugar-1-sala-sc-florianopolis-estreito-154m2-RS5450/id-14440120/,estreito,5450.0,,,
279,5500,0.0,100.0,,1,,"Rua Doutor Heitor Blum, 373",-27.58966,-48.57917,"Sala comercial com 100m²! Possui excelente e amplo espaço, banheiro social e piso cerâmico.   O Estreito possui uma localização privilegiada e de fácil acesso. O bairro vem crescendo de forma acelerada, valorizando a região e trazendo novos e modernos empreendimentos. O grande fluxo de pessoas que passa pelas avenidas principais, Fúlvio Aducci e Araci Vaz Callado, garante movimentação para o comércio e serviços. Ideal pra você que quer abrir ou expandir seu negocio.   *Alguns móveis, objetos pessoais e eletros não fazem parte da locação, consultar junto a administradora.**",ponto-comercial,https://www.chavesnamao.com.br/imovel/sala-comercial-para-alugar-3-salas-sc-florianopolis-estreito-100m2-RS5500/id-11000091/,estreito,5500.0,,,
280,5500,0.0,130.0,3,3,2,"Rua Marechal Hermes, 160",-27.5848742,-48.5789034,"Apartamento Pronto para morar, no Marechal Hermes Residence, no bairro Estreito, na região continental de Florianópolis.   Marechal Hermes é um empreendimento de alto padrão, em localização mais que privilegiada, no Estreito, região continental de Florianópolis, perto de escolas, bancos, supermercados e de toda infra-estrutura que você precisa.  Diferenciais que trazem muitos benefícios para você! Uma arquitetura moderna e arrojada!  Andar alto com vista mar e Ponte Hercílio Luz 03 dormitórios (sendo 01 suíte e 02 demi- suítes) e 01 Lavabo Sala ampla com espaço para 02 ambientes Cozinha ampla com sacada Área de serviço ampla e privativa  Sacada Gourmet com pia e churrasqueira a carvão  Diferenciais: 02 vagas de garagem por apto Hobby box Chuveiros com acionamento mono comando Infraestrutura para água quente nas suítes, sacada e cozinha Infraestrutura para ar condicionado do tipo split nas suítes e sala Piso porcelanato na área social e piso laminado na área í",apartamento,https://www.chavesnamao.com.br/imovel/apartamento-para-alugar-3-quartos-com-garagem-sc-florianopolis-estreito-169m2-RS5500/id-6515295/,estreito,5500.0,758206.98,3791.0349,-0.31072092727272727
281,5500,0.0,150.0,,2,3,"Rua Santos Saraiva, 960",-27.59468,-48.58168,"Galpão com 150m², localizado no Estreito em via muito movimentada.   Imóvel 4 salas, copa, 2 banheiros e 3 vagas de estacionamento descobertas.   Agende já uma visita através do nosso plantão de vendas pelo telefone (48)   ou pelo whatsapp (48) 99865- 9090. Aguardamos seu contato!  Será ainda de responsabilidade do locatário, o pagamento de seguro incêndio, energia elétrica, água e demais encargos. Sobre o valor do condomínio, poderá haver fundo de reserva e rateio, que serão pagos pelo locatário, podendo ser ressarcidos posteriormente. Estas informações são de responsabilidade do proprietário e poderão ser alteradas a qualquer momento. Os valores anunciados de Condomínio, IPTU, Laudêmio, TCRS e outras taxas que por ventura venham a incidir sobre este imóvel são aproximados. Solicite o valor atualizado. A visualização de mobília nas imagens não significa que o mesmo será comercializado mobiliado.  EMPRESA: A Invista conta com profissionais especializados no mercado imobiliário e possui duas lojas, a Matriz no Centro e uma Filial no Estreito, em pontos nobres com estacionamento. Temos mais de 13 anos de experiência sempre satisfazendo nossos clientes e fazendo amigos. Nossa pauta possui mais de 3000 imóveis com diversas opções na Ilha e no Continente. Venha tomar um café conosco e conferir o que temos de melhor pra você.",galpao,https://www.chavesnamao.com.br/imovel/galpao-para-alugar-4-salas-com-garagem-sc-florianopolis-estreito-150m2-RS5500/id-17953539/,estreito,5500.0,,,
282,5890,0.0,275.0,,3,,"Rua Fúlvio Aducci, 384",-27.59159,-48.57205,"Galpão de 275 m² em ótima localização! Com 2 salas, banheiro, copa. Sol da tarde. O Estreito trata-se de uma região bastante dinâmica, pois mescla grandes condomínios e prédios residenciais com uma verdadeira infinidade de opções em termos de comércio e lazer. A principal via do bairro chama-se Fúlvio Aducci. No bairro é possível encontrar importantes órgãos públicos e unidades militares, como o DETRAN e o 63º Batalhão de Infantaria, além da Biblioteca Municipal Professor Barreiros Filho, a Policlínica do Continente e o Hospital Florianópolis.",ponto-comercial,https://www.chavesnamao.com.br/imovel/ponto-comercial-para-alugar-2-salas-sc-florianopolis-estreito-RS5890/id-21154254/,estreito,5890.0,,,
283,5970,467.0,70.0,,1,1,"Rua Professora Antonieta De Barros, 211",-27.58676,-48.58174,"Imóvel: Excelente opção de sala comercial com vista para o mar oferece 70,24m2 privativos, 01 lavabo e 01 vaga de garagem privativa coberta. Acabamento diferenciado com piso porcelanato e Todas as paredes internas são de Dry Wall, manta firestop (manta anti-chamas que isola um andar do outro em caso de incêndio para que o fogo não se propague por todo o prédio).  Endereço estrategicamente favorável pelo local de fácil acesso tanto para quem está no Continente ou de quem vem da Ilha.   Estamos com outras opções de salas comerciais neste mesmo endereço, consulte nossos corretores e venha conhecer.   Empreendimento: Centro Comercial completo oferece reconhecimento facial na recepção, acesso de entrada adequado aos Portadores de Necessidades Especiais (PNE`s), salas comerciais com vagas de garagem para atender diferentes necessidades. Espaço fitness, sala de reuniões e conferência, estacionamento rotativo com 112 vagas para clientes e visitantes, 6 elevadores, heliponto para resgate aéreo, vestiário masculino e feminino, auditório que atende 50 pessoas, praça de alimentação, bicicletário, coffee break, rodapés eletrificados, gerador de energia elétrico para as áreas comuns, sistema de renovação de ar em todas as salas, câmeras de moitoramento e mobilidade de layout.  Bairro: Estreito está situado na porção continental, entre os bairros de Coqueiros, Capoeiras, Balneário e as baías Norte e Sul, o nome é devido a se localizar na parte mais estreita do mar que separa o continente da Ilha de Santa Catarina, onde se encontram as pontes Hercílio Luz, Colombo Salles e Pedro Ivo Campos, atualmente é umas das regiões mais valorizadas da capital, com toda a infraestrutura de uma grande cidade.   A EVOLUÇÃO IMOVEIS possui mais de 12 anos de experiência, sempre satisfazendo nossos clientes e fazendo amigos. Temos mais de 2000 imóveis com diversas opções na Grande Florianópolis.  Estamos de plantão através do número (48)   ou no CHAT.  Concretizando seus Sonhos",ponto-comercial,https://www.chavesnamao.com.br/imovel/sala-comercial-para-alugar-2-salas-com-garagem-sc-florianopolis-estreito-82m2-RS5970/id-19399768/,estreito,6437.0,,,
284,5978,0.0,160.0,,2,,"Rua Henrique Boiteux, 183",-27.59174,-48.57363,"Casa comercial com 160m² oferece 6 salas amplas e bem arejadas, banheiro social, copa. Excelente e ampla área externa com jardim.  O Estreito possui uma localização privilegiada e de fácil acesso. O bairro vem crescendo de forma acelerada, valorizando a região e trazendo novos e modernos empreendimentos. O grande fluxo de pessoas que passa pelas avenidas principais, Fúlvio Aducci e Araci Vaz Callado, garante movimentação para o comércio e serviços.",casa,https://www.chavesnamao.com.br/imovel/casa-para-alugar-sc-florianopolis-estreito-472m2-RS5978/id-16198456/,estreito,5978.0,,,
285,6000,0.0,178.0,,1,,"Rua Fúlvio Aducci, 900",-27.58874,-48.57605,"Loja comercial com 178m²! Possui excelente e amplo espaço, lavabo e piso cerâmico. Ideal pra você que quer abrir ou expandir seu negócio.   O Estreito possui uma localização privilegiada e de fácil acesso. O bairro vem crescendo de forma acelerada, valorizando a região e trazendo novos e modernos empreendimentos. O grande fluxo de pessoas que passa pelas avenidas principais, Fúlvio Aducci e Araci Vaz Callado, garante movimentação para o comércio e serviços.",ponto-comercial,https://www.chavesnamao.com.br/imovel/ponto-comercial-para-alugar-sc-florianopolis-estreito-178m2-RS6000/id-15145830/,estreito,6000.0,,,
286,6800,0.0,227.0,3,4,3,"Tupinamba, 543",-27.58531,-48.58909,"Casa para aluguel localizada na Rua Tupinamba, no bairro Canto em Florianópolis. Com área privativa de 227.37m² e 3 dormitórios, sendo 1 suíte com closet e sacada. O imóvel conta com 3 salas, cozinha com móveis planejados, área de serviço, piso porcelanato, banheiro social com box de vidro, lavabo, área externa com piscina, jacuzzi, jardim e varanda com churrasqueira e 3 vagas de garagem. Oferece área ampla com salão de festas e depósito. Excelente localização próxima ao Bairro Comercial Estreito. Venha conferir!",casa,https://www.chavesnamao.com.br/imovel/casa-para-alugar-3-quartos-com-garagem-sc-florianopolis-estreito-300m2-RS6800/id-20537434/,estreito,6800.0,,,
287,6900,109.0,150.0,,1,,"Rua Santiago Dantas, 150",-27.59257,-48.58101,"Galpão com 150m²! Oferece excelente e amplo espaço, 3 salas, lavabo e piso cerâmico. Ideal pra você que quer abrir ou expandir seu negócio.   O Estreito possui uma localização privilegiada e de fácil acesso. O bairro vem crescendo de forma acelerada, valorizando a região e trazendo novos e modernos empreendimentos. O grande fluxo de pessoas que passa pelas avenidas principais, Fúlvio Aducci e Araci Vaz Callado, garante movimentação para o comércio e serviços.",galpao,https://www.chavesnamao.com.br/imovel/galpao-para-alugar-3-salas-sc-florianopolis-estreito-150m2-RS6900/id-16024664/,estreito,7009.0,,,
288,7000,0.0,162.0,,2,,"Rua Fúlvio Aducci, 1136",-27.5876513,-48.5776458,"Loja comercial térrea com 162m² de área privativa, localizada no coração do Estreito, próximo ao principais comércios da região com grande visibilidade e passagem de pedestres e automóveis.  Imóvel amplo, somente parte térrea, possuí 2 entradas em frente, pé direito alto, espaço para depósito e sem vaga de garagem.   Habite-se comercial em andamento.  Agende já uma visita através do nosso plantão de vendas pelo telefone (48)   ou pelo WhatsApp (48) 9 9 . Aguardamos seu contato!  Será ainda de responsabilidade do locatário, o pagamento de seguro incêndio, energia elétrica, água e demais encargos. Sobre o valor do condomínio, poderá haver fundo de reserva e rateio, que serão pagos pelo locatário, podendo ser ressarcidos posteriormente. Estas informações são de responsabilidade do proprietário e poderão ser alteradas a qualquer momento. Os valores anunciados de Condomínio, IPTU, Laudêmio, TCRS e outras taxas que por ventura venham a incidir sobre este imóvel são aproximados. Solicite o valor atualizado. A visualização de mobília nas imagens não significa que o mesmo será comercializado mobiliado.  EMPRESA: A Invista conta com profissionais especializados no mercado imobiliário e possui duas lojas, a Matriz no Centro e uma Filial no Estreito, em pontos nobres com estacionamento. Temos mais de 14 anos de experiência sempre satisfazendo nossos clientes e fazendo amigos. Nossa pauta possui mais de 3000 imóveis com diversas opções na Ilha e no Continente. Venha tomar um café conosco e conferir o que temos de melhor pra você.",ponto-comercial,https://www.chavesnamao.com.br/imovel/ponto-comercial-para-alugar-1-sala-sc-florianopolis-estreito-RS7000/id-19531355/,estreito,7000.0,,,
289,7000,0.0,210.0,,3,,"Afonso Pena, 837",-27.59044,-48.58431,"Aproveite esta oportunidade de alugar uma loja na rua Afonso Pena, no bairro Estreito em Florianópolis. Com área privativa de 210.17m², 3 lavabos, piso porcelanato e 5 salas. Possui excelente localização. Não perca esta chance, agende uma visita hoje mesmo!",ponto-comercial,https://www.chavesnamao.com.br/imovel/ponto-comercial-para-alugar-5-salas-sc-florianopolis-estreito-RS7000/id-19384257/,estreito,7000.0,,,
290,7400,980.0,65.0,2,2,2,"Rua Orlando Odilio Koerich, 324",-27.5810436,-48.5934837,"O apartamento Samba de Benção - por Studio Gabriel Bordin - compõe a WKollection, novo conceito da construtora WKoerich para apartamentos climatizados, equipados, mobiliados e prontos para morar. Trazendo edições assinadas por profissionais renomados, os projetos evidenciam a essência da sofisticação, exclusividade e bem-estar.  A música Samba de Benção de Vinícius de Moraes é homenageada neste apartamento. As cores neutras, como o cinza claro e o branco, foram escolhidas para proporcionar liberdade na seleção de móveis soltos e frisos com cores diferentes, enfatizando a neutralidade dos espaços. Dentro deste ambiente luminoso, destacam-se pontos de cor, como os móveis da cozinha e mesa de jantar. Com o branco como cor predominante, a suíte ganha amplitude, realçada por pequenos detalhes na cabeceira da cama. Samba de Benção utiliza a claridade do ambiente para oferecer aos moradores um pouco mais de leveza e serenidade.  Características: - Apartamento 2 dormitórios (1 suíte) - Sala para 2 ambientes - Cozinha - Área de serviço - Banheiro social - 2 vagas de garagem  Informações adicionais: - Piso: porcelanato 80x80cm retificado nas áreas sociais, laminado de madeiras nas áreas íntimas, contra piso flutuante para atenuação de ruído de impacto nos apartamentos - Janelas: persianas motorizadas nos dormitórios, esquadrias panorâmicas na sala, esquadrias com contramarco para maior vedação e soleira em granito - Ar condicionado: infraestrutura para split convencional ou inverter, com áreas técnicas específicas para condensadoras, painéis venezianados de alumínio para ocultar as condensadoras - Cozinha: ponto de água para filtro, nicho para instalação de máquina de lavar louça, pintura epóxi - Banheiros: revestimento com azulejo retificado, bancadas nos banheiros em porcelanato, box em vidro temperado, nicho no box dos banheiros, vasos sanitários e cubas da marca Roca, vasos sanitários com sistema dual flush, metais da marca Deca ou Docol, acessórios dos banheiros fornecidos (cabides e porta papel higiênico)  - Elétrica e rede: acabamentos elétricos Pial-Legrand, infraestrutura pronta para passagem de cabos de telefone e TV a cabo, cabeamento instalado para internet, telecom e TV a cabo, ponto para TV em duas alturas na sala, quadro telecom organizado com ponto elétrico para roteador, sistema DPS e dispositivo DR, luminárias plafon de led instaladas - Outros: parede dupla entre apartamentos, sancas em gesso, portas com borracha de proteção nos batentes para atenuação acústica, medidores individuais de água e gás, aquecedor de passagem instalado",apartamento,https://www.chavesnamao.com.br/imovel/apartamento-para-alugar-2-quartos-com-garagem-sc-florianopolis-estreito-150m2-RS7400/id-21209740/,estreito,8380.0,557891.62,2789.4581,-0.6671291050119332
291,7500,1511.0,275.0,,2,,"Rua Santos Saraiva, 739",-27.59336,-48.58009,"Ótima oportunidade de aluguel de loja no bairro Estreito em Florianópolis. Com 275.69m² de área privativa com dois andares, possui 2 banheiros sociais e 7 salas. Localizada na Rua Santos Saraiva, próximo a diversos comércios e com fácil acesso a outras regiões da cidade.",ponto-comercial,https://www.chavesnamao.com.br/imovel/ponto-comercial-para-alugar-7-salas-sc-florianopolis-estreito-442m2-RS7500/id-16523525/,estreito,9011.0,,,
292,9200,0.0,224.0,,2,,"Araci Vaz Callado, 1428",-27.58934,-48.58829,"Loja em construção, primeira locação com aproximadamente 224 m2 divido em 3 pavimentos. A loja conta com estrutura de elevador, 2 lavabos, copa e estacionamento.  Atenção: Imóvel em obra, igual valor de IPTU e TCRS serão devidos, consultar o anunciante.",ponto-comercial,https://www.chavesnamao.com.br/imovel/ponto-comercial-para-alugar-sc-florianopolis-estreito-RS9200/id-21283901/,estreito,9200.0,,,
293,9790,0.0,500.0,,6,,"Rua Fúlvio Aducci, 416",-27.59148,-48.57226,"SALA COMERCIAL NO BAIRRO ESTREITO - FLORIANÓPOLIS/ SC  Sala Comercial com 500 m² disponível para locação, no bairro Estreito - Florianópolis/ SC.  - Área privativa de 500m²; - Ótima orientação solar; - Vista panorâmica para Beira mar Continental; - Hall de entrada com eclusa; - Recepção; - Loja superior, com dois lances de escadas; - Amplo espaço com duas salas individuais para escritório; - Refeitório; - Copa; - 6 banheiros; - Piso Cerâmico; - Claraboia;  - 3 Vagas de garagem.  Loja comercial localizada em um dos principais bairros da região continental de Florianópolis. O bairro Estreito é conhecido por seu constante crescimento econômico e pela variedade de comércios, que inclui bancos, lojas de materiais de construção, decoração, supermercados, instituições de ensino e por ser a casa do Figueirense Futebol Clube. Sua proximidade com a capital permite a facilidade de acesso aos seus importantes bairros, e ao fluxo de turistas que vêm aproveitar a ilha da Magia. Confira o que a nas proximidades para seu conforto, lazer e bem estar:  Distância estimada a alguns pontos de referência:  - Beira-mar Continental ( 50 m, a pé); - AGF - Correios Estreito ( 170 m, a pé); - Ponte Hercílio Luz - Centro (850 m, a pé); - Atacadão - Florianópolis JK(1,6 km, a pé); - Figueirense Futebol Clube (1,8 Km, a pé); - Beiramar Shopping (4,3 km, de carro); - Centro de Florianópolis (3,5 km, de carro). (*Tempo de deslocamento estimado segundo Google Maps).  Sala Comercial com 500 m² disponível para locação, no bairro Estreito - Florianópolis/ SC.  Gostou? Quer receber outras informações de como alugar este imóvel? Então entre em contato e agende uma visita, teremos o prazer de apresentá-lo a você.   Além do aluguel mensal, o locatário é responsável pelo pagamento do condomínio, IPTU, coleta de lixo, seguro Incêndio, água, energia elétrica e demais encargos previstos nos artigos 22 e 23 da Lei n° 8.245/91.  ** Valores sujeitos à alteração. Consulte-nos sobre a disponibilidade e as informações do imóvel anunciado.",ponto-comercial,https://www.chavesnamao.com.br/imovel/sala-comercial-para-alugar-sc-florianopolis-estreito-500m2-RS9790/id-14010701/,estreito,9790.0,,,
294,9800,0.0,500.0,,6,2,"Rua Fúlvio Aducci, 416",-27.59148,-48.57226,"Imóvel: Excelente e ampla loja comercial com vista para a Beira Mar do Estreito e 500 metros quadrados privativos. Amplo endereço em localização privilegiada e nobre, a loja dispõe de 03 salas individuais e 06 banheiros. Devido ao enorme tamanho privativo o endereço oferece a possibilidade do locatário subdividir em salas ou demais ambientes como recepção e estoque por exemplo. Além disso o endereço oferece 02 vagas de carro rotativa na frente.   Bairro: Estreito está situado na porção continental, entre os bairros de Coqueiros, Capoeiras, Balneário e as baías Norte e Sul, o nome é devido a se localizar na parte mais estreita do mar que separa o continente da Ilha de Santa Catarina, onde se encontram as pontes Hercílio Luz, Colombo Salles e Pedro Ivo Campos, atualmente é umas das regiões mais valorizadas da capital, com toda a infraestrutura de uma grande cidade.   A EVOLUÇÃO IMOVEIS possui mais de 12 anos de experiência, sempre satisfazendo nossos clientes e fazendo amigos. Temos mais de 2000 imóveis com diversas opções na Grande Florianópolis.  Estamos de plantão através do número (48)   ou no CHAT.",ponto-comercial,https://www.chavesnamao.com.br/imovel/ponto-comercial-para-alugar-3-salas-com-garagem-sc-florianopolis-estreito-600m2-RS9800/id-14088773/,estreito,9800.0,,,
295,9800,2314.0,194.0,,4,4,"Rua Doutor Heitor Blum, 310",-27.58899,-48.57888,"Loja virada para a principal rua do Estreito, Gen. Eurico Gaspar Dutra. Possui 8 salas, 4 banheiros (sendo 2 PNE), copa, depósito e recepção. Teto rebaixado, iluminação completa, ar condicionado, algumas divisórias em vidro, piso cerâmico e gesso acartonado. Alto fluxo de veículos. Portaria com controle de acesso, sistema de segurança por câmeras e 04 vagas de garagem.",ponto-comercial,https://www.chavesnamao.com.br/imovel/ponto-comercial-para-alugar-com-garagem-sc-florianopolis-estreito-236m2-RS9800/id-17987002/,estreito,12114.0,,,
296,9800,0.0,500.0,,6,3,"Rua Fúlvio Aducci, 46",-27.587253,-48.5782123,"Excelente sala comercial com 500m², vista mar, localização privilegiada no Estreito próximo a Ponte Hercílio Luz.   Imóvel distribuído em copa, 3 salas, 6 banheiros e 3 vagas de garagem.  Agende já uma visita através do nosso plantão de vendas pelo telefone (48)   ou pelo whatsapp (48) 99865- 9090. Aguardamos seu contato!  Será ainda de responsabilidade do locatário, o pagamento de seguro incêndio, energia elétrica, água e demais encargos. Sobre o valor do condomínio, poderá haver fundo de reserva e rateio, que serão pagos pelo locatário, podendo ser ressarcidos posteriormente. Estas informações são de responsabilidade do proprietário e poderão ser alteradas a qualquer momento. Os valores anunciados de Condomínio, IPTU, Laudêmio, TCRS e outras taxas que por ventura venham a incidir sobre este imóvel são aproximados. Solicite o valor atualizado. A visualização de mobília nas imagens não significa que o mesmo será comercializado mobiliado.  SOBRE O BAIRRO: Apesar do nome, o Centro está localizado no oeste da Ilha de Santa Catarina, entre o Morro da Cruz e o mar, no ponto mais próximo ao continente. Coração político da capital e do estado, o Centro já recebeu figuras ilustres como Dom Pedro II e foi palco da Novembrada, grande manifestação popular que ocorreu durante a visita do último presidente do regime militar, João Baptista Figueiredo. Foi ali que Francisco Dias Velho desembarcou pela primeira vez, fundando o povoado de Nossa Senhora do Desterro. EMPRESA: A Invista conta com profissionais especializados no mercado imobiliário e possui duas lojas, a Matriz no Centro e uma Filial no Estreito, em pontos nobres com estacionamento. Temos mais de 13 anos de experiência sempre satisfazendo nossos clientes e fazendo amigos. Nossa pauta possui mais de 3000 imóveis com diversas opções na Ilha e no Continente. Venha tomar um café conosco e conferir o que temos de melhor pra você.",ponto-comercial,https://www.chavesnamao.com.br/imovel/sala-comercial-para-alugar-3-salas-com-garagem-sc-florianopolis-estreito-500m2-RS9800/id-17715554/,estreito,9800.0,,,
297,9800,0.0,500.0,,3,,"Rua Quatorze de Julho, 746",-27.59388,-48.56997,"O Estreito possui uma localização privilegiada e de fácil acesso. O bairro vem crescendo de forma acelerada, valorizando a região e trazendo novos e modernos empreendimentos. O grande fluxo de pessoas que passa pelas avenidas principais, Fúlvio Aducci e Araci Vaz Callado, garante movimentação para o comércio e serviços.",casa,https://www.chavesnamao.com.br/imovel/casa-para-alugar-sc-florianopolis-estreito-500m2-RS9800/id-17634591/,estreito,9800.0,,,
298,9800,2314.0,193.0,,4,4,"Rua Doutor Heitor Blum, 0",-27.58927,-48.57896,"Loja virada para a principal rua do Estreito, Gen. Eurico Gaspar Dutra.  Possui 8 salas, 4 banheiros (sendo 2 PNE), copa, depósito e recepção.  Teto rebaixado, iluminação completa, ar condicionado, algumas divisórias em vidro, piso cerâmico e gesso acartonado.  Alto fluxo de veículos. Portaria com controle de acesso, sistema de segurança por câmeras e 04 vagas de garagem.   gt; gt; Estas informações são de responsabilidade do proprietário e poderão ser alteradas a qualquer momento. A visualização de mobília nas imagens não significa que o mesmo será comercializado mobiliado. Consulte sempre um dos nossos corretores. Os valores de condomínio e taxas são aproximados.  Além do aluguel, será de responsabilidade do locatário o pagamento do condomínio mais as despesas ordinárias, IPTU, Coleta de lixo, Imposto de marinha (SPU), Seguro incêndio(incluindo vendaval, danos elétricos, hidráulicos, responsabilidade civil, conteúdo bens do locador), energia elétrica e demais encargos. lt; lt;",ponto-comercial,https://www.chavesnamao.com.br/imovel/ponto-comercial-para-alugar-8-salas-com-garagem-sc-florianopolis-estreito-236m2-RS9800/id-14015556/,estreito,12114.0,,,
299,11999,0.0,600.0,4,3,7,"Rua Quatorze de Julho, 890",-27.59477,-48.56884,"Já pensou na possibilidade de instalar o seu comercio na região do Estreito? E morar em uma casa em frente a Av. Beira Mar Continental, tendo como vista ao cartão postal de Florianópolis, a ponte Hercílio Luz?  Casa São 04 dormitórios no piso superior, sendo 01 suíte master. Todos com varanda e vista para o mar. No piso abaixo são 02 salas amplas, sendo uma de estar e outra de TV, além de um ambiente perfeito para um escritório com vista mar. Sala de jantar e cozinha, área de serviço.  No térreo, há um grande porão, garagem coberta e banheiro. O quintal nos fundos conta com aproximadamente 200m2 e há a possibilidade de abertura para a Beira Mar Continental  Garagem com capacidade de receber 07 carros.  Todos os móveis, quadros e utensílios pessoais serão retirados. Entre em contato para mais informações.  Valores: Bruto: R$15.000,00 Liquido: R$12.000,00 (valor pago até a data de vencimento do aluguel) &bull;Cotar seguro incêndio.  As informações estão sujeitas a alterações. Consulte o corretor responsável. Vinicius Veloso 48       Chave do anúncio: loDbAGMkxY3fOySc",casa,https://www.chavesnamao.com.br/imovel/casa-para-alugar-4-quartos-com-garagem-sc-florianopolis-estreito-900m2-RS11999/id-5470827/,estreito,11999.0,,,
300,15000,0.0,420.0,,1,,"Rua Quatorze de Julho, 876",-27.5929533,-48.5705786,"Imóvel Comercial com aproximadamente 420m² de área privativa, localizado em ponto estratégico com terreno de 1400m² e de frente para a Beira Mar Continental. Casa principal com peças amplas e mais uma edícula contendo sala, cozinha e banheiro. O Locador realizará obras de revitalização ou poderá conceder carência ao Locatário, conforme negociação. Perfeito para o seu negócio!",casa,https://www.chavesnamao.com.br/imovel/casa-para-alugar-sc-florianopolis-estreito-RS15000/id-5825700/,estreito,15000.0,,,
301,16900,4630.0,410.0,,4,6,"Rua Doutor Heitor Blum, 310",-27.58899,-48.57888,"Conjunto de duas lojas, com excelente localização no bairro Estreito, localizado na rua General Eurico Gaspar Dutra. O prédio possui sistema de segurança por câmeras e 06 vagas de garagem",ponto-comercial,https://www.chavesnamao.com.br/imovel/ponto-comercial-para-alugar-com-garagem-sc-florianopolis-estreito-236m2-RS16900/id-21738452/,estreito,21530.0,,,
302,20000,0.0,350.0,,,7,"Rua Fúlvio Aducci, 710",-27.58992,-48.57462,"Esta é a sua oportunidade de alugar uma loja comercial exclusiva no Estreito, uma região altamente procurada. O prédio oferece mezanino, loja ampla, 2 banheiros, estacionamento na frente para 05 carros além de estacionamento nos fundos e vista mar, atendendo às suas necessidades profissionais. Agende uma visita e conheça seu novo imóvel! Dalton Andrade Imóveis - Sua garantia imobiliária. Contato: Loja Centro: (48)   Loja Trindade: (48)  ",ponto-comercial,https://www.chavesnamao.com.br/imovel/sala-comercial-para-alugar-com-garagem-sc-florianopolis-estreito-350m2-RS20000/id-18829564/,estreito,20000.0,,,
303,25000,750.0,1.211,,11,,"Rua Doutor Heitor Blum, 386",-27.58963,-48.57946,"Ótima oportunidade de aluguel de Salas/Conjuntos em Florianópolis. Localizado na Rua Doutor Heitor Blum, no Bairro Estreito. O imóvel possui 1.211 m² de área privativa e 11 banheiros sociais e lavabos. Conta com infraestrutura de portão eletrônico. Possui piso cerâmico, sacada e 20 salas. Não perca essa oportunidade!  ALGUNS ENCARGOS AINDA VÃO SER ATUALIZADOS***  O Estreito possui uma localização privilegiada e de fácil acesso. O bairro vem crescendo de forma acelerada, valorizando a região e trazendo novos e modernos empreendimentos. O grande fluxo de pessoas que passa pelas avenidas principais, Fúlvio Aducci e Araci Vaz Callado, garante movimentação para o comércio e serviços.",ponto-comercial,https://www.chavesnamao.com.br/imovel/sala-comercial-para-alugar-20-salas-sc-florianopolis-estreito-RS25000/id-16331853/,estreito,25750.0,,,
304,30000,0.0,595.0,,,,"Coronel Pedro Demoro, 1901",-27.58355,-48.58244,"Excelente oportunidade de aluguel de uma loja no empreendimento Bliss, localizado na Rua Coronel Pedro Demoro, Balneário, Florianópolis. Com área privativa de 595.29m² e área total de 918.24m², este imóvel proporciona amplo espaço para o seu negócio. A localização é estratégica e de fácil acesso, próximo a comércios e serviços da região. Aproveite essa oportunidade única para alavancar o seu negócio! Entre em contato para mais informações. IMÓVEL EM OBRA",ponto-comercial,https://www.chavesnamao.com.br/imovel/ponto-comercial-para-alugar-sc-florianopolis-estreito-918m2-RS30000/id-18382912/,estreito,30000.0,,,
305,32000,0.0,809.0,,2,,"Rua Fúlvio Aducci, 1028",-27.58806,-48.57679,"Sala comercial com 809m²! Possui excelente e amplo espaço, dividida em 4 ambientes, lavabos e piso cerâmico. Ideal pra você que quer abrir ou expandir seu negócio.   O Estreito possui uma localização privilegiada e de fácil acesso. O bairro vem crescendo de forma acelerada, valorizando a região e trazendo novos e modernos empreendimentos. O grande fluxo de pessoas que passa pelas avenidas principais, Fúlvio Aducci e Araci Vaz Callado, garante movimentação para o comércio e serviços.  ALGUMAS MOBILIAS PODEM NÃO FAZER PARTE DA LOCAÇÃO*****",ponto-comercial,https://www.chavesnamao.com.br/imovel/sala-comercial-para-alugar-4-salas-sc-florianopolis-estreito-809m2-RS32000/id-15921426/,estreito,32000.0,,,
306,32000,0.0,809.0,,2,,"Rua Fúlvio Aducci, 1028",-27.58806,-48.57679,"Sala comercial com 809m²! Possui excelente e amplo espaço, dividida em 16 ambientes, lavabos e piso porcelanato e carpete. Ideal pra você que quer abrir ou expandir seu negócio.   O Estreito possui uma localização privilegiada e de fácil acesso. O bairro vem crescendo de forma acelerada, valorizando a região e trazendo novos e modernos empreendimentos. O grande fluxo de pessoas que passa pelas avenidas principais, Fúlvio Aducci e Araci Vaz Callado, garante movimentação para o comércio e serviços.  ALGUMAS MOBILIAS PODEM NÃO FAZER PARTE DA LOCAÇÃO*****",ponto-comercial,https://www.chavesnamao.com.br/imovel/sala-comercial-para-alugar-16-salas-sc-florianopolis-estreito-809m2-RS32000/id-15921425/,estreito,32000.0,,,
307,36000,6700.0,768.0,,4,5,"Rua Visconde de Cairú, 391",-27.5965,-48.57191,"Ampla sala corporativa nível A com área privativa total de 822,60 m2  . Ampla sala sem divisórias; . Ampla Copa; . Dml - Deposito de Material e Líquidos; . Banheiros masculinos e femininos; . Sistema de Climatização central por equipamentos VRF de última geração, com baixo custo de consumo de energia; . Estrutura no piso preparada para receber a infraestrutura de lógica; . Piso em porcelanato e acabamento construtivo padrão ³A´; . Forro em gesso nas laterais e forro mineral Armstrong, que melhora a acústica; . Toda a iluminação em Led, com baixo custo de consumo de energia; . Isolamento térmico/acústico, com vidros laminados reflexivos; . Claraboia central que permite iluminação solar, diminuindo o consumo de energia; . Toda a infraestrutura de monitoramento via câmeras de vídeo é disponibilizada pelo condomínio, no hall de entrada da a sala.",ponto-comercial,https://www.chavesnamao.com.br/imovel/sala-comercial-para-alugar-2-salas-com-garagem-sc-florianopolis-estreito-RS36000/id-13614707/,estreito,42700.0,,,
308,29700,0.0,200.0,4,4,2,"Rua dos Pescadores, 204",-27.43222,-48.39748," ALUGUEL DE TEMPORADA COM VALORES DI&Aacute;RIOS   .  * Linda casa com 4 dormit&oacute;rios, sendo 2 su&iacute;tes, (4 banheiros)  * 4 camas de casal + 1 bicama, 4 ar condicionados  * Sala de estar/jantar, cozinha completa, &aacute;rea de servi&ccedil;o c/ lava-roupas  * Varanda com churrasqueira, p&aacute;tio grande c/ gramado  * COMPORTA AT&Eacute; 10 PESSOAS NO M&Aacute;XIMO, INCLUINDO CRIAN&Ccedil;AS  * NATAL/R&Eacute;VEILLON MINIMO 10 DI&Aacute;RIAS - OUTRAS DATAS M&Iacute;NIMO 7 DIAS  * Localizada em &Aacute;rea nobre dos Ingleses a poucos metros do mar  .  DISPONIBILIDADE:  Dispon&iacute;vel de 14 a 24/01 e de 01/02 em diante - (Atualizado 13/01/2024)  .  VALORES DI&Aacute;RIOS:  Baixa Temporada..: R$...900,00 - (Mar a Nov) - INDISPON&Iacute;VEL  Natal/R&eacute;veillon.....: R$ 1.500,00  Janeiro..................: R$ 1.350,00  Fevereiro..............: R$ 1.200,00  Carnaval...............: R$ 1.500,00 - (07 a 14/02/2024)  Taxa para fornecimento de roupa de cama, banho e limpeza na sa&iacute;da: R$ 600,00 ",casa,https://www.chavesnamao.com.br/imovel/casa-para-alugar-4-quartos-com-garagem-sc-florianopolis-ingleses-200m2-RS990/id-15691592/,ingleses,29700.0,,,
309,1600,0.0,75.0,2,1,1,"Servidão Professora Rosemari Eliete Nunes, 278",-27.45247,-48.41306,"Excelente apartamento na região do Norte de Florianópolis, composto por 02 dormitórios, sala, cozinha, semi mobiliado, sacada com churrasqueira, possui uma vaga de garagem.   Demais despesas: (IPTU, consumo de água, luz e seguro incêndio) *Seguro Incêndio consultar valores.  Para locação é necessário: - Preenchimento da ficha de cadastro de locatário - Renda comprovada de 3 vezes o valor do aluguel  - Documentos pessoais   - Garantias locatícias: * Seguro fiança locatícia * Título de capitalização * Cred Pago  Fale com um de nossos corretores e visite este imóvel. Estamos sempre conectados pelo celular, WhatsApp ou e-mail.  Ou se preferir, venha tomar um café. Estamos localizados próximo à praia, na região das Gaivotas, nos Ingleses - Florianópolis/SC  ",apartamento,https://www.chavesnamao.com.br/imovel/apartamento-para-alugar-2-quartos-com-garagem-sc-florianopolis-ingleses-75m2-RS1600/id-21368179/,ingleses,1600.0,491856.9,2459.2845,0.5370528125
310,1600,79.0,54.0,2,1,1,"Estrada Dário Manoel Cardoso, 2716",-27.4589171,-48.4008594,"Excelente apartamento para aluguel localizado na rua Dario Manoel Cardoso, no bairro Ingleses em Florianópolis. Com 54m² de área privativa, 2 dormitórios, banheiro social, cozinha, área de serviço, churrasqueira e sacada, vaga de garagem rotativa.  A Praia dos Ingleses se localiza ao norte da ilha, é um dos destinos mais movimentados da ilha durante o ano inteiro. Isso porque conta com grande infraestrutura que vai de serviços na praia até um pequeno shopping center. Sua praia é excelente e de aproximadamente 5 km de extensão. Ampla faixa e de areia branca e fina com águas mornas durante o verão.",apartamento,https://www.chavesnamao.com.br/imovel/apartamento-para-alugar-2-quartos-com-garagem-sc-florianopolis-ingleses-54m2-RS1600/id-1022571/,ingleses,1679.0,435597.0,2177.985,0.297191780821918
311,1600,79.0,54.0,2,1,1,"Estrada Dário Manoel Cardoso, 2716",-27.45884,-48.40073,"Apartamento para aluguel localizado na Estrada DARIO MANOEL CARDOSO, nos Ingleses, Florianópolis, com 54m² de área privativa e 2 dormitórios. O imóvel conta ainda com sala e cozinha conjugada, ampla área de serviço, churrasqueira, BWC social com box de vidro e armário e 1 vaga de garagem rotativa. Localização privilegiada. Aproveite essa oportunidade e agende uma visita!",apartamento,https://www.chavesnamao.com.br/imovel/apartamento-para-alugar-2-quartos-com-garagem-sc-florianopolis-ingleses-54m2-RS1600/id-1132291/,ingleses,1679.0,435597.0,2177.985,0.297191780821918
312,1600,0.0,20.0,,,,"Rodovia João Gualberto Soares, 1384",-27.45185,-48.40463,"Sala comercial em ótimo localização nos Ingleses.   Demais despesas: (IPTU, consumo de água, luz e seguro incêndio) *Seguro Incêndio consultar valores.  Para locação é necessário: - Preenchimento da ficha de cadastro de locatário - Renda comprovada de 3 vezes o valor do aluguel  - Documentos pessoais   - Garantias locatícias: * Seguro fiança locatícia * Título de capitalização * Cred Pago  Fale com um de nossos corretores e visite este imóvel. Estamos sempre conectados pelo celular, WhatsApp ou e-mail.  Ou se preferir, venha tomar um café. Estamos localizados próximo à praia, na região das Gaivotas, nos Ingleses - Florianópolis/SC ",ponto-comercial,https://www.chavesnamao.com.br/imovel/sala-comercial-para-alugar-sc-florianopolis-ingleses-20m2-RS1600/id-18288199/,ingleses,1600.0,,,
313,1850,253.0,42.0,2,1,1,"Rua Martinho de Haro, 729",-27.42859,-48.40594,"Apartamento a 700 metros do mar, para locação MENSAL ATÉ 15/12/2024 na região de Ingleses Norte  - primeiro andar com sacada frente norte e vista para rua - 2 dormitórios com ar condicionado, um com cama queen e roupeiro, outro com sofá cama casal - sala e cozinha integradas - eletrodomésticos essenciais: máquina lavar roupas, fogão com forno a gás, geladeira, microondas, cafeteira, liquidificador, sanduicheira, utensílios de cozinha - SmartTV e Internet de alta velocidade - uma vaga de garagem coberta - Churrasqueira coletiva na cobertura do edifício  * Ideal para no máximo 3 pessoas  *Não permite pet durante a locação  Pontos fortes: - bem ventilado e iluminado - vista livre de todas as janelas - um lance de escadas - condomínio familiar - rua larga e segura, sem alagamentos - Ponto de ônibus em frente - Zona norte de Ingleses, perto da praia - Água e Internet incluídos no valor do aluguel  Para locação: - Caução da locação (garantia) no valor de um aluguel a ser devolvida no final da locação - Pagamento mensal adiantado - Assinatura do contrato de locação temporária - Permanência mínima de 30 dias - Documentos pessoais e preenchimento da ficha de cadastro - Consumo individual de energia elétrica, condomínio e gás cobrados à parte do aluguel - Taxa de limpeza obrigatória no final da locação R$250,00  Entre em contato para maiores informações e agende uma visita!",apartamento,https://www.chavesnamao.com.br/imovel/apartamento-para-alugar-2-quartos-com-garagem-sc-florianopolis-ingleses-56m2-RS1850/id-21343423/,ingleses,2103.0,424057.42,2120.2871,0.008220209224916841
314,2500,0.0,40.0,1,1,,"Rua Brisamar, 253",-27.42616,-48.40334,"ALUGO (TEMPORADA) EXCELENTE APARTAMENTO (MOBILIADO) DE 40M² PRIVATIVOS COM 1 DORMITÓRIO, SACADA COM CHURRASQUEIRA Á CARVÃO, Á 150 METROS DA PRAIA DOS INGLESES EM FLORIANÓPOLIS!  Código do anúncio: AP4405  Cond/Ed.: Residencial Cruzeiro do Sul Localização: Bairro Ingleses, Florianópolis - SC Descrição do Imóvel: Apartamento de 40m² privativos com 1 dormitório, 1 banheiro, sacada com churrasqueira á carvão, ensolarado, 150 metros da praia, excelente localização.  * Não possui vaga garagem  Valor de locação mensal: R$ 2.500,00 + taxas até (JUNHO 2024)  Diferenciais do imóvel: - Armário embutido - 150 metros da praia - 1 dormitório - Ar condicionado - Sacada com churrasqueira á carvão - Excelente localização - Ensolarado - Bem arejado - Não possui vaga garagem  Área de lazer: - Churrasqueira a carvão - Salão de festas  Condomínio: - Elevador - Portão eletrônico",apartamento,https://www.chavesnamao.com.br/imovel/apartamento-para-alugar-1-quarto-sc-florianopolis-ingleses-45m2-RS2500/id-19762073/,ingleses,2500.0,457491.45,2287.45725,-0.08501710000000007
315,2500,550.0,53.0,2,1,1,"Rua Três Marias, 478",-27.42561,-48.40223,"Lindo apartamento de 2 dormitórios no bairro Ingleses (norte da Ilha), todo mobiliado, ar condicionado, cozinha com móveis planejados, geladeira, fogão, máquina de lavar, sofá, TV, camas, guarda roupa, sacada com churrasqueira. Condomínio conta com uma vaga de garagem coberta e livre, portão eletrônico, gás central. Ótima localização, próximo a comércios, supermercado e de fácil acesso a praia dos Ingleses.     Seguro Incêndio Anual  - R$172,54     Agende sua visita (48)   / (48) 9 ",apartamento,https://www.chavesnamao.com.br/imovel/apartamento-para-alugar-2-quartos-com-garagem-sc-florianopolis-ingleses-53m2-RS2500/id-12921389/,ingleses,3050.0,428348.94,2141.7447,-0.29778862295081965
316,2500,360.0,50.0,1,1,1,"Rua das Gaivotas, 75",-27.4356,-48.39348,"Oportunidade única de morar bem no centro da Praia dos Ingleses com imóvel mobiliado e equipado! (APENAS LOCAÇÃO ANUAL)  Localizado no centrinho da praia dos ingleses, rua paralela a praia, excelente localização, fácil acesso ao MAR, próximo de todas as lojas, restaurantes, pizzarias, posto de gasolina, farmácia, bancos, faz tudo a pé!  - O Apartamento conta com 01 dormitório, 01 banheiro, sala de estar, cozinha, área de serviço e sacada com churrasqueira - Quarto com cama box de casal, ar condicionado e vista para rua. - Sala de estar com sofá cama, ventilador de teto, Wi-fi de 350mb*, TV de 32 , mesa de jantar com 4 cadeiras .  - Sacada com churrasqueira - Cozinha equipada com eletrodomésticos, utensílios , microondas, sanduicheira e jarra elétrica, liquidificador, panelas, pratos, copos, talheres entre outros. - Área serviço com Máquina de lavar, tanque e varal. - 01 vaga de garagem coberta. O acesso ao apartamento é por escadas, 2º andar. - O condomínio oferece zeladoria, portão eletrônico, acesso por tag, Interfone, monitoramento por câmeras e chuveiro externo. SEM ELEVADOR. - Localizado no segundo pavimento, de frente, com vista para rua.  OBSERVAÇÕES: - Imóvel indicado para duas pessoas adultas SEM animais de estimação durante toda a locação. * Internet OPCIONAL excelente para trabalho em HOME OFFICE : Wi-fi 350mb - Claro - Custo de 120,00/mês  O QUE PRECISA PARA LOCAÇÃO? - Envio da ficha de cadastro completa - Aprovação e contratação da garantia: Credpago, QuintoCred ou Porto Seguro *** Não trabalhamos com garantia em caução   QUAIS AS DESPESAS DA LOCAÇÃO? -> Aluguel R$2.500 -> Condomínio: aproximadamente R$360 (incluso taxa e consumos de gás e agua) -> IPTU R$57,10 -> Taxa de Lixo R$38,20 -> Fiança locatícia - a consultar (Entre 325 -350/mês) -> Seguro Incêndio obrigatório (aproximadamente 220,00/ano) **** Total aproximado: R$3.200,00 -> Energia elétrica: conforme consumo individual   Entre em contato conosco para visitas e mais informações!",apartamento,https://www.chavesnamao.com.br/imovel/apartamento-para-alugar-1-quarto-com-garagem-sc-florianopolis-ingleses-60m2-RS2500/id-20724861/,ingleses,2860.0,449604.45,2248.02225,-0.21397823426573426
317,2600,0.0,65.0,2,2,,"Servidão Manoel João da Silva, 132",-27.5855899,-48.4342994,"Excelente apartamento para locação na entrada do Santinho. Localizado a 400 metros da praia dos Ingleses, esse apartamento conta com ótima iluminação natural, 2 dormitórios sendo 1 suíte, sala e cozinha conjugadas, pátio privativo com churrasqueira, área de serviço. Rua tranquila e familiar, ótima localização. Pets de pequeno porte são bem vindos.  Agende sua visita no 48  .",apartamento,https://www.chavesnamao.com.br/imovel/apartamento-para-alugar-2-quartos-sc-florianopolis-ingleses-65m2-RS2600/id-21890350/,ingleses,2600.0,552055.005,2760.275025,0.061644240384615356
318,2600,415.0,69.0,2,1,1,"Rua Martinho de Haro, 1125",-27.42794,-48.40502,"Excelente apartamento Semi mobiliado com 2 dormitórios, sendo ele 1 suíte com armário e cama de casal, sala com sofá cama, mesa de jantar e painel para Tv. Cozinha com móveis planejados e elétros como: Fogão de mesa e depurador. Área de serviço, sacada com churrasqueira e vidro fechado.",apartamento,https://www.chavesnamao.com.br/imovel/apartamento-para-alugar-2-quartos-com-garagem-sc-florianopolis-ingleses-RS2600/id-20847512/,ingleses,3015.0,478300.59,2391.50295,-0.2067983582089552
319,2700,0.0,56.0,2,1,1,"Servidão Fermino Severino Sagaz, 84",-27.44733,-48.39756,"Excelente casa para aluguel em Ingleses do Rio Vermelho, Florianópolis com 2 dormitórios e uma área privativa de 56m². O Imóvel conta ainda com sala, cozinha, área de serviço banheiro social com box de vidro, piso cerâmico, vaga de garagem, jardim e terraço. Ótimo estado de conservação. Próximo a comércios e serviços. Não perca essa oportunidade, agende uma visita!  A Praia dos Ingleses se localiza ao norte da ilha, é um dos destinos mais movimentados da ilha durante o ano inteiro. Isso porque conta com grande infraestrutura que vai de serviços na praia até um pequeno shopping center. Sua praia é excelente e de aproximadamente 5 km de extensão. Ampla faixa e de areia branca e fina com águas mornas durante o verão.",casa,https://www.chavesnamao.com.br/imovel/casa-para-alugar-2-quartos-com-garagem-sc-florianopolis-ingleses-56m2-RS2700/id-19213085/,ingleses,2700.0,,,
320,2800,370.0,65.0,2,2,1,"Rua Osvaldo Rogério Braga, 601",-27.4309532,-48.4061015,"Apartamento mobiliado, pronto para morar, localizado na região Ingleses Norte (Gaivotas). Rua sem saída, fácil acesso, vizinhança tranquila e segura. Próximo ao supermercado Gaivotas. Nas proximidades você encontra mercados, restaurantes, praças, acesso a praia e comercio variado da região.  O imóvel conta com: - 02 Quartos, sendo 01 Suíte com ar condicionado - 02 Banheiros (social e suíte) - Espaçoso e muito iluminado - Garagem coberta - Sacada com churrasqueira - Mobiliado e Equipado - 1º andar, frente norte, acesso por escadas. *Não permite pets durante a locação  ***CONTRATO ANUAL*** - Envio da ficha de cadastro completa (solicite) - Aprovação e contratação da garantia: QuintoCred *** Não trabalhamos com garantia em caução   QUAIS AS DESPESAS DA LOCAÇÃO?*** -> Aluguel: R$2.800 -> Condomínio e IPTU: aproximadamente R$370 -> Fiança locatícia - durante todo o período de locação -> Seguro Incêndio obrigatório: aproximadamente R$200/ano (pago em 4x) -> Energia elétrica e agua: conforme consumo individual. Gás botijão  Entre em contato através do nosso WhatsApp para saber mais!",apartamento,https://www.chavesnamao.com.br/imovel/apartamento-para-alugar-2-quartos-com-garagem-sc-florianopolis-ingleses-65m2-RS2800/id-22019651/,ingleses,3170.0,565149.495,2825.747475,-0.10859701104100938
321,3000,600.0,43.0,1,1,1,"Rua Brisamar, 142",-27.42603,-48.40152,"Apartamento Charmoso a Poucos Passos da Praia  Você encontrou o apartamento perfeito!  Este encantador apartamento de 1 dormitório, localizado na área nobre de Ingleses, é a escolha ideal para quem busca conforto e praticidade. Com 43 m² de área privativa e 62 m² de área total, este imóvel é perfeito para quem procura um lugar aconchegante.  Características do Imóvel:  1 dormitório WC social Cozinha e sala de jantar e estar integradas Sacada  1 vaga de garagem rotativa  Localização Privilegiada: A apenas 60 metros do mar, este apartamento é bem ventilado e oferece uma experiência única de morar próximo à praia. Ideal para locação por temporada ou hospedagem prolongada.  Condomínio Exclusivo: Desfrute de um condomínio seguro e tranquilo, com comodidades que tornam o dia a dia mais especial:  Portaria virtual 24h Concierge 24h Piscina adulta e infantil aquecidas Jacuzzi Piscina externa adulto e infantil 5 áreas gourmet com churrasqueira Sala de jogos Playground e playground infantil de 0 a 5 anos Lavanderia OMO compartilhada Mercado.  Desfrute seus dias na melhor localização do norte da ilha de Florianópolis.",apartamento,https://www.chavesnamao.com.br/imovel/apartamento-para-alugar-1-quarto-com-garagem-sc-florianopolis-ingleses-62m2-RS3000/id-17880273/,ingleses,3600.0,441555.24,2207.7762,-0.3867288333333334
322,3200,650.0,80.0,2,2,1,"Rua Recanto do Sol, 263",-27.42519,-48.40323,"Oportunidade de morar bem! Na melhor localização da praia dos Ingleses. Rua com fácil acesso, ótima vizinhança.  ***LOCAÇÃO ANUAL***  Localizado na região Norte da Praia dos Ingleses (Gaivotas), cerca de 300m do acesso a praia, nas proximidades você encontra mercados, padarias, restaurantes, academia e comercio variado da região.  O condomínio é fechado, conta com elevador, portão eletrônico e interfone. Vaga de garagem coberta com hobby box. Apartamento espaçoso, totalmente mobiliado, equipado com eletrodomésticos, será entregue para locação exatamente como está nas fotos do anuncio.  - 02 Dormitórios, sendo 01 suíte - 02 Banheiros - 03 Ar-condicionado (quartos e sala) - Cozinha equipada com micro-ondas, fogão com forno, cafeteira, geladeira duplex, utensílios de cozinha para o dia a dia, copos, pratos, talheres, panelas. - Sacada com churrasqueira - 01 Vaga de garagem ampla e hobby box - Área de serviço separada, com máquina de lavar e tanque - Acesso ao prédio com TAG - Não é permitido pet durante a locação.  ***CONTRATO ANUAL*** - Envio da ficha de cadastro completa (solicite) - Aprovação e contratação da garantia: Credpago, QuintoCred ou Porto Seguro *** Não trabalhamos com garantia em caução   QUAIS AS DESPESAS DA LOCAÇÃO?*** -> Aluguel R$3.200 -> Condomínio: aproximadamente R$650 -> IPTU R$130/mês -> Taxa de Lixo R$38/mês -> Fiança locatícia - a consultar (Entre 12x 400/mês) -> Seguro Incêndio obrigatório (consulte) **** Total aproximado: R$4.700 -> Energia elétrica, gás e agua: conforme consumo individual   Entre em contato através do nosso WhatsApp para saber mais!",apartamento,https://www.chavesnamao.com.br/imovel/apartamento-para-alugar-2-quartos-com-garagem-sc-florianopolis-ingleses-80m2-RS3200/id-21765793/,ingleses,3850.0,564482.71,2822.4135499999998,-0.2669055714285715
323,3300,250.0,78.0,3,2,1,"Servidão dos Lírios, 144",-27.44238,-48.39604,"Apartamento para locação no Ingleses, Florianópolis. O imóvel conta com 3 dormitórios, sendo 1 suíte, e 2 banheiros sociais. Possui uma garagem com 1 vaga e uma área útil de 78 m². Apartamento todo mobiliado. Seguro Incêndio Anual R$214,05.  Agende já sua visita no(48)  .  ",apartamento,https://www.chavesnamao.com.br/imovel/apartamento-para-alugar-3-quartos-com-garagem-sc-florianopolis-ingleses-78m2-RS3300/id-20540492/,ingleses,3550.0,569267.71,2846.33855,-0.1982144929577465
324,3500,350.0,65.0,2,2,1,"Rua Martinho de Haro, 686",-27.587795,-48.547638,"Apartamento novo , decorado,rua calma próxima ao mar , e transporte na  (link removido)  elevador. Sacada com Churrasqueira. Cozinha completa. Fogão 5 bocas. Máquina lavar 14 kg. Box coberto.",apartamento,https://www.chavesnamao.com.br/imovel/apartamento-para-alugar-2-quartos-com-garagem-sc-florianopolis-ingleses-65m2-RS3500/id-21319851/,ingleses,3850.0,565149.495,2825.747475,-0.26603961688311684
325,3900,700.0,130.0,3,4,2,"Rua Mario Giocondo Crocetta, 224",-27.4240918,-48.406163,"Lindo apartamento mobiliado na melhor região dos Ingleses , com 3 suítes ,1 lavabo, sala, cozinha, lavanderia e uma linda sacada com churrasqueira. São 02 vagas de garagem.  Condomínio conta com piscina.  Fale com um de nossos corretores e visite este imóvel. Estamos sempre conectados pelo celular, WhatsApp ou e-mail.  Ou se preferir, venha tomar um café. Estamos localizados próximo à praia, na região das gaivotas, nos Ingleses - Florianópolis/SC",apartamento,https://www.chavesnamao.com.br/imovel/apartamento-para-alugar-3-quartos-com-garagem-sc-florianopolis-ingleses-130m2-RS3900/id-18932974/,ingleses,4600.0,1562136.86,7810.684300000001,0.6979748478260872
326,4200,700.0,83.0,2,3,1,"Rua Lázaro de Oliveira Souza, 953",-27.5860171,-48.6036271,"Excelente apartamento na melhor região do Norte de Florianópolis, composto por 02 dormitórios, sendo 02 suítes, sala, cozinha, todo mobiliado, ampla sacada com churrasqueira, possui uma vaga de garagem. Apartamento para pessoas exigentes e de muito bom gosto. Condomínio conta com lazer completo, piscina, academia e salão de festas, localizado em área nobre.  Demais despesas: (IPTU, consumo de água, luz e seguro incêndio) *Seguro Incêndio consultar valores.  Para locação é necessário: - Preenchimento da ficha de cadastro de locatário - Renda comprovada de 3 vezes o valor do aluguel  - Documentos pessoais   - Garantias locatícias: * Seguro fiança locatícia * Título de capitalização * Cred Pago  Fale com um de nossos corretores e visite este imóvel. Estamos sempre conectados pelo celular, WhatsApp ou e-mail.  Ou se preferir, venha tomar um café. Estamos localizados próximo à praia, na região das Gaivotas, nos Ingleses - Florianópolis/SC ",apartamento,https://www.chavesnamao.com.br/imovel/apartamento-para-alugar-2-quartos-com-garagem-sc-florianopolis-ingleses-83m2-RS4200/id-21653031/,ingleses,4900.0,914143.67,4570.71835,-0.06720033673469383
327,5000,284.0,80.0,2,3,2,"Rua Recanto do Sol, 574",-27.42488,-48.408112,"Descubra o Charme e a Elegância do Residencial Greenview na Praia de Ingleses  Cada detalhe deste apartamento reflete a essência sofisticada e acolhedora do Residencial Greenview, localizado na deslumbrante Praia de Ingleses. Este imóvel é a perfeita combinação de elegância, praticidade e sustentabilidade, proporcionando um estilo de vida único e refinado.   Com uma área de 80m², o apartamento oferece: • 02 suítes espaçosas para o seu conforto e privacidade. • Living integrado com dois ambientes, ideal para receber amigos e familiares. • Lavabo para maior conveniência. • Cozinha moderna e funcional. • Ampla varanda para momentos de relaxamento e lazer, com vista para área de preservação permanente. • 02 vagas de garagem para sua comodidade. • Depósito individual de 5,22m² para armazenamento extra.  Totalmente mobiliado com móveis planejados de alta qualidade, este apartamento está pronto para receber você e sua família. Cada equipamento e item decorativo foi escolhido com cuidado, garantindo um ambiente sofisticado e acolhedor.  Disponível para VENDA ou LOCAÇÃO ANUAL.  Não perca a oportunidade de viver em um lugar onde cada detalhe foi pensado para o seu bem-estar. Agende agora mesmo sua visita e venha conhecer o seu novo lar!",apartamento,https://www.chavesnamao.com.br/imovel/apartamento-para-alugar-2-quartos-com-garagem-sc-florianopolis-ingleses-110m2-RS5000/id-22046369/,ingleses,5284.0,835918.3,4179.5915,-0.20900993565480686
328,9500,250.0,95.0,,1,,"Rodovia Armando Calil Bulos, 5570",-27.4377428,-48.405973,"Ótima oportunidade de aluguel de loja em Ingleses, Florianópolis. Com área privativa de 95m², banheiro social, 1 sala e piso cerâmico. O imóvel possui 1 andar e está localizado na Rodovia Armando Calil Bulos, número 5570. Não perca essa chance de abrir seu negócio em uma das melhores regiões de Florianópolis. Agende sua visita agora mesmo!  ***valor do aluguel a negociar, consultar administradora.***",ponto-comercial,https://www.chavesnamao.com.br/imovel/ponto-comercial-para-alugar-1-sala-sc-florianopolis-ingleses-RS9500/id-18382911/,ingleses,9750.0,,,
329,2900,706.0,92.0,3,2,1,"Rua Recanto do Sol, 355",-27.42515,-48.4039,"Apartamento semi mobiliado com 3 quartos sendo 1 suíte, ampla sacada com churrasqueira, cozinha com móveis planejados, geladeira, fogão e bancada para sala, ambientes climatizados, BWC S com box, 1 vaga de garagem. Condomínio com piscina, quadra de esportes e ótima zeladoria. Localização privilegiada, próximo de mercados, farmácias e a praia.",apartamento,https://www.chavesnamao.com.br/imovel/apartamento-para-alugar-3-quartos-com-garagem-sc-florianopolis-ingleses-114m2-RS2900/id-22196811/,ingleses,3606.0,578440.21,2892.2010499999997,-0.19794757348863012
330,2000,0.0,30.0,,,,"Rodovia Amaro Antônio Vieira, 2463",-27.58554,-48.49693,"Oportunidade de aluguel de loja, localizado na Rodovia Amaro Antonio Vieira, Itacorubi, Florianópolis. Com área privativa de 30m². Próximo a comércios e empreendimentos comerciais. Aproveite essa chance única de trazer seu negócio para uma das regiões mais valorizadas de Florianópolis.",ponto-comercial,https://www.chavesnamao.com.br/imovel/ponto-comercial-para-alugar-1-sala-sc-florianopolis-itacorubi-40m2-RS2000/id-21419974/,itacorubi,2000.0,,,
331,2100,550.0,54.0,,1,,"Rua Pastor William Richard Schisler Filho, 452",-27.57655,-48.51092,"Sala comercial 55 m² privativos, com divisória ao meio, sala ampla, cozinha, banheiro social e 1 vaga de garagem.",ponto-comercial,https://www.chavesnamao.com.br/imovel/sala-comercial-para-alugar-sc-florianopolis-itacorubi-RS2100/id-14696868/,itacorubi,2650.0,,,
332,2150,474.0,40.0,1,1,1,"Rodovia Admar Gonzaga, 2025",-27.58674,-48.49835,"Apartamento de um dormitório no bairro Itacorubi, conta com uma cozinha com armários e pia, sala de estar, quarto com janela de veneziana e vidro duplo, ar-condicionado Split instalado e garagem coberta. Ótima localização.",apartamento,https://www.chavesnamao.com.br/imovel/apartamento-para-alugar-1-quarto-com-garagem-sc-florianopolis-itacorubi-RS2150/id-22175743/,itacorubi,2624.0,489106.99,2445.53495,-0.06801259527439019
333,2450,578.0,51.0,2,1,1,"Rodovia Amaro Antônio Vieira, 2155",-27.5838366,-48.499080700000036,"Apartamento com 2 dormitórios, cozinha com móveis planejados, área de serviço, sala com sacada, 1 vaga de garagem",apartamento,https://www.chavesnamao.com.br/imovel/apartamento-para-alugar-2-quartos-com-garagem-sc-florianopolis-itacorubi-51m2-RS2450/id-2680334/,itacorubi,3028.0,461328.7,2306.6435,-0.23822869881109643
334,2500,424.0,47.0,1,1,1,"Rua Coronel Luiz Caldeira, 149",-27.57302,-48.51139,"Excelente apartamento com 1 quarto, closet, sala com sacada, cozinha, banheiro social com box de vidro, 1 vaga de garagem.",apartamento,https://www.chavesnamao.com.br/imovel/apartamento-para-alugar-1-quarto-com-garagem-sc-florianopolis-itacorubi-72m2-RS2500/id-1062770/,itacorubi,2924.0,507090.13,2535.45065,-0.13288281463748286
335,2600,598.0,73.0,2,1,1,"Rodovia Admar Gonzaga, 1663",-27.58419,-48.50217,"Apartamento 02 dormitórios, sala, cozinha com armários, e fogão, área de serviço com tanque, banheiro com armário e 01 vaga de garagem",apartamento,https://www.chavesnamao.com.br/imovel/apartamento-para-alugar-2-quartos-com-garagem-sc-florianopolis-itacorubi-86m2-RS2600/id-21705985/,itacorubi,3198.0,539212.85,2696.06425,-0.15695301751094437
336,2600,500.0,65.0,2,1,1,"Rodovia Amaro Antônio Vieira, 2008",-27.58593,-48.49808,"***VALORES PARA PAGAMENTO EM DIA***  Apartamento de 02 dormitórios, semi mobiliado em condomínio com área de churrasco, salão de festas, quadra poliesportiva, parque infantil, portaria 24 horas e vaga de garagem rotativa. Próximo a UDESC, CELESC, EPAGRI.",apartamento,https://www.chavesnamao.com.br/imovel/apartamento-para-alugar-2-quartos-com-garagem-sc-florianopolis-itacorubi-89m2-RS2600/id-1747181/,itacorubi,3100.0,525505.0,2627.525,-0.1524112903225806
337,2900,527.0,71.0,2,1,1,"Servidão Feliciano Martins Vieira, 114",-27.5734861,-48.50973219999997,"Apartamento de 2 quartos mobiliado, sendo 1 suíte, sacada com churrasqueira, bwc s com box e balcão, piso cerâmico.   O Itacorubi é um bairro localizado na região central de Florianópolis, com fácil acesso para a Lagoa da Conceição e as praias do Leste. Com boa infraestrutura de restaurantes, supermercados e serviços, no bairro fica localizado o principal campus da UDESC, o Centro de Ciências Agrárias (CCA) da UFSC e alguns órgãos do poder público.",apartamento,https://www.chavesnamao.com.br/imovel/apartamento-para-alugar-2-quartos-com-garagem-sc-florianopolis-itacorubi-106m2-RS2900/id-1026954/,itacorubi,3427.0,536340.0,2681.7000000000003,-0.21747884447038213
338,2900,700.0,74.0,2,2,1,"Rodovia Amaro Antônio Vieira, 2463",-27.58554,-48.49693,"Apartamento com 74m² privativos, localizado no Itacorubi próximo a UDESC e a poucos minutos do Centro d Florianópolis.   Imóvel mobiliado, com salas de estar e jantar, sacada com churrasqueira, teto rebaixado em gesso, cozinha, área de serviço separada, persianas, 2 quartos sendo 1 suíte, 1 banheiro social e 1 vaga de garagem livre e coberta.   Agende já uma visita através do nosso plantão de vendas pelo telefone (48)   ou pelo WhatsApp (48) 99865- 9090. Aguardamos seu contato!   Será ainda de responsabilidade do locatário, o pagamento de seguro incêndio, energia elétrica, água e demais encargos. Sobre o valor do condomínio, poderá haver fundo de reserva e rateio, que serão pagos pelo locatário, podendo ser ressarcidos posteriormente. Estas informações são de responsabilidade do proprietário e poderão ser alteradas a qualquer momento. Os valores anunciados de Condomínio, IPTU, Laudêmio, TCRS e outras taxas que por ventura venham a incidir sobre este imóvel são aproximados. Solicite o valor atualizado. A visualização de mobília nas imagens não significa que o mesmo será comercializado mobiliado.   EMPRESA: Na Invista, você encontra uma equipe altamente qualificada e dedicada a te guiar na jornada de encontrar o imóvel ideal. Com mais de 14 anos de experiência, construímos uma sólida reputação de satisfação e amizade com nossos clientes. Nossa carteira de imóveis conta com mais de 3000 unidades, com diversas opções para atender às suas necessidades e orçamento Nossa loja está situada na Av. Gov. Ivo Silveira n° 464, oferecendo fácil acesso e comodidade para você.  Venha nos visitar e tomar um café conosco, teremos o prazer de te apresentar as melhores opções de imóveis na Ilha e no Continente.",apartamento,https://www.chavesnamao.com.br/imovel/apartamento-para-alugar-2-quartos-com-garagem-sc-florianopolis-itacorubi-100m2-RS2900/id-22155905/,itacorubi,3600.0,654292.71,3271.46355,-0.09126012500000003
339,3000,500.0,70.0,,1,1,"Rua Patrício Farias, 55",-27.57383,-48.51016,"Auxiliadora Predial aluga excelente sala comercial localizada no edifício Vitoria Eco Office, um empreendimento completo com portaria, vaga de garagem, saída para duas ruas, com uma localização de extrema facilidade para deslocamento.  Sala comercial composta de 70m² com sacada, banheiro, e um armário para depósitos, dois elevadores, próximo a padaria, farmácias, shopping, hospitais região super valorizada.",ponto-comercial,https://www.chavesnamao.com.br/imovel/sala-comercial-para-alugar-com-garagem-sc-florianopolis-itacorubi-70m2-RS3000/id-20363579/,itacorubi,3500.0,,,
340,3000,603.0,61.0,2,2,1,"Rua Rodrigo Rampinelli Jeremias, 2383",-27.58577,-48.5002,"Ótimo apartamento para aluguel no Itacorubi em Florianópolis. Localizado no empreendimento Marina Park, o imóvel fica na Rua Rodrigo Rampinelli Jeremias, próximo a comércios e serviços. O apartamento possui 2 quartos, sendo 1 suíte, banheiros sociais, sala com sacada, cozinha, área de serviço e conta com 1 vaga de garagem. Agende uma visita e conheça esse ótimo apartamento para alugar.",apartamento,https://www.chavesnamao.com.br/imovel/apartamento-para-alugar-2-quartos-com-garagem-sc-florianopolis-itacorubi-76m2-RS3000/id-1223281/,itacorubi,3603.0,641632.71,3208.1635499999998,-0.10958547044129896
341,3000,586.0,74.0,2,2,1,"Rua Coronel Luiz Caldeira, 149",-27.57302,-48.51139,"Ótima oportunidade de aluguel de apartamento no bairro Itacorubi, em Florianópolis. O imóvel possui 2 dormitórios, sendo 1 suíte, sala ampla, cozinha com armários, área de serviço, banheiro social com box de vidro e 1 vaga de garagem dupla. Agende uma visita e garanta esse excelente imóvel!",apartamento,https://www.chavesnamao.com.br/imovel/apartamento-para-alugar-2-quartos-com-garagem-sc-florianopolis-itacorubi-RS3000/id-16688208/,itacorubi,3586.0,654292.71,3271.46355,-0.08771233965421088
342,3100,843.0,69.0,2,1,1,"Rua Pastor William Richard Schisler Filho, 856",-27.57692,-48.51194,"Apartamento com 2 dormitórios sendo 1 suíte, sala ampla com sacada, cozinha com armário e pia, área de serviço, banheiro social com box de vidro, piso porcelanato e vaga de garagem.   ***Valores e taxas poderão ser atualizado",apartamento,https://www.chavesnamao.com.br/imovel/apartamento-para-alugar-2-quartos-com-garagem-sc-florianopolis-itacorubi-93m2-RS3100/id-9482972/,itacorubi,3943.0,537985.0,2689.925,-0.31779736241440526
343,3100,766.0,72.0,3,1,2,"Rodovia Amaro Antônio Vieira, 2372",-27.5851046,-48.49774430000002,"Excelente apartamento com 3 quartos sendo 1 suíte, cozinha com móveis planejados e bancada para sala, sacada, ampla área de serviço, BWC S com box de vidro e armários, piso cerâmico, 1 vaga de garagem dupla.",apartamento,https://www.chavesnamao.com.br/imovel/apartamento-para-alugar-3-quartos-com-garagem-sc-florianopolis-itacorubi-118m2-RS3100/id-1550859/,itacorubi,3866.0,710897.08,3554.4854,-0.0805780134505949
344,3200,700.0,71.0,2,1,1,"Avenida Buriti, 620",-27.5912,-48.4997,"Apartamento para alugar com 71m² de área privativa, composto por 2 dormitórios sendo 1 suíte , 1 vaga de garagem e Hobby-box no bairro Itacorubí em Florianópolis-SC.   Amplo living com dois ambientes todo em piso frio, sacada grande, cozinha com móveis planejados e área de serviços. Banheiro social, posição solar norte e uma vaga de garagem coberta. Condomínio com 2 salões de festas, playground, brinquedoteca, quadra esportiva e academia. Portaria 24 horas. Localização nobre no bairro Itacorubi onde se tem todos os serviços necessário para seu conforto e lazer.",apartamento,https://www.chavesnamao.com.br/imovel/apartamento-para-alugar-2-quartos-com-garagem-sc-florianopolis-itacorubi-88m2-RS3200/id-20477179/,itacorubi,3900.0,536340.0,2681.7000000000003,-0.31238461538461526
345,3200,648.0,60.0,2,2,1,"Avenida Buriti, 620",-27.5912,-48.4997,"Ótimo apartamento para aluguel em Florianópolis, localizado no bairro Itacorubi. Possui 2 dormitórios, sendo 1 suíte, sala, sacada com churrasqueira, cozinha, área de serviço, banheiro social e vaga de garagem. Agende sua visita!  ALGUNS ENCARGOS AINDA VÃO SER ATUALIZADOS***",apartamento,https://www.chavesnamao.com.br/imovel/apartamento-para-alugar-2-quartos-com-garagem-sc-florianopolis-itacorubi-80m2-RS3200/id-20367685/,itacorubi,3848.0,641652.71,3208.2635499999997,-0.16625167619542625
346,3400,700.0,80.0,2,2,2,"Rua Salvatina Feliciana dos Santos, 155",-27.591384887695312,-48.49299621582031,"Excelente oportunidade no Itacorubi. Apartamento com 02 dormitórios (sendo 01 suíte), com móveis planejados na suíte, banheiros e cozinha. Sacada com churrasqueira. 02 vagas de garagem. Condomínio completo com piscina, quadra poliesportiva, salão de festas, casa na árvore e portaria 24 horas. Próximo a FIESC, CELESC e Colégio.   VALOR DE ALUGUEL PARA PAGAMENTO EM DIA",apartamento,https://www.chavesnamao.com.br/imovel/apartamento-para-alugar-2-quartos-com-garagem-sc-florianopolis-itacorubi-82m2-RS3400/id-465570/,itacorubi,4100.0,702861.55,3514.3077500000004,-0.14285176829268287
347,3500,550.0,60.0,2,1,1,"Rodovia Amaro Antônio Vieira, 2797",-27.58802,-48.49557,"aluga apartamento de dois dormitórios sendo um deles com closet, sala de estar e jantar integradas com cozinha e área de serviço separadas, sacada com vista livre para a região da UFSC, piso porcelanato, moveis planejados na cozinha e banheiros, sala de estar e jantar mobiliadas, cama de casal, garagem para um carro coberta na entrada do prédio.  O condomínio conta com infraestrutura completa de lazer, piscina, academia, salão de festa, quiosque com churrasqueira, playground, bicicletário, o imóvel fica localizado no bairro Itacurubi, bem próximo da FIESC do loteamento parque São Jorge, pet shops, farmácia, posto de gasolina, salão de beleza, ponto de ônibus, restaurantes, bares entre outros. Fácil deslocamento para região das praias.",apartamento,https://www.chavesnamao.com.br/imovel/apartamento-para-alugar-2-quartos-com-garagem-sc-florianopolis-itacorubi-60m2-RS3500/id-20551747/,itacorubi,4050.0,511326.16,2556.6308,-0.36873313580246914
348,3500,500.0,66.0,2,1,1,"Rodovia Amaro Antônio Vieira, 2797",-27.58802,-48.49557,"Excelente apartamento para aluguel no empreendimento BURLE MARX, localizado no bairro Itacorubi, em Florianópolis!  O imóvel possui 66 m² de área privativa e conta com dois dormitórios, sala, sacada, cozinha, área de serviço e vaga de garagem  Próximo a comércios, serviços e facilidades para o dia a dia. Não perca tempo e agende sua visita",apartamento,https://www.chavesnamao.com.br/imovel/apartamento-para-alugar-2-quartos-com-garagem-sc-florianopolis-itacorubi-80m2-RS3500/id-21520016/,itacorubi,4000.0,527425.0,2637.125,-0.34071874999999996
349,3500,835.0,79.0,2,2,1,"Rua Pastor William Richard Schisler Filho, 1236",-27.5785106,-48.5053808,"Características do imóvel: - Apartamento 2 dormitórios (1 suíte)  - 1 vaga de garagem  - Hobby box  - Sala para 2 ambientes (estar/jantar) - Sacada com churrasqueira  - Cozinha  - Área de serviço - Banheiro social - Outras informações: Apartamento no 1° andar. Piso porcelanato. Apartamento semi mobiliado com armários na cozinha, espelho e box nos banheiros. Ar condicionado split na sala e dormitórios. Janelas dos dormitórios com persianas integradas. Aquecimento de água por aquecedor de passagem. Medidores individuais de água e gás.  Características do prédio: - Salão de festas - Churrasqueira - Portaria remota  Localização: No Itacorubi, a poucos metros do Jardim Botânico e UDESC, está próximo ao Shopping Villa Romana e da Avenida Madre Benvenuta - uma das principais vias gastronômicas e de serviço da cidade. Tem acesso fácil a UFSC, Lagoa da Conceição, Centro e as praias do Norte da Ilha via SC 401. A região (Itacorubi e bairros próximos) é reconhecida pela variada oferta de serviços, entre eles supermercados, farmácias, clínicas, academias, escolas, universidades, entre outros, e possui várias opções de lazer e gastronomia.",apartamento,https://www.chavesnamao.com.br/imovel/apartamento-para-alugar-2-quartos-com-garagem-sc-florianopolis-itacorubi-125m2-RS3500/id-18214637/,itacorubi,4335.0,654450.21,3272.25105,-0.24515546712802772
350,3500,717.0,68.0,2,1,1,"Rua Pastor William Richard Schisler Filho, 884",-27.5764495,-48.50726370000001,"Apartamento com 2 quartos sendo 1 suíte, sacada com churrasqueira, cozinha com móveis planejados e bancada para a sala, piso porcelanato, 1 vaga de garagem.",apartamento,https://www.chavesnamao.com.br/imovel/apartamento-para-alugar-2-quartos-com-garagem-sc-florianopolis-itacorubi-RS3500/id-1095649/,itacorubi,4217.0,537285.0,2686.425,-0.3629535214607541
351,3590,632.0,57.0,,1,1,"Rua Jornalista Manoel Menezes, 115",-27.5793,-48.51002,"Sala comercial com 57m² de área privativa, localizada no Itacorubi próximo ao Jardim Botânico.  Imóvel semi mobiliado, 1 banheiro e 1 vaga de garagem.  Agende já uma visita através do nosso plantão de vendas pelo telefone (48)   ou pelo WhatsApp (48) 9 . Aguardamos seu contato!  Será ainda de responsabilidade do locatário, o pagamento de seguro incêndio, energia elétrica, água e demais encargos. Sobre o valor do condomínio, poderá haver fundo de reserva e rateio, que serão pagos pelo locatário, podendo ser ressarcidos posteriormente. Estas informações são de responsabilidade do proprietário e poderão ser alteradas a qualquer momento. Os valores anunciados de Condomínio, IPTU, Laudêmio, TCRS e outras taxas que por ventura venham a incidir sobre este imóvel são aproximados. Solicite o valor atualizado. A visualização de mobília nas imagens não significa que o mesmo será comercializado mobiliado.  EMPRESA: A Invista conta com profissionais especializados no mercado imobiliário e possui duas lojas, a Matriz no Centro e uma Filial no Estreito, em pontos nobres com estacionamento. Temos mais de 13 anos de experiência sempre satisfazendo nossos clientes e fazendo amigos. Nossa pauta possui mais de 3000 imóveis com diversas opções na Ilha e no Continente. Venha tomar um café conosco e conferir o que temos de melhor pra você",ponto-comercial,https://www.chavesnamao.com.br/imovel/ponto-comercial-para-alugar-com-garagem-sc-florianopolis-itacorubi-98m2-RS3590/id-17634461/,itacorubi,4222.0,,,
352,3600,672.0,52.0,1,1,1,"Rua Dresden, 41",-27.59528,-48.49648,"Oportunidade única! Lindo apartamento no ALAMEDA VIEW, localizado no bairro Itacorubi, com 1 dormitório, banheiro, vaga de garagem e área privativa de 45m². O imóvel conta com área de serviço, churrasqueira, cozinha com armários, sacada e está semi mobiliado. O condomínio oferece brinquedoteca, espaço de convivência, espaço gourmet, sala fitness, entre outros. Não perca essa chance, agende sua visita! FALTA ALGUMAS TAXAS COMO IPTU E COLETA DE LIXO E CONDOMINIO***",apartamento,https://www.chavesnamao.com.br/imovel/apartamento-para-alugar-1-quarto-com-garagem-sc-florianopolis-itacorubi-RS3600/id-21550650/,itacorubi,4272.0,546772.08,2733.8604,-0.360051404494382
353,3600,656.0,74.0,2,2,1,"Rua Rua William Richard S.filho, 655",-27.57517,-48.50963,"Excelente oportunidade de Locação no Itacorubi.  O imóvel conta com ambientes planejados, proporcionando uma combinação única e especial. Possui 02 dormitórios com armários e ar condicionado sendo 01 suíte, sala ampla com ar condicionado, banheiro social, cozinha planejada, área de serviço e 01 vaga de garagem, atendendo às suas necessidades e estilo de vida. OBSERVAÇÂO: Geladeira, máquina de lavar e Tv não fazem parte da locação. Consulte nossa equipe para maiores informações.  O condomínio oferece uma ampla área comum com hall, elevador, quiosque, gás central, interfone, salão de festas, playground, zeladoria, piscina, quiosque e academia com professor disponível durante os dias da semana. Essas comodidades proporcionam momentos de lazer e diversão para você e sua família.  Agende uma visita e conheça seu novo imóvel! Dalton Andrade Imóveis - Sua garantia imobiliária. Contato: Loja Centro: (48)   Loja Trindade: (48)  ",apartamento,https://www.chavesnamao.com.br/imovel/apartamento-para-alugar-2-quartos-com-garagem-sc-florianopolis-itacorubi-97m2-RS3600/id-22234103/,itacorubi,4256.0,654292.71,3271.46355,-0.23132905310150376
354,3600,570.0,67.0,2,2,1,"Rodovia Amaro Antônio Vieira, 2259",-27.58415,-48.49833,"Excelente apartamento, com 02 quartos sendo 1 suíte, ideal para home office, sala com sanca de gesso e iluminação, sacada e churrasqueira, cozinha com armários, área de serviço com tanque, apartamento com acústica, piso laminado madeira, garagem.",apartamento,https://www.chavesnamao.com.br/imovel/apartamento-para-alugar-2-quartos-com-garagem-sc-florianopolis-itacorubi-84m2-RS3600/id-19661886/,itacorubi,4170.0,644062.71,3220.31355,-0.22774255395683451
355,3800,577.0,65.0,2,1,2,"Rua Rodrigo Rampinelli Jeremias, 172",-27.58577,-48.5002,"Excelene apartamento Semi-mobiliado com 2 quartos sendo 1 suíte com sacada, cozinha com móveis planejados e eletros como Geladeira, fogão e forno micro-ondas, sala com mesa de jantar, tv, sofa e painel para tv, bancada para sala, sacada com churrasqueira, 2 vagas de garagem.   Localização privilegiada, próximo a Bares, Restaurantes, Escola, Farmácia, Lagoa da Conceição, Shopping Center, Supermercado, UDESC, UFSC,   Condomínio com portaria 24 horas, 2 elevadores, espaço gourmet, salão de festas, deck com piscina com linda vista, playground, estacionamento para visitantes.",apartamento,https://www.chavesnamao.com.br/imovel/apartamento-para-alugar-2-quartos-com-garagem-sc-florianopolis-itacorubi-85m2-RS3800/id-8041877/,itacorubi,4377.0,656138.04,3280.6902000000005,-0.2504705962988347
356,3950,350.0,72.0,2,1,1,"Rua Itapuã, 278",-27.59422,-48.49821,"Apartamento com 72m² de área privativa, composto por 2 dormitórios sendo 1 suíte e 1 vaga de garagem no bairro Itacorubi em Florianópolis-SC. Semi-mobiliado, sacada grande, cozinha com móveis planejados e área de serviços. Banheiro social, Localização nobre no bairro Itacorubi onde se tem todos os serviços necessário para seu conforto e lazer. Agende sua visita com o corretor licenciado ao lado. Atendimento ON LINE pelo whatsapp. (Imóvel fácil visitação).",apartamento,https://www.chavesnamao.com.br/imovel/apartamento-para-alugar-2-quartos-com-garagem-sc-florianopolis-itacorubi-85m2-RS3950/id-20339881/,itacorubi,4300.0,533990.0,2669.9500000000003,-0.3790813953488371
357,3950,350.0,78.0,2,2,1,"Rua Itapuã, 278",-27.59422,-48.49821,"ALUGO EXCELENTE APARTAMENTO (MOBILIADO) DE 78M² PRIVATIVOS NO PARQUE SÃO JORGE!  Apartamento com 2 dormitórios sendo (1 suíte), sala, cozinha, banheiro social, área de serviço, área externa e estacionamento descoberto rotativo.   Diferenciais do imóvel: - 2 dormitórios sendo (1 suíte) - 1 Banheiro social - Piso lâminado - Piso de madeira de lei no corredor - Armários embutidos - Área externa - Ar condicionado split - Lugar tranquilo - Persianas automatizadas - Janelas anti ruídos  - Mobiliado - Camas novas - Geladeira nova - Bem ventilado e ensolarado - Vigilancia 24h  Condomínio R$ 350,00 que inclui água, IPTU/TCRS e manutenção da área externa.  Luz e gás cobrado conforme consumo.  Além do aluguel, será de responsabilidade do locatário o pagamento do IPTU, quando o caso, seguro contra incêndio, condomínio, quando o caso, e demais encargos estabelecidos no contrato de locação, conforme artigos 22 e 23 da lei 8.245/91.",apartamento,https://www.chavesnamao.com.br/imovel/apartamento-para-alugar-2-quartos-com-garagem-sc-florianopolis-itacorubi-100m2-RS3950/id-20818500/,itacorubi,4300.0,654450.21,3272.25105,-0.23901138372093023
358,3950,350.0,76.0,2,2,1,"Rua Itapuã, 278",-27.59422,-48.49821,"Apartamento para Aluguel em Itacorubi, Florianópolis  Ótimo apartamento para aluguel no bairro Itacorubi, em Florianópolis. O imóvel possui 2 quartos, sendo 1 suíte, 1 banheiros sociais e 1 vaga de garagem. Conta com infraestrutura de portão eletrônico e algumas características como cozinha com armários, despensa, sacada e piso em porcelanato. O apartamento está mobiliado, AR- condicionado split. Localizado no 2º andar de um prédio com apenas 2 apartamentos por andar em uma localização privilegiada. Agende uma visita!",apartamento,https://www.chavesnamao.com.br/imovel/apartamento-para-alugar-2-quartos-com-garagem-sc-florianopolis-itacorubi-RS3950/id-18383009/,itacorubi,4300.0,654100.21,3270.50105,-0.23941836046511633
359,3950,350.0,76.0,2,2,1,"Rua Itapuã, 278",-27.59422,-48.49821,"Apartamento para Aluguel em Itacorubi, Florianópolis  Ótimo apartamento para aluguel no bairro Itacorubi, em Florianópolis. O imóvel possui 2 quartos, sendo 1 suíte, 1 banheiros sociais e 1 vaga de garagem. Conta com infraestrutura de portão eletrônico e algumas características como cozinha com armários, despensa, piso em porcelanato. O apartamento está mobiliado, AR- condicionado split. Localizado no 2º andar de um prédio com apenas 2 apartamentos por andar em uma localização privilegiada. Agende uma visita!",apartamento,https://www.chavesnamao.com.br/imovel/apartamento-para-alugar-2-quartos-com-garagem-sc-florianopolis-itacorubi-RS3950/id-19782194/,itacorubi,4300.0,654100.21,3270.50105,-0.23941836046511633
360,4200,889.0,76.0,3,1,2,"Servidão Recanto Verde, 170",-27.5872695,-48.495580399999994,"ITACORUBI, TRANQUILIDADE E BEM-ESTAR!  Apartamento para alugar no JARDIM IMPERIALE, Localizado na Servidao Recanto Verde, no bairro Itacorubi em Florianópolis, om área privativa de 76.24m² e 3 dormitórios sendo um suite. O imóvel conta ainda com Sala, cozinha com móveis planejados, área de serviço, sacada com churrasqueira e uma linda vista, piso porcelanato e laminado, banheiro social com box de vidro e 2 vagas de garagem, sendo uma dupla e outra vaga livre( verificar tamanho da vaga de garagem). Aproveite essa oportunidade e agende uma visita e venha conferir!",apartamento,https://www.chavesnamao.com.br/imovel/apartamento-para-alugar-3-quartos-com-garagem-sc-florianopolis-itacorubi-RS4200/id-1022487/,itacorubi,5089.0,711297.08,3556.4854,-0.30114258203969346
361,4500,1900.0,70.0,,1,3,"Rua Professor Ayrton Roberto de Oliveira, 32",-27.57871,-48.51083,"Alugue a Sala dos Seus Sonhos no Itacorubi.  Esta é a sua oportunidade de alugar uma sala exclusiva e desejada, em uma região altamente procurada. A sala oferece 70m², ótimo acabamento, divisórias em blindex, luminárias embutidas e ar condicionado split instalado, copa, banheiro e 3 vagas de garagem., atendendo às suas necessidades profissionais.  Localizado no Laguna Corporate Center, você desfrutará de diversos benefícios, incluindo 2 elevadores, e zeladoria. Essas comodidades adicionais garantem conveniência e conforto para você e seus clientes.  Agende uma visita e conheça seu novo imóvel! Dalton Andrade Imóveis - Sua garantia imobiliária. Contato: Loja Centro: (48)   Loja Trindade: (48)   ",ponto-comercial,https://www.chavesnamao.com.br/imovel/sala-comercial-para-alugar-com-garagem-sc-florianopolis-itacorubi-70m2-RS4500/id-19207983/,itacorubi,6400.0,,,
362,4500,780.0,89.0,2,2,1,"Rua Pastor William Richard Schisler Filho, 868",-27.57692,-48.51194,"VENDO E ALUGO APARTAMENTO (MOBILIADO) DE 89M² PRIVATIVOS COM 2 QUARTOS SENDO (1 SUÍTE) COM INFRAESTRUTURA COMPLETA NO ITACORUBI!!  ALUGUEL CONTRATO DE 3 MESES (TEMPORADA).  Apartamento mobiliado de 89m² privativos com 2 quartos sendo (1 suíte), bwc social, sala de estar e jantar, cozinha, área de serviço, sacada com churrasqueira á carvão e 1 vaga de garagem.  Diferenciais do imóvel:  - Mobiliado - 2 quartos sendo (1 suíte) - Sacada com churrasqueira á carvão - Ar condicionado - Excelente localização - Ótimo investimento - Móveis planejados - 1 vaga de garagem   Condomínio: - Piscina coberta aquecida com raia de 25m - Piscina externa adulto e infantil - Sala de cinema - Sala de ginástica - Sala de massagem - Playground com mini quadra de esportes - Praça de convivência - Guarita com sistema de segurança - Bicicletário - Aquecimento solar com apoio a gás - Aproveitamento de água da chuva para limpeza e jardins - Gerador de energia - Espaço jovem - Espaço gourmet - Salão de festas infantil - Pet place - Pet care - Sala de estudos - Business center - Brinquedoteca - Atelier - Espaço mulher",apartamento,https://www.chavesnamao.com.br/imovel/apartamento-para-alugar-2-quartos-com-garagem-sc-florianopolis-itacorubi-101m2-RS4500/id-21315522/,itacorubi,5280.0,658077.71,3290.3885499999997,-0.3768203503787879
363,4700,770.0,93.0,3,2,1,"Rua Acelon Pacheco da Costa, 151",-27.5788997,-48.509932,"Ótimo apartamento localizado no bairro Itacorubi com 3 dormitótios sendo 1 suíte, sala ampla com dois ambientes, cozinha com móveis planejados e bancada tipo ilha com fogão embutido e coifa, área de serviço, sacada com churrasqueira e pia auxiliar, banheiro social com box de vidro, piso cerâmico e 1 vaga de garagem. Venha conhecer essa excelente oportunidade de moradia em uma das melhores regiões da cidade. Entre em contato conosco para mais informações e agendamento de visita.",apartamento,https://www.chavesnamao.com.br/imovel/apartamento-para-alugar-3-quartos-com-garagem-sc-florianopolis-itacorubi-113m2-RS4700/id-3639095/,itacorubi,5470.0,657277.71,3286.3885499999997,-0.3991977056672761
364,6000,1195.0,125.0,2,3,2,"Avenida Itamarati, 380",-27.59096,-48.49826,"Apartamento para locação mobiliado em Florianópolis, localizado na Avenida Itamarati, no bairro Itacorubi. Com 2 dormitórios, sendo 1 suíte, 3 banheiros, 2 vagas de garagem, área privativa de 125,51m² e área total de 187,51m².Área de serviço, cozinha com armários, hobbybox, living hall, sacada e está mobiliado",apartamento,https://www.chavesnamao.com.br/imovel/apartamento-para-alugar-2-quartos-com-garagem-sc-florianopolis-itacorubi-187m2-RS6000/id-21618207/,itacorubi,7195.0,875830.12,4379.1506,-0.3913619735927728
365,6000,1000.0,164.0,3,2,2,"Rua Salvatina Feliciana dos Santos, 257",-27.592,-48.4919,"Excelente apartamento novo, constituído por 03 quartos, sendo 01 deles a suíte, 01 sala de estar com abertura para a sacada com churrasqueira, cozinha americana com bancada com armários e pia sob medida com cuba e mármore, área de serviço e um banheiro social. 02 vagas de garagem e hobbybox.  Condomínio em ótima localização no bairro do Itacorubi, com excelente infraestrutura com salão de festas, sala fitness e uma ótima área de lazer com jardim.  Localizado no Itacorubi, próximo ao FIESC, tem fácil acesso para o Centro, praias do Norte da Ilha através da SC 401 e Lagoa da Conceição. A região (Itacorubi e Bairros próximos) é bem atendida por grande diversidade de serviços essenciais tais como bancos, supermercados, farmácias, clínicas, academias, clubes, escolas, universidades, entre outros.  IMPORTANTE: O locatário ficará responsável, além dos itens já listados, pelo pagamento de energia elétrica, água, seguro incêndio e demais encargos da locação. Estas informações são de responsabilidade do proprietário e poderão ser alteradas a qualquer momento. A visualização de mobília nas imagens não significa que o mesmo será comercializado mobiliado.  Venha conhecer este ótimo apartamento disponível para locação!  CÓDIGO DO IMÓVEL: 1864235",apartamento,https://www.chavesnamao.com.br/imovel/apartamento-para-alugar-3-quartos-com-garagem-sc-florianopolis-itacorubi-164m2-RS6000/id-18461062/,itacorubi,7000.0,839281.815,4196.409075,-0.4005129892857143
366,7000,450.0,164.0,,1,,"Rua Patrício Farias, 55",-27.5751783,-48.5107783,"*****PROMOÇÃO - 02 MESES DE CARÊNCIA DO VALOR DE ALUGUEL ***** Loja com 164 m². Possui amplo espaço divido em 3 salas, mezanino e 2 lavabos. Ideal para você que deseja abrir ou expandir o seu negócio.",ponto-comercial,https://www.chavesnamao.com.br/imovel/ponto-comercial-para-alugar-3-salas-sc-florianopolis-itacorubi-RS7000/id-7970156/,itacorubi,7450.0,,,
367,7500,1905.0,282.0,,2,,"Rua Coronel Luiz Caldeira, 67",-27.5743105,-48.510794,"Ampla sala comercial com 282m², 2 BWC S, piso cerâmico. Excelente localização.  O Itacorubi é um bairro localizado na região central de Florianópolis, com fácil acesso para a Lagoa da Conceição e as praias do Leste. Com boa infraestrutura de restaurantes, supermercados e serviços, no bairro fica localizado o principal campusda UDESC, o Centro de Ciências Agrárias (CCA) da UFSC e alguns órgãos do poder público. O Itacorubi abriga também dois dos principais hospitais especializados de Florianópolis - o Centro de Pesquisas Oncológicas (Cepon), referência na prevenção e no tratamento de pacientes com câncer; e o SOS Cárdio, especializado no diagnóstico e tratamento de doenças do coração.  Distância do Centro: 8,4 km População: 10.307 habitantes",ponto-comercial,https://www.chavesnamao.com.br/imovel/sala-comercial-para-alugar-1-sala-sc-florianopolis-itacorubi-312m2-RS7500/id-1022483/,itacorubi,9405.0,,,
368,8000,2144.0,230.0,,2,7,"Rua Patrício Farias, 131",-27.57388,-48.5103,"Salas comerciais para aluguel no bairro Itacorubi, em Florianópolis. Possui 230.39m² de área privativa, com 11 salas, copa, piso de porcelanato e 7 vagas de estacionamento. Localizada no COMERCIAL MULTICENTER, o prédio conta com 6 andares e a sala está no 4º andar. Ótima oportunidade para seu negócio em uma localização privilegiada, com fácil acesso e infraestrutura completa. Entre em contato para mais informações.",ponto-comercial,https://www.chavesnamao.com.br/imovel/sala-comercial-para-alugar-11-salas-com-garagem-sc-florianopolis-itacorubi-266m2-RS8000/id-17440184/,itacorubi,10144.0,,,
369,8800,340.0,76.0,,1,,"Servidão Laje de Pedra, 73",-27.58988,-48.49407,"Loja comercial no Bairro Itacorubi com banheiro, cozinha, mezanino, estacionamento rotativo muito bem localizada, perto de faculdade, mercado, fácil acesso e com uma metragem de 76m.",ponto-comercial,https://www.chavesnamao.com.br/imovel/ponto-comercial-para-alugar-sc-florianopolis-itacorubi-76m2-RS8800/id-20340148/,itacorubi,9140.0,,,
370,9000,1250.0,75.0,2,1,2,"Servidão Laje de Pedra, 150",-27.5904669,-48.4931244,"Apartamento de 2 dormitórios sendo 2 suítes , com 75m² de área privativa no bairro Itacurubi Florianópolis- SC. Sala com sacada, integrando cozinha e área de serviços separada. suíte principal com armários planejados ,cama de casal e sacada com vista, segunda suíte com triliche e armários planejados. Todas as peças com Split, cozinha moderna e funcional com exaustor e torre aquecida. Condomínio Club, com serviço House equipe, restaurante, academia, sauna, sala de jogos, pet place, piscina raia aquecida, marketplace , cinemateca, 2 elevadores e portaria 24horas. 2 vagas de garagem com hobby box. Localização privilegiada no bairro Itacurubi com todos os serviços para seu conforto, perto das praias da lagoa da Conceição ,praia mole e Joaquina. Atendimento online pelo WhatsApp, adicione o numero ao lado.",apartamento,https://www.chavesnamao.com.br/imovel/apartamento-para-alugar-2-quartos-com-garagem-sc-florianopolis-itacorubi-99m2-RS9000/id-20339995/,itacorubi,10250.0,663759.16,3318.7958000000003,-0.676215043902439
371,9000,0.0,400.0,4,3,4,"Rua Adolfo Gonçalves de Aguiar, 151",-27.56984,-48.51107,"Casa com 400m², próxima à SC 401. Fácil acesso aos Hospitais, escolas, Centro de Tecnologia e acesso rápido ao Centro da cidade, Beira Mar Norte e bairros do continente.  A propriedade conta com dois pavimentos com escada, 3 salas amplas, escritório, com entrada independente, cozinha, dependência completa de empregada, 4 quartos, sendo 1 suíte máster com closet e banheiro completo com hidromassagem, 4 banheiros, garagem coberta para 3 veículos, e mais espaço para 1 veículo descoberto.   Área externa conta com Piscina com cascata, churrasqueira a carvão e fogareiro a gás.  Perfeita para clínicas médicas ou odontológicas; Espaço ideal para escritórios de advocacia ou contabilidade; Ótimo para agências de publicidade ou marketing; Adequado para centros de terapia ou coaching; Ideal para escolas de idiomas ou pequenos cursos.  Agende já uma visita através do nosso plantão de vendas pelo telefone (48)   ou pelo WhatsApp (48) 99865- 9090. Aguardamos seu contato!  Será ainda de responsabilidade do locatário, o pagamento de seguro incêndio, energia elétrica, água e demais encargos. Sobre o valor do condomínio, poderá haver fundo de reserva e rateio, que serão pagos pelo locatário, podendo ser ressarcidos posteriormente. Estas informações são de responsabilidade do proprietário e poderão ser alteradas a qualquer momento. Os valores anunciados de Condomínio, IPTU, Laudêmio, TCRS e outras taxas que por ventura venham a incidir sobre este imóvel são aproximados. Solicite o valor atualizado. A visualização de mobília nas imagens não significa que o mesmo será comercializado mobiliado.  EMPRESA: Na Invista, você encontra uma equipe altamente qualificada e dedicada a te guiar na jornada de encontrar o imóvel ideal. Com mais de 14 anos de experiência, construímos uma sólida reputação de satisfação e amizade com nossos clientes. Nossa carteira de imóveis conta com mais de 3000 unidades, com diversas opções para atender às suas necessidades e orçamento Nossa loja está situada na Av. Gov. Ivo Silveira n° 464, oferecendo fácil acesso e comodidade para você.  Venha nos visitar e tomar um café conosco, teremos o prazer de te apresentar as melhores opções de imóveis na Ilha e no Continente.",casa,https://www.chavesnamao.com.br/imovel/casa-para-alugar-4-quartos-com-garagem-sc-florianopolis-itacorubi-400m2-RS9000/id-21795046/,itacorubi,9000.0,,,
372,11000,2098.0,248.0,2,1,2,"Servidão Laje de Pedra, 151",-27.59014,-48.49341,"Apartamento com 2 dormitórios sendo 1 suíte com closet,mobiliado, sala ampla e arejada, lavabo, sacada, cozinha com móveis planejados, área de serviço, banheiro social com box de vidro, piso porcelanato e vaga de garagem. Oferece excelente terraço com piscina.",apartamento,https://www.chavesnamao.com.br/imovel/apartamento-para-alugar-2-quartos-com-garagem-sc-florianopolis-itacorubi-433m2-RS11000/id-10711235/,itacorubi,13098.0,858259.64,4291.2982,-0.6723699648801343
373,11900,0.0,300.0,4,4,1,"Luiz Carlos Theodorico Gomes, 185",-27.6004,-48.4904,"Casa para aluguel no bairro Itacorubi, em Florianópolis. Com 4 dormitórios, sendo 1 suíte, 2 salas amplas, cozinha planejada, área de serviço, banheiros sociais com box de vidro, lavabo, 1 vaga de garagem. Área privativa de 200m², área total de 300m². Possui ampla área externa com piscina, salão de festas, lareira externa, churrasqueira com terraço, uma vista maravilhosa da cidade cercada por um lindo jardim. Localizada em rua tranquila, próxima a comércios e serviços. Agende uma visita!",casa,https://www.chavesnamao.com.br/imovel/casa-para-alugar-4-quartos-com-garagem-sc-florianopolis-itacorubi-500m2-RS11900/id-20016117/,itacorubi,11900.0,,,
374,14000,5060.0,336.0,,4,4,"Rua Professor Ayrton Roberto de Oliveira, 32",-27.57871,-48.51083,"Aluguel de sala comercial no Itacorubi, Florianópolis. Excelente localização, próximo a comércios e serviços.O imóvel tem um total de 336m² de área privativa dividido em 16 salas, possui 4 lavabos, piso cerâmico e 4 vagas de estacionamento. Próximo a transporte público e facilidade de acesso. Agende sua visita!",ponto-comercial,https://www.chavesnamao.com.br/imovel/sala-comercial-para-alugar-16-salas-com-garagem-sc-florianopolis-itacorubi-507m2-RS14000/id-18699618/,itacorubi,19060.0,,,
375,33500,0.0,420.0,,4,,"Admar Gonzaga, 30, 00",-27.5929669,-48.4934154,"Casa Comercial/Residencial com aproximadamente 420 m² de área construída e com 40 mil metros de terreno. Possui 5 dormitórios sendo 4 suítes, 3 salas amplas e arejadas, escritório, lavabo, lareira, sacada, cozinha, área de serviço, dependência, banheiro de serviço e piso cerâmico. Oferece excelente área externa com piscina, churrasqueira, jardim, muro e portão. Conta ainda com toda documentação, viabilidade e topografia.  *Alguns móveis, objetos pessoais e eletros não fazem parte da locação, consultar junto a administradora.*   Localizada em região privilegiada entre Córrego Grande e Itacorubi. O Itacorubi é um bairro localizado na região central de Florianópolis, com fácil acesso para a Lagoa da Conceição e as praias do Leste. Com boa infraestrutura de restaurantes, supermercados e serviços, no bairro fica localizado o principal campus da UDESC, o Centro de Ciências Agrárias (CCA) da UFSC e alguns órgãos do poder público. O Itacorubi abriga também dois dos principais hospitais especializados de Florianópolis - o Centro de Pesquisas Oncológicas (Cepon), referência na prevenção e no tratamento de pacientes com câncer; e o SOS Cárdio, especializado no diagnóstico e tratamento de doenças do coração.",casa,https://www.chavesnamao.com.br/imovel/casa-para-alugar-sc-florianopolis-itacorubi-40217m2-RS33500/id-12801868/,itacorubi,33500.0,,,
376,100000,0.0,2.823,,,,"Rodovia Rod.sc - 401 Esquina Com Rua Adolfo Goncalves Aguiar, 600",-27.5698454,-48.5085626,"O Alfama Office Center é ideal para quem busca sofisticação em excelente localização, no parque tecnológico de Florianópolis.  Possui salas e lojas com áreas privativas entre 375 e 471m² e área total de 2823m² e 36 vagas de garagem, sendo 31 para carros e 5 para motos.",ponto-comercial,https://www.chavesnamao.com.br/imovel/sala-comercial-para-alugar-sc-florianopolis-itacorubi-2823m2-RS100000/id-17987291/,itacorubi,100000.0,,,
377,3950,350.0,78.0,2,2,1,"Rua Itapuã, 278",-27.59422,-48.49821,"ALUGO EXCELENTE APARTAMENTO (MOBILIADO) DE 78M² PRIVATIVOS NO PARQUE SÃO JORGE!  Apartamento com 2 dormitórios sendo (1 suíte), sala, cozinha, banheiro social, área de serviço, sacada e estacionamento descoberto rotativo.   Diferenciais do imóvel: - 2 dormitórios sendo (1 suíte) - 1 Banheiro social - Piso lâminado - Piso porcelanato - Sacada - Ar condicionado split - Lugar tranquilo - Persianas automatizadas - Janelas anti ruídos  - Mobiliado - Camas e guarda roupas novos - Geladeira nova - Bem ventilado e ensolarado - Vigilância 24h  Condomínio R$ 350,00 que inclui água, IPTU/TCRS e manutenção da área externa.  Luz e gás cobrado conforme consumo.  Além do aluguel, será de responsabilidade do locatário o pagamento do IPTU, quando o caso, seguro contra incêndio, condomínio, quando o caso, e demais encargos estabelecidos no contrato de locação, conforme artigos 22 e 23 da lei 8.245/91.",apartamento,https://www.chavesnamao.com.br/imovel/apartamento-para-alugar-2-quartos-com-garagem-sc-florianopolis-itacorubi-RS3950/id-20818501/,itacorubi,4300.0,654450.21,3272.25105,-0.23901138372093023
378,2800,608.0,65.0,2,1,1,"Rodovia Amaro Antônio Vieira, 2170",-27.58415,-48.49932,"Excelente apartamento no Itacorubi com 02 dormitórios, semi mobiliado com móveis planejados. Cozinha americana com planejados e eletrodomésticos (geladeira e fogão com forno). Sacada com churrasqueira e 01 vaga de garagem coberta. Próximo a UDESC, EPAGRI. UFSC/CCA e CELESC Condomínio com Salão de festas e elevador.  ***VALORES PARA PAGAMENTO EM DIA***",apartamento,https://www.chavesnamao.com.br/imovel/apartamento-para-alugar-2-quartos-com-garagem-sc-florianopolis-itacorubi-65m2-RS2800/id-16266852/,itacorubi,3408.0,525505.0,2627.525,-0.22901261737089196
379,2900,550.0,110.0,3,2,1,"Rua Hercílio de Aquino, 326",-27.6077666,-48.5916015,"Apartamento com 3 dormitórios sendo 1 suíte, sala, sacada, cozinha planejada, área de serviço, banheiro social com box de vidro, piso cerâmico/laminado, 1 vaga de garagem e 1 Hobby Box.",apartamento,https://www.chavesnamao.com.br/imovel/apartamento-para-alugar-3-quartos-com-garagem-sc-florianopolis-itaguacu-110m2-RS2900/id-15550533/,itaguacu,3450.0,883344.1,4416.7205,0.2802088405797103
380,13000,0.0,234.0,,,2,"Rua Vinte e Três de Março, 626",-27.6107894,-48.5917023,"Casa residencial de alto padrão em localização nobre e familiar, possuindo cinco dormitórios sendo 02 suíte e 01 suíte master com closet. Vaga de garagem coberta e fechada para dois veículos , 234,70² metros de área construida e 588 m² de terreno com piscina, canil, sacadas, imóvel semi mobiliado e dependência de empregada.",casa,https://www.chavesnamao.com.br/imovel/casa-para-alugar-com-garagem-sc-florianopolis-itaguacu-RS13000/id-5327882/,itaguacu,13000.0,,,
381,25000,0.0,365.0,,5,2,"Rua Rosato Evangelista, 35",-27.61668,-48.59265,"Aproveite esta oportunidade única de alugar uma casa comercial exclusiva em Itaguaçu, na região de Coqueiros, uma das áreas mais desejadas da cidade.  A casa oferece 365m², primeiro andar com hall de entrada, 2 banheiros, sala de estar, sala de jantar, cozinha, 2 suítes, depósito, 2 vagas de garagem, área gourmet com lareira, churrasqueira, piscina, edícula com churrasqueira e jardim. Andar superior com 5 cômodos e 2 banheiros.   Agende uma visita e conheça seu novo imóvel! Dalton Andrade Imóveis - Sua garantia imobiliária. Contato: Loja Centro: (48)   Loja Trindade: (48)   ",casa,https://www.chavesnamao.com.br/imovel/casa-para-alugar-com-garagem-sc-florianopolis-itaguacu-529m2-RS25000/id-18171264/,itaguacu,25000.0,,,
382,2200,100.0,40.0,1,1,1,"Rua Pedro de Andrade Garcia, 106",-27.60886,-48.59045,"Imóvel: Excelente apartamento ensolarado, localizado no piso superior muito bem distribuído oferece 01 dormitório. Ampla sala com 02 ambientes dispsota para a cozinha e área de serviço. O imóvel oferece 01 banheiro social e 01 vaga de garagem descoberta na lateral. Ficam os armários da cozinha e armário do quarto. Acabamento diferenciado com piso porcelanato fosco. Imóvel sem cobrança de condomínio. Bairro familiar, tranquilo de morar em Região da alta Classe.   Empreendimento: Residencial sem cobrança de taxa de Condomínio  Bairro: O bairro Abraão é uma região bastante agradável, que tem experimentado um forte crescimento imobiliário nos últimos anos, sendo hoje um dos metros quadrados mais valorizados da capital, com parques, locais gastronômicos, escolas e fácil acesso a vias rápidas de ligação ao centro de Fpolis e a outros bairros.   A EVOLUÇÃO IMOVEIS possui mais de 15 anos de experiência, sempre satisfazendo nossos clientes e fazendo amigos. Temos mais de 2000 imóveis com diversas opções na Grande Florianópolis.  Estamos de plantão através do número (48)   ou no CHAT.  Concretizando seus Sonhos",apartamento,https://www.chavesnamao.com.br/imovel/apartamento-para-alugar-1-quarto-com-garagem-sc-florianopolis-itaguacu-50m2-RS2200/id-22314122/,itaguacu,2300.0,484892.57666666666,2424.462883333333,0.054114297101449216
383,2200,100.0,40.0,1,1,1,"Rua Pedro de Andrade Garcia, 106",-27.60886,-48.59045,"Imóvel: Excelente apartamento térreo muito bem distribuído oferece 01 dormitório e ampla sala com 02 ambientes. A cozinha possui armários e está disposta para sala e área de serviço e na sala temos 1 sofá. O imóvel oferece 01 banheiro social e 01 vaga de garagem coberta e quintal exclusivo do apartamento na lateral. Apartamento bem ensoladaro, oferece piso porcelanato fosco. Imóvel sem cobrança de condomínio. Bairro familiar, tranquilo de morar em Região da alta Classe.   Empreendimento: Residencial sem cobrança de taxa de Condomínio  Bairro: O bairro Abraão é uma região bastante agradável, que tem experimentado um forte crescimento imobiliário nos últimos anos, sendo hoje um dos metros quadrados mais valorizados da capital, com parques, locais gastronômicos, escolas e fácil acesso a vias rápidas de ligação ao centro de Fpolis e a outros bairros.   A EVOLUÇÃO IMOVEIS possui mais de 15 anos de experiência, sempre satisfazendo nossos clientes e fazendo amigos. Temos mais de 2000 imóveis com diversas opções na Grande Florianópolis.  Estamos de plantão através do número (48)   ou no CHAT.  Concretizando seus Sonhos",apartamento,https://www.chavesnamao.com.br/imovel/apartamento-para-alugar-1-quarto-com-garagem-sc-florianopolis-itaguacu-50m2-RS2200/id-22314121/,itaguacu,2300.0,484892.57666666666,2424.462883333333,0.054114297101449216
384,2400,10.0,41.0,1,1,1,"Rua Pedro de Andrade Garcia, 106",-27.60886,-48.59045,"Imóvel: Ótimo apartamento sem mobília para alugar no Itaguaçú, composto por: 01 dormitório, sala de jantar, sala de TV, área de serviço, 1 banheiro social, piso porcelanato , 01 vaga de garagem coberta e quintal.  Bairro: Itaguaçu está localizado na região continental, entre os bairros Coqueiros e Bom Abrigo, a 5 km do centro, predominantemente residencial, Itaguaçu é um dos bairros continentais de Florianópolis que muitos turistas e moradores desconhecem. Considerado como área nobre da cidade, suas ruas são largas e arborizadas, muito tranquilo e agradável, perfeito para famílias.   A EVOLUÇÃO IMOVEIS possui mais de 12 anos de experiência, sempre satisfazendo nossos clientes e fazendo amigos. Temos mais de 2000 imóveis com diversas opções na Grande Florianópolis.  Estamos de plantão através do número (48)   ou no CHAT.  Concretizando seus Sonhos",apartamento,https://www.chavesnamao.com.br/imovel/apartamento-para-alugar-1-quarto-com-garagem-sc-florianopolis-itaguacu-52m2-RS2400/id-8283400/,itaguacu,2410.0,481354.87666666665,2406.7743833333334,-0.0013384301521438546
385,1557,337.0,23.0,,,1,"Rodovia José Carlos Daux, 500",-27.5679277,-48.5110261,Loja com 24m². Possui amplo espaço com lavabo e piso porcelanato. Ideal para você que deseja abrir ou expandir o seu negócio.,ponto-comercial,https://www.chavesnamao.com.br/imovel/sala-comercial-para-alugar-1-sala-com-garagem-sc-florianopolis-joao-paulo-RS1557/id-6458872/,joao-paulo,1894.0,,,
386,1557,337.0,23.0,,1,1,"Rodovia José Carlos Daux, 500",-27.5679277,-48.5110261,"Sala comercial com 24 m², lavabo. Ideal para você que deseja começar ou expandir seu negócio no bairro João Paulo.",ponto-comercial,https://www.chavesnamao.com.br/imovel/sala-comercial-para-alugar-1-sala-com-garagem-sc-florianopolis-joao-paulo-RS1557/id-14070434/,joao-paulo,1894.0,,,
387,1900,550.0,36.0,,1,1,"Rodovia Sc - 401, 500",-27.55436,-48.50078,"Sala de 36m² de área privativa, com vista parcial para o mar, localizada no empreendimento Techno Towers.   Imóvel fica de frente para SC 401, fácil acesso, possui 1 lavabo, 1 vaga coberta e dentro do empreendimento possui vagas rotativas paga.  Agende já uma visita através do nosso plantão de vendas pelo telefone (48)   ou pelo WhatsApp (48) 99865- 9090. Aguardamos seu contato!  Será ainda de responsabilidade do locatário, o pagamento de seguro incêndio, energia elétrica, água e demais encargos. Sobre o valor do condomínio, poderá haver fundo de reserva e rateio, que serão pagos pelo locatário, podendo ser ressarcidos posteriormente. Estas informações são de responsabilidade do proprietário e poderão ser alteradas a qualquer momento. Os valores anunciados de Condomínio, IPTU, Laudêmio, TCRS e outras taxas que por ventura venham a incidir sobre este imóvel são aproximados. Solicite o valor atualizado. A visualização de mobília nas imagens não significa que o mesmo será comercializado mobiliado.  EMPRESA: A Invista conta com profissionais especializados no mercado imobiliário e possui duas lojas, a Matriz no Centro e uma Filial no Estreito, em pontos nobres com estacionamento. Temos mais de 13 anos de experiência sempre satisfazendo nossos clientes e fazendo amigos. Nossa pauta possui mais de 3000 imóveis com diversas opções na Ilha e no Continente. Venha tomar um café conosco e conferir o que temos de melhor pra você",ponto-comercial,https://www.chavesnamao.com.br/imovel/sala-comercial-para-alugar-1-sala-com-garagem-sc-florianopolis-joao-paulo-53m2-RS1900/id-18992919/,joao-paulo,2450.0,,,
388,1900,549.0,36.0,,1,1,"Rodovia José Carlos Daux, 500",-27.5679277,-48.5110261,"Sala bairro João Paulo com 36,38² banheiro e 01 vaga de garagem. Ideal pra você que quer abrir ou expandir seu negócio.",ponto-comercial,https://www.chavesnamao.com.br/imovel/sala-comercial-para-alugar-1-sala-com-garagem-sc-florianopolis-joao-paulo-53m2-RS1900/id-2016324/,joao-paulo,2449.0,,,
389,2359,451.0,39.0,,,,"Rodovia José Carlos Daux, 500",-27.5679277,-48.5110261,"Loja com 39,32m². Ideal para você que deseja abrir ou expandir o seu negócio.",ponto-comercial,https://www.chavesnamao.com.br/imovel/ponto-comercial-para-alugar-1-sala-sc-florianopolis-joao-paulo-RS2359/id-2371773/,joao-paulo,2810.0,,,
390,2364,446.0,36.0,,1,1,"Rodovia José Carlos Daux, 500",-27.5679277,-48.5110261,"Sala comercial com 36 m², lavabo. Ideal para você que deseja começar ou expandir seu negócio no bairro João Paulo.",ponto-comercial,https://www.chavesnamao.com.br/imovel/sala-comercial-para-alugar-1-sala-com-garagem-sc-florianopolis-joao-paulo-RS2364/id-14070463/,joao-paulo,2810.0,,,
391,2364,446.0,36.0,,1,1,"Rodovia José Carlos Daux, 500",-27.5679277,-48.5110261,"Sala comercial com 36m²! Possui excelente e amplo espaço, lavabo e piso cerâmico. Ideal pra você que quer abrir ou expandir seu negócio.",ponto-comercial,https://www.chavesnamao.com.br/imovel/sala-comercial-para-alugar-1-sala-com-garagem-sc-florianopolis-joao-paulo-RS2364/id-14070446/,joao-paulo,2810.0,,,
392,2555,451.0,39.0,,1,,"Rodovia José Carlos Daux, 500",-27.5679277,-48.5110261,"Loja com 39,32m².Ideal para você que deseja expandir sua empresa.",ponto-comercial,https://www.chavesnamao.com.br/imovel/ponto-comercial-para-alugar-sc-florianopolis-joao-paulo-RS2555/id-2371772/,joao-paulo,3006.0,,,
393,2700,750.0,68.0,2,2,1,"Rodovia João Paulo, 710",-27.56615,-48.51523,"Belíssima vista para o mar! Sala de estar com sacada, piso cerâmico, 2 dormitórios, sendo 01 suite, cozinha, área de serviço, 01 vaga de garagem. Condomínio c/ piscina, elevador, playground, quadra poliesportiva, churrasqueira coletiva e portaria 24hs.",apartamento,https://www.chavesnamao.com.br/imovel/apartamento-para-alugar-2-quartos-com-garagem-sc-florianopolis-joao-paulo-68m2-RS2700/id-21657357/,joao-paulo,3450.0,820879.97,4104.39985,0.18968111594202886
394,3500,805.0,80.0,3,2,1,"Rodovia João Paulo, 710",-27.56615,-48.51523,"Ótima oportunidade de apartamento para locação no bairro João Paulo em Florianópolis.   O imóvel, situado no empreendimento ORIANO BOULEVARD, possui área privativa de 80.13m² e conta com 3 dormitórios (sendo 1 suíte), sacada, cozinha com armários e 2 banheiros sociais e 1 vaga de garagem.  Entre em contato e agende sua visita agora mesmo.",apartamento,https://www.chavesnamao.com.br/imovel/apartamento-para-alugar-3-quartos-com-garagem-sc-florianopolis-joao-paulo-120m2-RS3500/id-21771256/,joao-paulo,4305.0,792134.37,3960.67185,-0.07998331010452953
395,3500,805.0,80.0,3,2,1,"Rodovia João Paulo, 710",-27.56615,-48.51523,"Excelente apartamento amplo com vista para o mar no bairro João Paulo em Florianópolis, com 3 quartos, sendo 1 suíte, sacada fechada com Reik, sala de estar e sala de jantar, cozinha planejada, armários embutidos, área de serviço, banheiro social, box blindex, e 1 vaga de garagem coberta.  Duas torres divididas em quatro blocos sendo um elevador para cada bloco, hall de entrada, portaria 24 horas, vagas de garagens privativas, vagas para visitantes, aquecimento central, oferece piscina, quadra de esportes, churrasqueira. Localizado próximo ao limite entre a região central e o norte da Ilha de Santa Catarina, próximo aos bairros do Itacorubi, do Saco Grande e de Monte Verde. Trata-se de uma área residencial, com prédios e condomínios residenciais de alto padrão. A proximidade do mar e o fato de que o João Paulo é separado da Rodovia SC-401 por um morro, principal acesso à região norte, faz com que ele seja um lugar calmo e muito aprazível.",apartamento,https://www.chavesnamao.com.br/imovel/apartamento-para-alugar-3-quartos-com-garagem-sc-florianopolis-joao-paulo-120m2-RS3500/id-21572964/,joao-paulo,4305.0,792134.37,3960.67185,-0.07998331010452953
396,3800,1204.0,60.0,2,2,1,"Rodovia João Paulo, 497",-27.56824,-48.51528,"Apartamento de 2 dormitórios, sendo 1 suíte, com 60.1m² de área privativa. Localizado em João Paulo, em Florianópolis. O imóvel possui sala ampla, cozinha, área de serviço, banheiro social com box de vidro, 1 vaga de garagem, piso é em porcelanato e o prédio possui portão eletrônico. Além disso, o apartamento está no 3º andar de um prédio com 5 andares, com apenas 6 apartamentos por andar. Venha conhecer esse ótimo apartamento! Entre em contato para agendar uma visita.  ALGUNS ENCARGOS AINDA VÃO SER ATUALIZADOS****",apartamento,https://www.chavesnamao.com.br/imovel/apartamento-para-alugar-2-quartos-com-garagem-sc-florianopolis-joao-paulo-RS3800/id-18383066/,joao-paulo,5004.0,810209.605,4051.048025,-0.19043804456434854
397,3800,765.0,72.0,2,1,1,"Adolfo Gonçalves De Aguiar, 161",-27.5698,-48.51082,"Apartamento com 2 quartos para alugar na adolfo gonçalves de aguiar, 161, joão paulo, florianópolis, 72 m2 por r$ 3.800",apartamento,https://www.chavesnamao.com.br/imovel/apartamento-para-alugar-2-quartos-com-garagem-sc-florianopolis-joao-paulo-95m2-RS3800/id-22422425/,joao-paulo,4565.0,660186.84,3300.9341999999997,-0.27690378970427165
398,3980,400.0,49.0,1,1,1,"Servidão Natalicia Pereira, 109",-27.4445483,-48.4019605,"Apartamento semi mobiliado com 49m² de área privativa, localizado no bairro João Paulo.  Imóvel com salas de estar e jantar integradas, cozinha com armários, 1 suíte com armários e 1 vaga de garagem.   Imóvel será mobiliado com os móveis embutidos conforme fotos ilustrativas, não será entregue com decoração e eletrodomésticos.   Agende já uma visita através do nosso plantão de vendas pelo telefone (48)   ou pelo WhatsApp (48) 9865- 9090.  Aguardamos seu contato!   Será ainda de responsabilidade do locatário, o pagamento de seguro incêndio, energia elétrica, água e demais encargos. Sobre o valor do condomínio, poderá haver fundo de reserva e rateio, que serão pagos pelo locatário, podendo ser ressarcidos posteriormente. Estas informações são de responsabilidade do proprietário e poderão ser alteradas a qualquer momento. Os valores anunciados de Condomínio, IPTU, Laudêmio, TCRS e outras taxas que por ventura venham a incidir sobre este imóvel são aproximados. Solicite o valor atualizado. A visualização de mobília nas imagens não significa que o mesmo será comercializado mobiliado.  EMPRESA: Na Invista, você encontra uma equipe altamente qualificada e dedicada a te guiar na jornada de encontrar o imóvel ideal. Com mais de 14 anos de experiência, construímos uma sólida reputação de satisfação e amizade com nossos clientes. Nossa carteira de imóveis conta com mais de 3000 unidades, com diversas opções para atender às suas necessidades e orçamento Nossa loja está situada na Av. Gov. Ivo Silveira n° 464, oferecendo fácil acesso e comodidade para você.  Venha nos visitar e tomar um café conosco, teremos o prazer de te apresentar as melhores opções de imóveis na Ilha e no Continente. Temos o imóvel perfeito para você!",apartamento,https://www.chavesnamao.com.br/imovel/apartamento-para-alugar-1-quarto-com-garagem-sc-florianopolis-joao-paulo-78m2-RS3980/id-20376676/,joao-paulo,4380.0,578660.5166666666,2893.302583333333,-0.3394286339421614
399,4000,992.0,109.0,4,2,2,"Rodovia João Paulo, 764",-27.56577,-48.51581,"Ótimo apartamento para alugar no bairro João Paulo, em Florianópolis. Localizado no empreendimento JARDINS DO ARVOREDO, com 109,88m² de área útil, 4 dormitórios sendo 1 suíte. O imóvel conta ainda com sala, sacada com churrasqueira, cozinha com moveis sob medida, área e banheiro de serviço, banheiro social com box de vidro e 1 vaga de garagem. Aproveite essa oportunidade de alugar um imóvel em ótimo estado de conservação. Agende uma visita!",apartamento,https://www.chavesnamao.com.br/imovel/apartamento-para-alugar-4-quartos-com-garagem-sc-florianopolis-joao-paulo-RS4000/id-1022474/,joao-paulo,4992.0,1208560.793333333,6042.8039666666655,0.21049758947649555
400,4065,678.0,62.0,,1,1,"Rodovia José Carlos Daux, 500",-27.5679277,-48.5110261,"Sala comercial com 62 m², lavabo. Ideal para você que deseja começar ou expandir seu negócio no bairro João Paulo.",ponto-comercial,https://www.chavesnamao.com.br/imovel/sala-comercial-para-alugar-1-sala-com-garagem-sc-florianopolis-joao-paulo-RS4065/id-14070444/,joao-paulo,4743.0,,,
401,4200,0.0,54.0,,1,,"Rodovia João Paulo, 1291",-27.56188,-48.5162,"Loja comercial com 54m²! Possui excelente e amplo espaço e lavabo. Ideal pra você que quer abrir ou expandir seu imóvel.   Observação do anunciante: Por ser prédio novo, ainda sem informações de condomínio, IPTU e TCRS, todavia será devido pelo locatário.",ponto-comercial,https://www.chavesnamao.com.br/imovel/ponto-comercial-para-alugar-1-sala-sc-florianopolis-joao-paulo-RS4200/id-11222067/,joao-paulo,4200.0,,,
402,5200,1298.0,75.0,2,3,2,"Rua Júlio Vieira, 305",-27.56554,-48.51651,"Ótimo apartamento para aluguel no bairro João Paulo em Florianópolis. O imóvel possui área privativa de 75.48m², com 2 dormitórios, sendo 1 suite. O imóvel comta com sala ampla, sacada com churrasqueira, cozinha planejada, área de serviço, banheiro social com box de vidro, lavabo, piso porcelanato e 02 vagas de garagem. Ótima localização, próximo a comércios e serviços. Não perca essa oportunidade, agende uma visita!",apartamento,https://www.chavesnamao.com.br/imovel/apartamento-para-alugar-2-quartos-com-garagem-sc-florianopolis-joao-paulo-98m2-RS5200/id-19608746/,joao-paulo,6498.0,1262910.06,6314.550300000001,-0.02823171745152342
403,5200,1801.0,75.0,2,3,2,"Rua Júlio Vieira, 305",-27.5651836,-48.5174387,"Características da unidade: - Apartamento com 2 dormitórios (1 suíte) - 2 vagas de garagem  - Sala para 2 ambientes (estar e jantar)  - Sacada com churrasqueira  - Cozinha - Banheiro social - Lavabo - Área de serviço  No Bairro João Paulo em Florianópolis, a poucos metros da SC-401, tem fácil acesso ao Centro, Itacorubi e praias no Norte da Ilha. Está localizado próximo ao Parque Tecnológico Alfa, Floripa Shopping e ao Primavera Garden Center/Mercadoteca/Acate. A região é bem atendida por boa variedade de serviços essenciais tais como bancos, supermercados, farmácias, clínicas, academias, escolas, entre outros, e possui várias opções de lazer, restaurantes, bares e cafés.  Outras informações: Face principal oeste com vista parcial para o mar. Piso porcelanato. Apartamento semi mobiliado com armários em todos os cômodos. Split instalado nos dormitórios. Persianas nos dormitórios.   Características do prédio: - Piscina - Salão de Festas - Academia  - Cinema - Brinquedoteca - Playground - Espaço gourmet - Adega",apartamento,https://www.chavesnamao.com.br/imovel/apartamento-para-alugar-2-quartos-com-garagem-sc-florianopolis-joao-paulo-157m2-RS5200/id-19142365/,joao-paulo,7001.0,1262910.06,6314.550300000001,-0.09805023568061699
404,5282,793.0,66.0,,1,,"Rodovia José Carlos Daux, 8600",-27.50778,-48.51336,"Espaço office com 66m², possui 1 banheiro e uma área coletiva de cozinha.  Imóvel fica dentro do empreendimento Corporate Park.   Agende já uma visita através do nosso plantão de vendas pelo telefone (48)   ou pelo whatsapp (48) 99865- 9090. Aguardamos seu contato!  Será ainda de responsabilidade do locatário, o pagamento de seguro incêndio, energia elétrica, água e demais encargos. Sobre o valor do condomínio, poderá haver fundo de reserva e rateio, que serão pagos pelo locatário, podendo ser ressarcidos posteriormente. Estas informações são de responsabilidade do proprietário e poderão ser alteradas a qualquer momento. Os valores anunciados de Condomínio, IPTU, Laudêmio, TCRS e outras taxas que por ventura venham a incidir sobre este imóvel são aproximados. Solicite o valor atualizado. A visualização de mobília nas imagens não significa que o mesmo será comercializado mobiliado.  SOBRE O BAIRRO: Apesar do nome, o Centro está localizado no oeste da Ilha de Santa Catarina, entre o Morro da Cruz e o mar, no ponto mais próximo ao continente. Coração político da capital e do estado, o Centro já recebeu figuras ilustres como Dom Pedro II e foi palco da Novembrada, grande manifestação popular que ocorreu durante a visita do último presidente do regime militar, João Baptista Figueiredo. Foi ali que Francisco Dias Velho desembarcou pela primeira vez, fundando o povoado de Nossa Senhora do Desterro. EMPRESA: A Invista conta com profissionais especializados no mercado imobiliário e possui duas lojas, a Matriz no Centro e uma Filial no Estreito, em pontos nobres com estacionamento. Temos mais de 14 anos de experiência sempre satisfazendo nossos clientes e fazendo amigos. Nossa pauta possui mais de 3000 imóveis com diversas opções na Ilha e no Continente. Venha tomar um café conosco e conferir o que temos de melhor pra você.",ponto-comercial,https://www.chavesnamao.com.br/imovel/sala-comercial-para-alugar-2-salas-sc-florianopolis-joao-paulo-RS5282/id-19658606/,joao-paulo,6075.0,,,
405,5900,920.0,75.0,2,2,2,"Rodovia João Paulo, 1267",-27.562,-48.51609,"Apartamento de 2 dormiórios para aluguel em Florianópolis, no bairro João Paulo. Com 75.58m² de área privativa, esse apartamento possui 2 dormitórios, sendo 2 suítes com sacada, sala ampla, cozinha com armários, área de serviço, lavabo, banheiro social com box de vidro, 2 vagas de garagem. Localizado em uma ótima região, próximo a rodovia.  ALGUNS ENCARGOS AINDA VÃO SER ATUALIZADOS****",apartamento,https://www.chavesnamao.com.br/imovel/apartamento-para-alugar-2-quartos-com-garagem-sc-florianopolis-joao-paulo-RS5900/id-13444682/,joao-paulo,6820.0,1064259.05,5321.29525,-0.21975142961876826
406,5900,1202.0,70.0,2,2,2,"Rua Júlio Vieira, 305",-27.56554,-48.51651,"Apartamento com 2 quartos para alugar na rua júlio vieira, 305, joão paulo, florianópolis, 70 m2 por r$ 5.900",apartamento,https://www.chavesnamao.com.br/imovel/apartamento-para-alugar-2-quartos-com-garagem-sc-florianopolis-joao-paulo-100m2-RS5900/id-22011416/,joao-paulo,7102.0,996716.49,4983.58245,-0.29828464517037456
407,6000,1043.0,106.0,3,2,1,"Rodovia João Paulo, 1030",-27.56367,-48.51649,"Excelente oportunidade de Locação no João Paulo.  O imóvel conta com ambientes planejados, proporcionando uma combinação única e especial. Possui 03 dormitórios sendo 1 suíte, sala de estar com lareira, cozinha e sala de jantar integradas,, área de serviço, vaga de garagem dupla e hobby box. atendendo às suas necessidades e estilo de vida.  O condomínio oferece portaria remota, elevador, zeladoria, salão de festas, playground e quadra de esportes. Essas comodidades proporcionam momentos de lazer e diversão para você e sua família.  Agende uma visita e conheça seu novo imóvel! Dalton Andrade Imóveis - Sua garantia imobiliária. Contato: Loja Centro: (48)   Loja Trindade: (48)   ",apartamento,https://www.chavesnamao.com.br/imovel/apartamento-para-alugar-3-quartos-com-garagem-sc-florianopolis-joao-paulo-134m2-RS6000/id-22327595/,joao-paulo,7043.0,842290.75,4211.45375,-0.40203695158313224
408,6720,0.0,158.0,,2,2,"Rodovia João Paulo, 224",-27.57047,-48.51384,"Este galpão é verdadeiramente excepcional para empresas ou fábricas em busca de um espaço expansivo e versátil. Com uma área ampla e generosa, proporciona amplo espaço para armazenamento de estoque e produção. Além disso, o imóvel oferece um mezanino na parte superior, que foi inteligentemente concebido para servir como escritório ou área de trabalho para uma equipe de 10 ou mais colaboradores.  O mezanino está equipado com um sistema de ar condicionado já instalado, garantindo um ambiente de trabalho confortável durante todo o ano. Você ficará impressionado com a praticidade do espaço, pois ele inclui armários e mesas planejadas que permanecerão no local para facilitar a organização e a eficiência operacional. Importante ressaltar que apenas ferramentas de trabalho serão removidas, deixando os móveis planejados à disposição.    Este imóvel é a combinação perfeita de espaço, funcionalidade e conforto, criando um ambiente de trabalho ideal para sua empresa ou fábrica prosperarem.   Garagem privativa para 2 carros em frente o Galpão.",galpao,https://www.chavesnamao.com.br/imovel/galpao-para-alugar-com-garagem-sc-florianopolis-joao-paulo-170m2-RS6720/id-20392889/,joao-paulo,6720.0,,,
409,6800,834.0,130.0,,,,"Rodovia João Paulo, 1840",-27.55729,-48.51415,"Ótima loja para aluguel na Rodovia João Paulo em Florianópolis. Com área privativa de 130m² e área total de 150m². Possui 4 salas, copa, lavabo e piso em porcelanato/cerâmico. Localizada em uma região privilegiada com sol da tarde. Não perca essa chance, agende sua visita agora!   ALGUNS ENCARGOS AINDA VÃO SER ATUALIZADOS****  O bairro João Paulo está localizado próximo ao limite entre a região central e o norte da Ilha de Santa Catarina, próximo aos bairros do Itacorubi, do Saco Grande e de Monte Verde. Trata-se de uma área residencial, com prédios e condomínios residenciais de alto padrão. A proximidade do mar e o fato de que o João Paulo é separado da Rodovia SC-401 por um morro, principal acesso à região norte, faz com que ele seja um lugar calmo e muito aprazível.",ponto-comercial,https://www.chavesnamao.com.br/imovel/ponto-comercial-para-alugar-4-salas-sc-florianopolis-joao-paulo-150m2-RS6800/id-19360182/,joao-paulo,7634.0,,,
410,9000,1558.0,156.0,,2,,"Rodovia José Carlos Daux, 500",-27.5679277,-48.5110261,"Auxiliadora Predial aluga sala comercial de 156,72m².   A sala fica no primeiro pavimento do Techno Towers e conta com dois banheiros e sala de depósito, mais duas vagas de garagem no estacionamento.  Localizado no início da SC 401, no principal entroncamento viário da ilha, o Techno Towers é um empreendimento empresarial moderno e sustentável, com fácil acesso para as principais regiões de Florianópolis.   Agende hoje mesmo a sua visita!",ponto-comercial,https://www.chavesnamao.com.br/imovel/sala-comercial-para-alugar-sc-florianopolis-joao-paulo-215m2-RS9000/id-20340183/,joao-paulo,10558.0,,,
411,9000,1697.0,156.0,,1,2,"Rodovia Sc - 401, 500",-27.55436,-48.50078,"Sala comercial de 156m², oferece cabeamento estruturado, ar central, piso de carpete e duas vagas de garagem, um diferencial importante para o seu negócio.   Localizada no início da SC-401, a sala está próxima a shoppings, bancos, supermercados e restaurantes, além de estar ao lado do Parque Tecnológico Alfa, um polo de inovação.  Agende já uma visita através do nosso plantão de vendas pelo telefone (48)   ou pelo WhatsApp (48) 9 9865- 9090. Aguardamos seu contato!  Será ainda de responsabilidade do locatário, o pagamento de seguro incêndio, energia elétrica, água e demais encargos. Sobre o valor do condomínio, poderá haver fundo de reserva e rateio, que serão pagos pelo locatário, podendo ser ressarcidos posteriormente. Estas informações são de responsabilidade do proprietário e poderão ser alteradas a qualquer momento. Os valores anunciados de Condomínio, IPTU, Laudêmio, TCRS e outras taxas que por ventura venham a incidir sobre este imóvel são aproximados. Solicite o valor atualizado. A visualização de mobília nas imagens não significa que o mesmo será comercializado mobiliado.  EMPRESA: Na Invista, você encontra uma equipe altamente qualificada e dedicada a te guiar na jornada de encontrar o imóvel ideal. Com mais de 14 anos de experiência, construímos uma sólida reputação de satisfação e amizade com nossos clientes. Nossa carteira de imóveis conta com mais de 3000 unidades, com diversas opções para atender às suas necessidades e orçamento Nossa loja está situada na Av. Gov. Ivo Silveira n° 464, oferecendo fácil acesso e comodidade para você.  Venha nos visitar e tomar um café conosco, teremos o prazer de te apresentar as melhores opções de imóveis na Ilha e no Continente.",ponto-comercial,https://www.chavesnamao.com.br/imovel/sala-comercial-para-alugar-1-sala-com-garagem-sc-florianopolis-joao-paulo-215m2-RS9000/id-22023859/,joao-paulo,10697.0,,,
412,9000,1570.0,156.0,,2,2,"Rodovia José Carlos Daux, 500",-27.5679277,-48.5110261,"Sala comercial com 156,72m²! Possui excelente e amplo espaço, lavabo e banheiro social. Ideal pra você que quer abrir ou expandir seu negócio.  ALGUNS ENCARGOS AINDA VÃO SER ATUALIZADOS****",ponto-comercial,https://www.chavesnamao.com.br/imovel/sala-comercial-para-alugar-1-sala-com-garagem-sc-florianopolis-joao-paulo-215m2-RS9000/id-15433502/,joao-paulo,10570.0,,,
413,9400,0.0,239.0,4,5,6,"Rodovia João Paulo, 1338",-27.56144,-48.51617,"Casa comercial no João Paulo com estacionamento amplo, piso inferior com salão amplo, cozinha, banheiro social, área de serviço. Piso superior com entrada independente com 4 dormitórios, sendo 1 suíte com hidromassagem, sala de estar e jantar e 2 banheiros.  Agende uma visita e conheça todos os detalhes do seu imóvel! Dalton Andrade Imóveis, a sua garantia imobiliária!  Ligue: (48)   - loja centro  (48)   - loja trindade (48)  - WhatsApp  (link removido)  CRECI: 3377-J",casa,https://www.chavesnamao.com.br/imovel/casa-para-alugar-4-quartos-com-garagem-sc-florianopolis-joao-paulo-614m2-RS9400/id-17987559/,joao-paulo,9400.0,,,
414,10186,1567.0,156.0,,,2,"Rodovia José Carlos Daux, 500",-27.5679277,-48.5110261,"Sala com 155m². Possui amplo espaço dividido em 4 ambientes, 2 lavabos e piso porcelanato. Ideal para você que deseja abrir ou expandir o seu negócio.",ponto-comercial,https://www.chavesnamao.com.br/imovel/sala-comercial-para-alugar-1-sala-com-garagem-sc-florianopolis-joao-paulo-RS10186/id-6473894/,joao-paulo,11753.0,,,
415,11588,1112.0,210.0,,,4,"Rodovia José Carlos Daux, 4633",-27.5218576,-48.5148149,"Excelente oportunidade de aluguel de sala comercial no JCK BUSINESS HALL, localizado na Rodovia José Carlos Daux, no bairro João Paulo em Florianópolis - SC. A sala possui 210.7m² de área privativa. A localização estratégica proporciona facilidade de acesso e visibilidade para o seu negócio. Entre em contato para mais informações!",ponto-comercial,https://www.chavesnamao.com.br/imovel/sala-comercial-para-alugar-1-sala-com-garagem-sc-florianopolis-joao-paulo-RS11588/id-20052441/,joao-paulo,12700.0,,,
416,11754,1567.0,156.0,,1,1,"Rodovia José Carlos Daux, 500",-27.5679277,-48.5110261,"Conjunto de 4 salas com 156,72 m², lavabo, copa . Ideal para você que deseja começar ou expandir seu negócio no bairro João Paulo.",ponto-comercial,https://www.chavesnamao.com.br/imovel/sala-comercial-para-alugar-4-salas-com-garagem-sc-florianopolis-joao-paulo-RS11754/id-14221722/,joao-paulo,13321.0,,,
417,12727,1201.0,231.0,,5,4,"Rodovia José Carlos Daux, 4633",-27.5218576,-48.5148149,"Excelente oportunidade de aluguel de sala comercial no JCK BUSINESS HALL, localizado na Rodovia José Carlos Daux, no bairro Saco Grande em Florianópolis. O imóvel possui 231.41m² de área privativa, copa, 5 lavabos e 4 vagas de garagem. Não perca essa chance de estabelecer seu negócio em um local privilegiado. Entre em contato para mais informações.",ponto-comercial,https://www.chavesnamao.com.br/imovel/sala-comercial-para-alugar-1-sala-com-garagem-sc-florianopolis-joao-paulo-RS12727/id-20052438/,joao-paulo,13928.0,,,
418,12771,3357.0,273.0,,1,5,"Servidão Manoel Libânio da Costa, 469",-27.56858,-48.51027,"Sala comercial com 273,66 m², mezanino, piso porcelanato, lavabo compartilhado com o andar, vagas de garagem  O prédio conta com elevador, hall de entrada, copa compartilhada, vagas de garagem.   O bairro João Paulo está localizado próximo ao limite entre a região central e o norte da Ilha de Santa Catarina, próximo aos bairros do Itacorubi, do Saco Grande e de Monte Verde. Trata-se de uma área residencial, com prédios e condomínios residenciais de alto padrão. A proximidade do mar e o fato de que o João Paulo é separado da Rodovia SC-401 por um morro, principal acesso à região norte, faz com que ele seja um lugar calmo e muito aprazível.",ponto-comercial,https://www.chavesnamao.com.br/imovel/sala-comercial-para-alugar-1-sala-com-garagem-sc-florianopolis-joao-paulo-273m2-RS12771/id-12977773/,joao-paulo,16128.0,,,
419,14351,1380.0,260.0,,,5,"Rodovia José Carlos Daux, 4633",-27.5218576,-48.5148149,"Amplo espaço de 260m² disponível para aluguel no empreendimento JCK BUSINESS HALL, localizado na Rodovia José Carlos Daux, no bairro Saco Grande em Florianópolis. O imóvel conta com 5 vagas de garagem e 4 elevadores, sendo ideal para empresas que necessitam de um ambiente acessível a deficientes físicos. A localização privilegiada oferece fácil acesso a diferentes pontos da cidade. Aproveite essa oportunidade de alugar um espaço de qualidade para o seu negócio. Agende uma visita!",ponto-comercial,https://www.chavesnamao.com.br/imovel/sala-comercial-para-alugar-1-sala-com-garagem-sc-florianopolis-joao-paulo-RS14351/id-20052442/,joao-paulo,15731.0,,,
420,15000,0.0,430.0,3,4,4,"Rua Gérson Luiz Renzetti, 1",-27.5640297,-48.5188949,"Belíssima casa mobiliada, situada no bairro João Paulo / Florianópolis, de 3 dormitórios, sendo 1 com suíte máster, banheira de hidromassagem, closet, sacada com vista para beira mar norte, ar condicionado, sala de jantar e sala de estar com lareira, linda área externa com piscina e espaço para festas, área gourmet com churrasqueira, lavabo, jardim de inverno, ampla cozinha toda mobiliada com despensa e móveis planejados, área de serviço. A casa possui 4 vagas de garagem, e ótimo espaço para montar sua academia privativa.      Seguro incêndio anual: R$ 2.191,58.   Agende sua visita (48)  .",casa,https://www.chavesnamao.com.br/imovel/casa-para-alugar-3-quartos-com-garagem-sc-florianopolis-joao-paulo-520m2-RS15000/id-13817909/,joao-paulo,15000.0,,,
421,17000,0.0,485.0,5,8,7,"Rua Júlio Vieira, 89",-27.56675,-48.51617,"Casa residencial, de 3 pavimentos com 485m² de área privativa em um terreno com 932m², localizado no bairro João Paulo com vista para o mar.   Imóvel dividido em: 1°andar com 4 vagas de garagem coberta, área de festa com churrasqueira, banheiro social, jacuzzi aquecida, quintal com área verde e balanço na árvore.   2° andar com sala de jantar, sala de estar com lareira a carvão, cozinha, sacada ampla com vista mar, lavabo, área de escritório, hall de entrada.   3° andar com quarto transformado em sala, banheiro social, 3 suítes sendo uma com hidromassagem e closet, (todos quartos com sacada e ar condicionado).   Agende já uma visita através do nosso plantão pelo telefone (48)   ou pelo whatsapp (48) 99865- 9090. Aguardamos seu contato!   Será ainda de responsabilidade do locatário, o pagamento de seguro incêndio, energia elétrica, água e demais encargos. Sobre o valor do condomínio, poderá haver fundo de reserva e rateio, que serão pagos pelo locatário, podendo ser ressarcidos posteriormente. Estas informações são de responsabilidade do proprietário e poderão ser alteradas a qualquer momento. Os valores anunciados de Condomínio, IPTU, Laudêmio, TCRS e outras taxas que por ventura venham a incidir sobre este imóvel são aproximados. Solicite o valor atualizado. A visualização de mobília nas imagens não significa que o mesmo será comercializado mobiliado.   EMPRESA: A Invista conta com profissionais especializados no mercado imobiliário e possui duas lojas, a Matriz no Centro e uma Filial no Estreito, em pontos nobres com estacionamento. Temos mais de 13 anos de experiência sempre satisfazendo nossos clientes e fazendo amigos. Nossa pauta possui mais de 3000 imóveis com diversas opções na Ilha e no Continente. Venha tomar um café conosco e conferir o que temos de melhor pra você.",casa,https://www.chavesnamao.com.br/imovel/casa-para-alugar-5-quartos-com-garagem-sc-florianopolis-joao-paulo-932m2-RS17000/id-17510943/,joao-paulo,17000.0,,,
422,17000,0.0,485.0,5,5,4,"Rua Júlio Vieira, 89",-27.56675,-48.51617,"Casa com 5 quartos no Bairro João Paulo em Florianópolis. Ótima opção pra quem busca um refugio para morar com a família, amplo terreno, áreas de vegetação e linda vista de contemplação para a natureza e mar. No Bairro João Paulo, a poucos metros da SC-401, tem fácil acesso ao Centro, Itacorubi e praias no Norte da Ilha. Está localizado próximo ao Parque Tecnológico Alfa, Floripa Shopping e ao Primavera Garden Center, Mercadoteca e Acate. A região é bem atendida por boa variedade de serviços essenciais tais como bancos, supermercados, farmácias, clínicas, academias, escolas, entre outros, e possui várias opções de lazer, restaurantes, bares e cafés. Agende sua visita com o corretor.",casa,https://www.chavesnamao.com.br/imovel/casa-para-alugar-5-quartos-com-garagem-sc-florianopolis-joao-paulo-932m2-RS17000/id-20363562/,joao-paulo,17000.0,,,
423,17000,0.0,932.8,5,5,4,"Rua Júlio Vieira, 89",-27.56675,-48.51617,"Linda casa à venda no bairro João Paulo em Florianópolis. O imóvel possui 5 dormitórios, sendo todos suítes, além de 5 banheiros sociais. São 4 vagas na garagem.  A localização é privilegiada, próximo a comércios e serviços. Conta com diversas características como água quente, alarme, ar condicionado, churrasqueira, escritório, hidromassagem, lareira, lavabo, sacada, entre outros.",casa,https://www.chavesnamao.com.br/imovel/casa-para-alugar-5-quartos-com-garagem-sc-florianopolis-joao-paulo-932800m2-RS17000/id-22398768/,joao-paulo,17000.0,,,
424,17000,0.0,485.0,5,4,4,"Rua Júlio Vieira, 89",-13.90108184065817,-50.713421874999995,"No Bairro João Paulo, a poucos metros da SC-401, tem fácil acesso ao Centro, Itacorubi e praias no Norte da Ilha. Está localizado próximo ao Parque Tecnológico Alfa, Floripa Shopping e ao Primavera Garden Center/Mercadoteca/Acate. A região é bem atendida por boa variedade de serviços essenciais tais como bancos, supermercados, farmácias, clínicas, academias, escolas, entre outros, e possui várias opções de lazer, restaurantes, bares e cafés.   Características da unidade: - Casa com 5 dormitórios (3 suítes) - Suíte principal com closet e hidromassagem  - Garagem para 4 carros - Sala para 2 ambientes (jantar/estar) com sacada panorâmica  - Sala de TV  - Sala intima com sacada - Espaço gourmet - Escritório - Cozinha - Área de serviço - Banheiro Social - Lavabo - Jacuzzi - Outras informações: Vista parcial para o mar. Piso cerâmico. Casa semi mobiliada com armários na cozinha, área de serviço, banheiros e dormitórios. Ar condicionado instalado na sala e dormitórios. Ampla área externa com jardim.",casa,https://www.chavesnamao.com.br/imovel/casa-para-alugar-5-quartos-com-garagem-sc-florianopolis-joao-paulo-932m2-RS17000/id-13763653/,joao-paulo,17000.0,,,
425,23323,2287.0,424.0,,,9,"Rodovia José Carlos Daux, 4633",-27.5218576,-48.5148149,"Excelente oportunidade de aluguel de sala comercial no JCK BUSINESS HALL, localizado na Rodovia José Carlos Daux, no bairro Saco Grande em Florianópolis. Sala com 424.07m² de área privativa e 9 vagas de estacionamento. Aproveite essa oportunidade única de ter a sua empresa em um dos melhores endereços comerciais da região. Entre em contato para mais informações e agendamento de visita.",ponto-comercial,https://www.chavesnamao.com.br/imovel/sala-comercial-para-alugar-1-sala-com-garagem-sc-florianopolis-joao-paulo-RS23323/id-20052443/,joao-paulo,25610.0,,,
426,25000,0.0,585.0,6,4,8,"Rua João Pio do Vale Pereira, 137",-27.56144,-48.51766,"Casa com infraestrutura de lazer completa, 585m² de área privativa, localizada no João Paulo com lindíssima vista mar. Imóvel semi mobiliado, sala de estar com mesa de sinuca, sala de jantar, lavabo, cozinha, despensa, área de serviço, sacadas, escritório, 6 quartos sendo 3 suítes + 1 suíte máster com closet medindo 127m², 4 banheiros e 8 vagas de garagem sendo 3 coberta e 5 descobertas.   Espaço gourmet com churrasqueira e fogão campeiro.  Área externa: Quiosque, casa de apoio para colaboradores, piscina, campo de futebol e um terreno muito generoso de mais de 1700 m² com um paisagismo exuberante   Agende já uma visita através do nosso plantão de vendas pelo telefone (48)   ou pelo whatsapp (48) 9 9865- 9090. Aguardamos seu contato!   Será ainda de responsabilidade do locatário, o pagamento de seguro incêndio, energia elétrica, água e demais encargos. Sobre o valor do condomínio, poderá haver fundo de reserva e rateio, que serão pagos pelo locatário, podendo ser ressarcidos posteriormente. Estas informações são de responsabilidade do proprietário e poderão ser alteradas a qualquer momento. Os valores anunciados de Condomínio, IPTU, Laudêmio, TCRS e outras taxas que por ventura venham a incidir sobre este imóvel são aproximados. Solicite o valor atualizado. A visualização de mobília nas imagens não significa que o mesmo será comercializado mobiliado.   EMPRESA: A Invista conta com profissionais especializados no mercado imobiliário e possui duas lojas, a Matriz no Centro e uma Filial no Estreito, em pontos nobres com estacionamento. Temos mais de 14 anos de experiência sempre satisfazendo nossos clientes e fazendo amigos. Nossa pauta possui mais de 3000 imóveis com diversas opções na Ilha e no Continente. Venha tomar um café conosco e conferir o que temos de melhor pra você.",casa,https://www.chavesnamao.com.br/imovel/casa-para-alugar-6-quartos-com-garagem-sc-florianopolis-joao-paulo-585m2-RS25000/id-17511244/,joao-paulo,25000.0,,,
427,34806,5098.0,535.0,,,9,"Rodovia José Carlos Daux, 500",-27.5679277,-48.5110261,"Sala comercial com 535m²!! Possui 3 salas amplas, 3 lavabos e piso cerâmico. Ideal para você que quer abrir ou expandir sua empresa!!",ponto-comercial,https://www.chavesnamao.com.br/imovel/sala-comercial-para-alugar-3-salas-com-garagem-sc-florianopolis-joao-paulo-RS34806/id-2371776/,joao-paulo,39904.0,,,
428,36300,6050.0,650.0,,6,16,"Rodovia José Carlos Daux, 500",-27.5679277,-48.5110261,Sala com 650 m². Dividido em 6 ambientes com lavabo e piso porcelanato. Ideal para você que deseja abrir ou expandir o seu negócio.,ponto-comercial,https://www.chavesnamao.com.br/imovel/sala-comercial-para-alugar-6-salas-com-garagem-sc-florianopolis-joao-paulo-RS36300/id-2371781/,joao-paulo,42350.0,,,
429,39325,6050.0,650.0,,16,16,"Rodovia José Carlos Daux, 500",-27.5679277,-48.5110261,"Conjunto de 16 salas, todos com lavabo individual, 650 metros. Ideal para você que deseja começar ou expandir seu negócio no bairro João Paulo.",ponto-comercial,https://www.chavesnamao.com.br/imovel/sala-comercial-para-alugar-16-salas-com-garagem-sc-florianopolis-joao-paulo-RS39325/id-14070430/,joao-paulo,45375.0,,,
430,40000,0.0,764.0,,,6,"Rodovia Rodovia Joao Paulo, 2300",-27.5544069,-48.5080055,"Prédio comercial novo, localizado na rodovia João Paulo, principal via do Bairro, próximo ao eixo das empresas de tecnologia e Floripa Shopping. Com arquitetura contemporânea e preparado para receber empresas de qualquer porte e segmento, conta com vista para o mar, elevador, 6 vagas de garagens para carro, sendo 1 PNE, 11 vagas para moto no térreo e 764,56m² construídos.  3 pavimentos tipo com lavabo e ponto para copa, com aproximadamente 112,00m² cada, ático com depósito e terraço com vista panorâmica O prédio conta com cisterna, tubulação para lógica. Proprietário estuda imóvel como parte do pagamento. Área privativa de aproximadamente 764,56m²;",ponto-comercial,https://www.chavesnamao.com.br/imovel/sala-comercial-para-alugar-com-garagem-sc-florianopolis-joao-paulo-764m2-RS40000/id-17987272/,joao-paulo,40000.0,,,
431,208651,0.0,300.0,,5,76,"Rodovia José Carlos Daux, 4633",-27.5218576,-48.5148149,"Excelente oportunidade de aluguel de sala comercial no JCK BUSINESS HALL, localizado na Rodovia José Carlos Daux, no bairro João Paulo em Florianópolis - SC. A localização estratégica proporciona facilidade de acesso e visibilidade para o seu negócio. Entre em contato para mais informações! áreas de salas e lojas desde a 300m² a áreas superiores a 5.000m².  Venha conferir!",ponto-comercial,https://www.chavesnamao.com.br/imovel/sala-comercial-para-alugar-1-sala-com-garagem-sc-florianopolis-joao-paulo-RS208651/id-20052436/,joao-paulo,208651.0,,,
432,3100,360.0,50.0,1,1,1,"Servidão Natalicia Pereira, 361",-27.56153,-48.51711,"Apartamento de 1 dormitório no Bairro João Paulo, novinho, recém entregue. Bem localizado, ensolarado, ventilado e local tranquilo com cozinha planejada integrada com a sala e sacada. Condomínio com baixo custo e requinte elevado! Vamos agendar uma visita?  Valor do aluguel liquido R$ 3.100,00 Valor de aluguel bruto R$ 4.312,50 (desconto de 20% com pagamento até o vencimento) IPTU e TRS R$ 110,00 valor aprox Cotar seguro incêndio Vinícius Veloso (48) 9     Chave do anúncio: 7WRJ3g3FuwwW1sQl",apartamento,https://www.chavesnamao.com.br/imovel/apartamento-para-alugar-1-quarto-com-garagem-sc-florianopolis-joao-paulo-50m2-RS3100/id-19891241/,joao-paulo,3460.0,576463.8566666667,2882.3192833333337,-0.16695974470134867
433,1700,488.0,56.0,,1,,"Rua Rua Felipe Schmidt, 249",-27.5964456,-48.5524174,"Esta é a sua oportunidade de alugar uma sala exclusiva e desejada no Centro.  A sala oferece 55m², copa e banheiro. atendendo às suas necessidades profissionais.  Localizado no ARS, você desfrutará de diversos benefícios, incluindo elevadores, sistema de segurança por câmeras e zeladoria. Excelente localização na região Central com entrada pelos dois principais calçadões da região: o da Rua Felipe Schmidt e o da Rua Conselheiro Mafra. Essas comodidades adicionais garantem conveniência e conforto para você e seus clientes.  Agende uma visita e conheça seu novo imóvel! Dalton Andrade Imóveis - Sua garantia imobiliária. Contato: Loja Centro: (48)   Loja Trindade: (48)    ",ponto-comercial,https://www.chavesnamao.com.br/imovel/sala-comercial-para-alugar-sc-florianopolis-centro-56m2-RS1700/id-21578362/,jose-mendes,2188.0,,,
434,2950,675.0,55.0,2,1,,"Rua Álvaro de Carvalho, 346",-27.59463,-48.55235,"Apartamento em andar alto com 55m² de área privativa, localizado no Centro da Cidade próximo a todo comércio local.   Esquina da Álvaro de Carvalho com Esteves Junior.  Imóvel bem iluminado com sala de estar, vista parcial mar, cozinha, área de serviço, 2 quartos e 1 banheiro.   Recém reformado, pintura nova, piso novo vinílico em todo apto, espera para ar condicionado Split nos quartos, parte elétrica revisada e nova.   Agende já uma visita através do nosso plantão de vendas pelo telefone (48)   ou pelo WhatsApp (48) 9 9865- 9090. Aguardamos seu contato!  Será ainda de responsabilidade do locatário, o pagamento de seguro incêndio, energia elétrica, água e demais encargos. Sobre o valor do condomínio, poderá haver fundo de reserva e rateio, que serão pagos pelo locatário, podendo ser ressarcidos posteriormente. Estas informações são de responsabilidade do proprietário e poderão ser alteradas a qualquer momento. Os valores anunciados de Condomínio, IPTU, Laudêmio, TCRS e outras taxas que por ventura venham a incidir sobre este imóvel são aproximados. Solicite o valor atualizado. A visualização de mobília nas imagens não significa que o mesmo será comercializado mobiliado.  EMPRESA: A Invista conta com profissionais especializados no mercado imobiliário e possui duas lojas, a Matriz no Centro e uma Filial no Estreito, em pontos nobres com estacionamento. Temos mais de 13 anos de experiência sempre satisfazendo nossos clientes e fazendo amigos. Nossa pauta possui mais de 3000 imóveis com diversas opções na Ilha e no Continente. Venha tomar um café conosco e conferir o que temos de melhor pra você.",apartamento,https://www.chavesnamao.com.br/imovel/apartamento-para-alugar-2-quartos-sc-florianopolis-centro-66m2-RS2950/id-17564770/,jose-mendes,3625.0,756939.04,3784.6952,0.04405384827586212
435,2900,450.0,55.0,1,1,2,"Avenida Dos Búzios, 130",-27.44115,-48.48484,"Apartamento com ótima localização, perto de escolas, restaurantes, farmácias, mercados, clube de vela, Marinas e a 300metros da Bela praia de Jurerê.  O apartamento é composto por  um dormitório com sacada, banheiro, sala em plano aberto com a cozinha, varanda com churrasqueira, mobiliado e garagem para dois carros com portão eletrônico. Ligue e agende sua visita!!!! Atualizado em 24/06/2024 06:20:19.",apartamento,https://www.chavesnamao.com.br/imovel/apartamento-para-alugar-1-quarto-com-garagem-sc-florianopolis-jurere-55m2-RS2900/id-22191460/,jurere,3350.0,1171724.9,5858.6245,0.7488431343283581
436,3052,1.0,29.0,,1,1,"Rodovia Tertuliano Brito Xavier, 3720",-27.43873,-48.48226,"Localização privilegiada: Situado na desejável Rodovia Tertuliano Brito Xavier, este imóvel está estrategicamente posicionado próximo a uma variedade de comércios locais, facilitando o seu dia a dia.  Espaço confortável: Com 1 banheiro, esta sala/conjunto oferece uma solução prática e funcional para suas necessidades residenciais ou de investimento.  Vaga de garagem: Valorize a comodidade de ter uma vaga de garagem própria, uma vantagem que muitos procuram em áreas movimentadas como Jurerê.  Agende uma visita: Não perca a chance de conhecer de perto essa excelente opção de negócio. Agende agora mesmo uma visita e descubra tudo o que este imóvel tem a oferecer!",ponto-comercial,https://www.chavesnamao.com.br/imovel/sala-comercial-para-alugar-1-sala-com-garagem-sc-florianopolis-jurere-29m2-RS3052/id-22062662/,jurere,3053.0,,,
437,3300,165.0,26.0,,,,"Rua Deputado Paulo Preis, 596",-27.4449901,-48.4882147,"Loja comercial com 26m²!! Ideal para você que deseja abrir ou expandir o seu negócio.  Localização privilegiada em Jurerê, é hoje um dos bairros mais valorizado do Brasil e em tudo privilegia a cultura, ideal para você que deseja abrir ou expandir sua empresa.   ***30 dias de carência e desconto de R$ 500,00 por 3 meses.***",ponto-comercial,https://www.chavesnamao.com.br/imovel/ponto-comercial-para-alugar-1-sala-sc-florianopolis-jurere-RS3300/id-11644532/,jurere,3465.0,,,
438,3350,550.0,92.0,2,2,1,"Avenida Dos Búzios, 350",-27.4404092,-48.4937606,"Charmoso apartamento com vista da alameda a 350metros da praia de Jurerê, composto por 2 dormitórios sendo 1 deles suíte, cozinha com móveis planejados, área de serviço com tanque, sala de estar e jantar com varanda gourmet, sol da tarde na sala e sol da manhã nos quartos, condomínio tranquilo e perto do comércio e escolas da região queridinha do Norte da Ilha de Florianópolis.1 vaga de garagem, bicicletário, ducha externa para retorno da praia e 1 hobby box comum a todos. Ligue e agende sua visita!! Atualizado em 24/06/2024 06:20:19.",apartamento,https://www.chavesnamao.com.br/imovel/apartamento-para-alugar-2-quartos-com-garagem-sc-florianopolis-jurere-92m2-RS3350/id-22191459/,jurere,3900.0,1208653.29,6043.26645,0.5495555000000001
439,3900,570.0,70.0,2,1,1,"Rua Jurerê Tradicional, 404",-27.4437,-48.48383,"Apartamento 2 dormitórios Jurere  Desfrute do privilégio de morar no Condomínio Jurerê, em Florianópolis. Este apartamento de 70m2 é perfeito para o conforto e tranquilidade que você busca. Com 2 quartos sendo 1 suíte, é ideal para solteiros, casais ou pequenas famílias. Complementando, dispõe de 1 vaga de garagem coberta, garantindo a segurança do seu veículo. Sua localização no bairro Jurerê, um dos mais cobiçados da região, oferece comodidade, segurança e acesso fácil a serviços. A vida aqui é uma experiência de tranquilidade, conforto, e conveniência que você merece! Interessado? Entre em contato e faça parte desse estilo de vida!   Tags: Florianopolis Jurerê ApartamentoparaLocação MoraremFloripa CondominioJurerê ImovelFloripa AluguelFloripa Agende visita sem compromisso. Valores sujeito a alteração sem aviso prévio, consulte disponibilidade. Rev: 60",apartamento,https://www.chavesnamao.com.br/imovel/apartamento-para-alugar-2-quartos-com-garagem-sc-florianopolis-jurere-70m2-RS3900/id-21891634/,jurere,4470.0,927531.61,4637.65805,0.03750739373601797
440,4220,350.0,72.0,2,1,1,"Rua Professor Manoel do Lago Almeida, 204",-27.44131,-48.48978,"Localização privilegiada: Situado na prestigiada Rua Professor Manoel do Lago Almeida, este imóvel está convenientemente próximo a uma variedade de comércios e serviços, garantindo praticidade e facilidade no seu dia a dia.  Espaço generoso: Com 2 dormitórios e 1 banheiro, este apartamento oferece uma distribuição inteligente do espaço, proporcionando conforto e funcionalidade para toda a família.  Vaga de garagem: Valorize a comodidade de ter uma vaga de garagem própria, oferecendo praticidade e segurança para seu veículo em uma área tão movimentada como Jurerê.  Área privativa espaçosa: Com uma área privativa de 72m², este apartamento oferece amplo espaço para viver e desfrutar momentos memoráveis com seus entes queridos.  Agende uma visita: Não perca a chance de conhecer pessoalmente este incrível apartamento. Agende já sua visita e descubra por que este pode ser o lugar perfeito para chamar de lar!",apartamento,https://www.chavesnamao.com.br/imovel/apartamento-para-alugar-2-quartos-com-garagem-sc-florianopolis-jurere-72m2-RS4220/id-22062661/,jurere,4570.0,964665.87,4823.32935,0.05543311816192564
441,4500,0.0,38.0,1,1,1,"Rua Professor Manoel do Lago Almeida, 123",-27.44061,-48.48922,"Ótimo apartamento para locar em Jurerê, Florianópolis. Possui armários na cozinha e no dormitório, cama de casal, chuveiro elétrico, geladeira, microondas. Localizado em rua silenciosa, com sol da tarde. Boa conservação do imóvel. 1 dormitório, 1 banheiro, 1 vaga de estacionamento. Área privativa de 38m² e área total de 43m². Próximo a comércios locais. Agende uma visita e venha conhecer esse imóvel!",apartamento,https://www.chavesnamao.com.br/imovel/apartamento-para-alugar-1-quarto-com-garagem-sc-florianopolis-jurere-43m2-RS4500/id-19352291/,jurere,4500.0,587153.7866666667,2935.7689333333337,-0.3476069037037036
442,4800,1000.0,90.0,3,1,2,"Rua dos Chernes, 525",-27.44454,-48.49052,"Ótimo apartamento à venda em Jurerê, Florianópolis. Com 3 quartos, sendo 1 suíte, banheiro social, 2 vagas de garagem. Muito bem conservado, mobiliado e com vista panorâmica. Possui churrasqueira, depósito, lavanderia, sacada e infraestrutura completa com alarme no condomínio, espaço gourmet, estacionamento, living hall e piscina. Localizado na RUA dos Chernes, próximo a comércios locais. Aproveite essa oportunidade!",apartamento,https://www.chavesnamao.com.br/imovel/apartamento-para-alugar-3-quartos-com-garagem-sc-florianopolis-jurere-110m2-RS4800/id-20476030/,jurere,5800.0,1492672.69,7463.36345,0.28678680172413795
443,5500,796.0,110.0,3,4,1,"Rodovia Tertuliano Brito Xavier, 3217",-27.43692,-48.47932,"Apartamento para alugar no Portal Norte em Jurere, Florianópolis, com 110,84m² de área privativa e 3 dormitórios 3 suítes. O imóvel conta com sala ampla, 1 lavabo sacada com churrasqueira e vidro, cozinha com móveis planejados, área de serviço, piso cerâmico e1 vaga de garagem. Aproveite essa chance Agende uma visita e venha conferir!  OBS: *** Algumas mobílias não ficarão no imóvel, favor consultar a administradora****  Excelente localização, 5 minutos da praia de Jurere e canavieiras, próximo a mercados, restaurantes e comércios locais.  Com uma ótima localização que permite você chegar ao centro de Florianópolis em até 10 minutos. Canasvieiras é um bairro completo que oferece uma boa infraestrutura de comércios, serviços, academias, ciclovias, transporte e educação. Fácil acesso à Shoppings, hipermercados e hospitais, tudo muito próximo de sua família.",apartamento,https://www.chavesnamao.com.br/imovel/apartamento-para-alugar-3-quartos-com-garagem-sc-florianopolis-jurere-134m2-RS5500/id-19434406/,jurere,6296.0,1654306.24,8271.5312,0.3137756035578143
444,5800,1050.0,110.0,2,2,1,"Rua Das Piraúnas, 1644",-27.44421,-48.48465,"Apartamento mobiliado disponível para locação em Jurerê. Com 81m² de área privativa, oferece uma distribuição inteligente. São 2 quartos, incluindo uma suíte, projetados para proporcionar o máximo conforto. Sacada na sala e na suíte principal. Sala e cozinha integradas com armários planejados estilo moderno e compacto. O apartamento possui uma orientação solar privilegiada voltada para o norte, permitindo uma iluminação natural ampla durante todo o dia. Com elementos de design industrial moderno, o apartamento está mobiliado e pronto para morar ou gerar rentabilidade para investidores. Localizado próximo ao comércio em geral, o prédio possui salão de festas com churrasqueira e piscina.",apartamento,https://www.chavesnamao.com.br/imovel/apartamento-para-alugar-2-quartos-com-garagem-sc-florianopolis-jurere-110m2-RS5800/id-20372483/,jurere,6850.0,1382384.75,6911.92375,0.00903996350364955
445,5900,700.0,76.0,2,2,1,"Rodovia Jornalista Maurício Sirotsky Sobrinho, 5610",-27.44422,-48.4868,"Apartamento com 76m² de área privativa, localizado a 700 metros da praia de Jurerê, próximo a mercados farmácias e padarias.   Imóvel semi mobiliado, com ventilação cruzada, salas de estar e jantar, sacada com churrasqueira e vista para piscina do condomínio, 2 quartos sendo 1 suíte, 1 banheiro social e 1 vaga de garagem fixa.   Possui ar condicionado nos quartos.  Agende já uma visita através do nosso plantão de vendas pelo telefone (48)   ou pelo whatsapp (48) 99865- 9090. Aguardamos seu contato!   Será ainda de responsabilidade do locatário, o pagamento de seguro incêndio, energia elétrica, água e demais encargos. Sobre o valor do condomínio, poderá haver fundo de reserva e rateio, que serão pagos pelo locatário, podendo ser ressarcidos posteriormente. Estas informações são de responsabilidade do proprietário e poderão ser alteradas a qualquer momento. Os valores anunciados de Condomínio, IPTU, Laudêmio, TCRS e outras taxas que por ventura venham a incidir sobre este imóvel são aproximados. Solicite o valor atualizado. A visualização de mobília nas imagens não significa que o mesmo será comercializado mobiliado.   EMPRESA: A Invista conta com profissionais especializados no mercado imobiliário e possui duas lojas, a Matriz no Centro e uma Filial no Estreito, em pontos nobres com estacionamento. Temos mais de 14 anos de experiência sempre satisfazendo nossos clientes e fazendo amigos. Nossa pauta possui mais de 3000 imóveis com diversas opções na Ilha e no Continente. Venha tomar um café conosco e conferir o que temos de melhor pra você.",apartamento,https://www.chavesnamao.com.br/imovel/apartamento-para-alugar-2-quartos-com-garagem-sc-florianopolis-jurere-RS5900/id-20312487/,jurere,6600.0,1187676.5,5938.3825,-0.1002450757575758
446,6100,700.0,127.0,3,1,1,"Rodovia Tertuliano Brito Xavier, 3227",-27.4388297,-48.4806357,"Este é o apartamento dos sonhos que você estava procurando! Localizado na Rodovia Tertuliano Brito Xavier, este imóvel oferece conforto, estilo e uma localização privilegiada.  Estado Impecável: Este apartamento está em excelente estado de conservação, pronto para receber seus novos moradores.  Semi-Mobiliado: Equipado com armários na cozinha e dormitórios, você terá todo o espaço e organização que precisa.  Vista Panorâmica: Desfrute de vistas deslumbrantes da sacada com churrasqueira, perfeita para momentos de lazer e entretenimento.  Infraestrutura Completa: O condomínio oferece uma gama de comodidades, incluindo alarme, espaço gourmet, piscina, sala fitness, segurança patrimonial e zelador, garantindo conforto e segurança para toda a família.  3 Suítes Espaçosas: Com três dormitórios, todos suítes, e um banheiro social, este apartamento oferece espaço de sobra para acomodar a família com conforto e privacidade.  Localização Ideal: Próximo ao comércio de Ingleses do Rio Vermelho, você terá fácil acesso a todas as conveniências necessárias para o dia a dia.  Com 127.8m² de área privativa e uma vaga de garagem, esta é uma oportunidade única de adquirir um lar verdadeiramente excepcional. Não perca tempo, agende sua visita hoje mesmo!",apartamento,https://www.chavesnamao.com.br/imovel/apartamento-para-alugar-3-quartos-com-garagem-sc-florianopolis-jurere-127m2-RS6100/id-21891806/,jurere,6800.0,1373684.19,6868.42095,0.010061904411764688
447,6150,800.0,84.0,2,1,1,"Rodovia Jornalista Maurício Sirotsky Sobrinho, 5610",-27.44422,-48.4868,"O apartamento em Jurerê, Florianópolis, parece incrível! Com 2 quartos, incluindo uma suíte, e comodidades como churrasqueira, sacada e uma vista panorâmica, certamente tem muito a oferecer. A localização na Rodovia Jornalista Maurício Sirotsky Sobrinho também parece conveniente, especialmente com a infraestrutura completa do condomínio, incluindo piscina e espaço gourmet. .............................................................................................................................................................",apartamento,https://www.chavesnamao.com.br/imovel/apartamento-para-alugar-2-quartos-com-garagem-sc-florianopolis-jurere-94m2-RS6150/id-22062659/,jurere,6950.0,1076977.05,5384.88525,-0.22519636690647482
448,6800,868.0,100.0,3,1,2,"Rodovia Tertuliano Brito Xavier, 2639",-27.43244,-48.47813,"Localizado a 50m da praia, com vista panorâmica do mar. Totalmente mobiliado. O apartamento possui 3 dormitórios, sendo 1 suíte. Ambientes climatizados (ar na sala e nos 3 quartos). Salas de estar, jantar e cozinha integradas; Banheiro social; Área de serviços; Sacada integrada com fechamento em reiki e persiana elétrica; Churrasqueira; 2 amplas vagas de garagem livres; Hobbybox; Fechadura eletrônica; 100m² privativos.  Características do condomínio: Piscina adulto e infantil; Salão de festas; Elevador; Portão eletrônico; Estacionamento para visitantes.",apartamento,https://www.chavesnamao.com.br/imovel/apartamento-para-alugar-3-quartos-com-garagem-sc-florianopolis-jurere-179m2-RS6800/id-2705641/,jurere,7668.0,1550032.01,7750.16005,0.010714664840897337
449,8500,650.0,79.0,2,3,1,"Rua Professor Renato Barbosa, 258",-27.44085,-48.48516,"Apartamento com 2 quartos para alugar na rua professor renato barbosa, 258, jurerê, florianópolis por r$ 8.500",apartamento,https://www.chavesnamao.com.br/imovel/apartamento-para-alugar-2-quartos-com-garagem-sc-florianopolis-jurere-79m2-RS8500/id-16678397/,jurere,9150.0,1231437.39,6157.186949999999,-0.32708339344262305
450,9000,1790.0,152.0,2,1,1,"Rodovia Tertuliano Brito Xavier, 3308",-27.43672,-48.4795,"Excelente apartamento para alugar no empreendimento Saint Malo, com 2 dormitórios, 2 suítes e 1 banheiro social e vaga de garagem. Localizado na Rodovia Tertuliano Brito Xavier, próximo ao comércio local. Agende sua visita!",apartamento,https://www.chavesnamao.com.br/imovel/apartamento-para-alugar-2-quartos-com-garagem-sc-florianopolis-jurere-RS9000/id-19959795/,jurere,10790.0,1423473.42,7117.3670999999995,-0.3403737627432809
451,12000,0.0,93.0,,1,,"Rua César Nascimento, 00",-27.4396,-48.48887,"Oportunidade de aluguel de loja na rua César Nascimento, com 98m² de área total e 1 banheiro social. Localizada em Jurerê, Florianópolis, esta loja possui ótima visibilidade e facilidade de acesso. Aproveite essa chance única para instalar o seu negócio em um dos bairros mais valorizados da região. Entre em contato para mais informações!",ponto-comercial,https://www.chavesnamao.com.br/imovel/ponto-comercial-para-alugar-1-sala-sc-florianopolis-jurere-98m2-RS12000/id-22011421/,jurere,12000.0,,,
452,12500,0.0,201.0,3,4,2,"Rua Chernes, 497",-27.4440457,-48.4905196,"Sobrado com ótima localização no bairro Jurerê composto por 3 suítes sendo duas com sacadas no andar superior e no andar térreo ampla sala para três ambientes, lavabo, copa/lavanderia, espaço gourmet, piscina, acesso a alameda com árvores frutíferas, vaga para dois carros, portão eletrônico, corredor lateral que liga a frente aos fundos onde fica a piscina, sistema de alarme e câmeras, placa solar para aquecimento de toda água da casa.A casa é muito arejada com aberturas grandes que possibilitam a ventilação e luz  (link removido) ção privilegiada perto de todo comércio local, praia, escolas, igreja, praças ao Open Shopping e ao Jurerê Office. Ligue e agende sua visita!! Atualizado em 24/06/2024 06:20:19.",apartamento,https://www.chavesnamao.com.br/imovel/apartamento-para-alugar-3-quartos-com-garagem-sc-florianopolis-jurere-201m2-RS12500/id-22191454/,jurere,12500.0,2159541.25,10797.706250000001,-0.1361834999999999
453,13500,850.0,240.0,4,3,2,"Rua João Dário De Souza, 101",-27.4084734,-48.4250831,"O apartamento possuí no andar superior duas suítes amplas com armários planejados com sacadas interligadas  com vista do pôr do sol, no andar de baixo tem ampla sala de estar e jantar conjugada com a cozinha, área de serviço, uma dispensa em baixo da escada, uma banheiro social, dois dormitórios e uma varanda gourmet fechada com vidros em sistema heik  e uma bela vista para o verde e o pôr do sol.  Os ambientes são climatizados, aquecimento de água a gás, persianas nas aberturas que são amplas e de alumínio e possuí duas vagas de garagem. O condomínio é completo com piscina, academia, salão de festas, playground, hall de entrada decorado, acesso ao condomínio por tag, portão eletrônico da garagem e uma localização privilegiada junta a supermercados, escolas, restaurantes, e fácil acesso as praias e marinas da região Norte da Ilha. Ligue e agende sua visita!! Atualizado em 24/06/2024 06:20:19.",apartamento,https://www.chavesnamao.com.br/imovel/apartamento-para-alugar-4-quartos-com-garagem-sc-florianopolis-jurere-240m2-RS13500/id-22191452/,jurere,14350.0,2568729.86,12843.6493,-0.10497217421602789
454,7200,313.0,100.0,,,,"Rua Deputado Paulo Preis, 596",-13.90108184065817,-50.713421874999995,"Loja comercial com 100m²!! Oferece 3 excelentes salas, lavabo, copa. Ideal pra você que quer abrir ou expandir seu negócio.",ponto-comercial,https://www.chavesnamao.com.br/imovel/ponto-comercial-para-alugar-3-salas-sc-florianopolis-jurere-100m2-RS7200/id-2534641/,jurere,7513.0,,,
455,3800,721.0,77.0,2,2,1,"Avenida das Raias, 711",-27.4424,-48.50148,"Localizado na Avenida das Raias, próximo a bela praia de Jurerê Internacional. Apartamento de 2 dormitórios sendo 1 suíte, banheiro social, sacada com churrasqueira, cozinha com armários e 1 vaga de garagem. Venha desfrutar do conforto e qualidade de vida que este imóvel oferece. Agende sua visita agora mesmo!  *Taxas serão atualizadas",apartamento,https://www.chavesnamao.com.br/imovel/apartamento-para-alugar-2-quartos-com-garagem-sc-florianopolis-jurere-internacional-RS3800/id-19700550/,jurere-internacional,4521.0,1544461.76,7722.3088,0.708097500552975
456,3900,305.0,33.0,,1,1,"Avenida das Raias, 261",-27.44642,-48.50207,"Alugue a Sala dos Seus Sonhos em Jurerê.  Esta é a sua oportunidade de alugar uma sala exclusiva e desejada, imóvel de primeira locação, em uma região altamente procurada. A sala conta com 39m², banheiro e 01 vaga de garagem, atendendo às suas necessidades profissionais.  Agende uma visita e conheça seu novo imóvel! Dalton Andrade Imóveis - Sua garantia imobiliária. Contato: Loja Centro: (48)   Loja Trindade: (48)   WhatsApp: (48)  ",ponto-comercial,https://www.chavesnamao.com.br/imovel/sala-comercial-para-alugar-com-garagem-sc-florianopolis-jurere-internacional-77m2-RS3900/id-17988091/,jurere-internacional,4205.0,,,
457,4000,379.0,36.0,,1,1,"Avenida das Raias, 230",-27.44581,-48.50156,"Excelente sala comercial em Jurerê Internacional, no Jurerê Office, localizado na Avenida das Raias. Com 36,29m² de área privativa, lavabo e 1 vaga de garagem. Piso em porcelanato.  Você já pensou em montar o seu negócio no bairro mais exclusivo ? JURERE OFFICE é um único empreendimento comercial de JURERE INTERNACINAL   Localizado na entrada principal do bairro, na Avenida das Raias, o Jurerê Office é um empreendimento corporativo preparado para receber negócios inovadores.  Está próximo ao Open Shopping, posto de gasolina, conveniência, farmácia, restaurante entre outros.  Traga você também o seu negócio para o Jurerê Office e esteja perto de clientes altamente qualificados. Dê uma volta na vizinhança Mercados na região do Jurerê Internacional",ponto-comercial,https://www.chavesnamao.com.br/imovel/sala-comercial-para-alugar-1-sala-com-garagem-sc-florianopolis-jurere-internacional-RS4000/id-19322110/,jurere-internacional,4379.0,,,
458,4000,379.0,33.0,,1,1,"Avenida das Raias, 230",-27.44581,-48.50156,"Excelente sala comercial em Jurerê Internacional, no Jurerê Office, localizado na Avenida das Raias. Com 33,67m² de área privativa, lavabo e 1 vaga de garagem. Piso em porcelanato.  Você já pensou em montar o seu negócio no bairro mais exclusivo ? JURERE OFFICE é um único empreendimento comercial de JURERE INTERNACINAL   Localizado na entrada principal do bairro, na Avenida das Raias, o Jurerê Office é um empreendimento corporativo preparado para receber negócios inovadores.  Está próximo ao Open Shopping, posto de gasolina, conveniência, farmácia, restaurante entre outros.  Traga você também o seu negócio para o Jurerê Office e esteja perto de clientes altamente qualificados. Dê uma volta na vizinhança Mercados na região do Jurerê Internacional",ponto-comercial,https://www.chavesnamao.com.br/imovel/sala-comercial-para-alugar-1-sala-com-garagem-sc-florianopolis-jurere-internacional-RS4000/id-19322108/,jurere-internacional,4379.0,,,
459,4900,1220.0,90.0,3,2,1,"Dos Chernes, 525",-27.44454,-48.49052,"Excelente apartamento semi-mobiliado com 3 dormitórios, sendo 1 suíte com cama de casal e armário, outros dois dormitórios com cama de casal e armário, ampla sala com sofá, estante para tv e mesa de jantar, cozinha com moveis planejados e eletros como Geladeira e fogão, área de serviço, banheiros com armários e box em, blindex, chuveiros com aquecimento a gás, sacada com churrasqueira e e 2 vagas de garagem.",apartamento,https://www.chavesnamao.com.br/imovel/apartamento-para-alugar-3-quartos-com-garagem-sc-florianopolis-jurere-internacional-RS4900/id-21487429/,jurere-internacional,6120.0,1627791.54,8138.9577,0.32989504901960776
460,4950,877.0,117.0,3,2,1,"Avenida dos Búzios, 2877",-27.43723,-48.51093,"Apartamento de 100 m² para alugar com 3 domitórios (sendo 1 suíte), ampla sala, cozinha, área de serviço e banheiro social com box de vidro, hobby box e 2 vagas de garagem cobertas.   Localizado na Avenida dos Búzios, próximo a comércios e serviços, em um dos bairros mais prestigiados de Florianópolis.   Não desperdice essa chance de morar em Jurerê Internacional e agende conosco sua visita!",apartamento,https://www.chavesnamao.com.br/imovel/apartamento-para-alugar-3-quartos-com-garagem-sc-florianopolis-jurere-internacional-138m2-RS4950/id-21191756/,jurere-internacional,5827.0,1645783.93,8228.91965,0.4122051913506093
461,5700,800.0,129.0,3,3,1,"Avenida dos Búzios, 61",-27.44146,-48.48407,"Charmoso apartamento em Jurerê Tradicional com uma vaga de garagem em condomínio tranquilo com zeladoria, interfone, jardim, elevador e ducha para volta da praia que fica pertinho a duas quadras e junto a escolas mercados e todo comércio local como supermercados e fácil acesso a Canasjurê .O apartamento possuí três dormitórios sendo uma suíte, corredor de acesso aos quartos um banheiro social grande, cozinha, lavanderia, banheiro de serviço, sala grande de estar e jantar e uma ampla varanda gourmet com frente norte que é a melhor posição solar para se morar, o apartamento é de esquina possibilitando sol da manhã e da tarde bem ventilado e com aquecimento de água por gás central. Ligue e agende uma visita!!! Atualizado em 24/06/2024 06:20:19.",apartamento,https://www.chavesnamao.com.br/imovel/apartamento-para-alugar-3-quartos-com-garagem-sc-florianopolis-jurere-internacional-129m2-RS5700/id-22191453/,jurere-internacional,6500.0,1756825.8966666665,8784.129483333332,0.3514045358974358
462,6500,1100.0,112.0,3,2,2,"Avenida dos Búzios, 0",-27.43999,-48.50021,"Apartamento ventilado, iluminado de 3 dormitórios sendo um suíte para locação anual em Jurerê Internacional! Com 112 m² de área privativa conta com sala de estar e jantar, sacada com churrasqueira, cozinha americana com móveis planejados , ar condicionado na sala e nos 3 quartos, Excelente posição solar, sol pela manhã na lavanderia,e a tarde na sala e quartos. Garagem coberta para até 2 carros, 1 hobbox,. Condomínio com gás central e salão de festas. Ótima localização a uma quadra do mar.   gt; gt; gt; Estas informações são de responsabilidade do proprietário e poderão ser alteradas a qualquer momento. A visualização de mobília nas imagens não significa que o mesmo será comercializado mobiliado (consulte sempre um dos nossos corretores).  gt; gt; gt; Os valores de condomínio e taxas são aproximados. Além do aluguel, será de responsabilidade do locatário o pagamento do condomínio mais as despesas ordinárias, IPTU, Coleta de lixo, Imposto de marinha (SPU), Seguro incêndio(incluindo vendaval, danos elétricos, hidráulicos, responsabilidade civil, conteúdo bens do locador), energia elétrica e demais encargos. lt; lt; lt;",apartamento,https://www.chavesnamao.com.br/imovel/apartamento-para-alugar-3-quartos-com-garagem-sc-florianopolis-jurere-internacional-RS6500/id-21102365/,jurere-internacional,7600.0,2353110.03,11765.55015,0.5480987039473684
463,7000,874.0,116.0,3,2,2,"Rua Dep. Paulo Preis, 565",-27.44472,-48.48788,"Apartamento de 3 dormitórios com 1 suíte disponível para locação anual em Jurerê Internacional! Disponível em MARÇO 2024.  Com sacada ampla com churrasqueira a carvão, a sacada é fechada com sistema Reiki. Split em todos ambientes. Persianas elétricas. O apartamento já possui gesso rebaixado e com projeto de iluminação. Muito iluminado com luz solar em todos dormitórios, sendo sol da manhã e sol da tarde. Com vista lateral e sacada voltado pra área verde ( Alamedas de Jurerê).  Com duas vagas de garagem e mais hobby box.  Condomínio com piscina e espaço gourmet. ",apartamento,https://www.chavesnamao.com.br/imovel/apartamento-para-alugar-3-quartos-com-garagem-sc-florianopolis-jurere-internacional-116m2-RS7000/id-16506643/,jurere-internacional,7874.0,2353532.53,11767.662649999998,0.49449614554229093
464,7000,521.0,59.0,,1,1,"Das Areias, 230",-27.6866248,-48.5634696,"Excelente sala comercial em Jurerê Internacional, no Jurerê Office, localizado na Avenida das Raias. Com 59,28m² de área privativa, lavabo e 1 vaga de garagem. Piso em porcelanato.  Você já pensou em montar o seu negócio no bairro mais exclusivo ? JURERE OFFICE é um único empreendimento comercial de JURERE INTERNACINAL   Localizado na entrada principal do bairro, na Avenida das Raias, o Jurerê Office é um empreendimento corporativo preparado para receber negócios inovadores.  Está próximo ao Open Shopping, posto de gasolina, conveniência, farmácia, restaurante entre outros.  Traga você também o seu negócio para o Jurerê Office e esteja perto de clientes altamente qualificados. Dê uma volta na vizinhança Mercados na região do Jurerê Internacional",ponto-comercial,https://www.chavesnamao.com.br/imovel/sala-comercial-para-alugar-1-sala-com-garagem-sc-florianopolis-jurere-internacional-RS7000/id-19535575/,jurere-internacional,7521.0,,,
465,9400,1200.0,105.0,2,1,1,"Rua das Piraúnas, 1540",-27.44305,-48.49913,"apartamento incrível! Com 2 dormitórios, incluindo uma suíte, e localizado em Jurerê Internacional, certamente é uma oportunidade que não pode ser perdida. A vista panorâmica e a sacada com vista livre, adicionam um toque especial, perfeito para desfrutar de momentos relaxantes ou para receber amigos e familiares. Além disso, os armários planejados nos banheiros, cozinha e dormitórios garantem praticidade e organização. Com a vaga de garagem e a infraestrutura completa do condomínio, incluindo piscina, playground, salão de festas e sala fitness, os moradores têm acesso a uma variedade de comodidades. E a localização próxima a comércios e serviços torna a vida cotidiana ainda mais conveniente. Não perca a chance de conhecer este incrível apartamento! Agende sua visita hoje mesmo",apartamento,https://www.chavesnamao.com.br/imovel/apartamento-para-alugar-2-quartos-com-garagem-sc-florianopolis-jurere-internacional-109m2-RS9400/id-21891803/,jurere-internacional,10600.0,1603452.86,8017.264300000001,-0.24365431132075466
466,11000,1700.0,228.0,3,4,2,"Avenida dos Búzios, 1136",-27.44061,-48.49461,"Apartamento com 3 dormitórios sendo 2 suítes disponível para locação anual em Jurerê Internacional em Florianópolis - SC! Apartamento mobiliado e finamente decorado com móveis de alto padrão.  Jay Luxury Home Design é um edifício de luxo localizado em Jurerê Internacional é um empreendimento que investe em segurança com portaria 24 horas, circuito Fechado TV. Além disso, para seu entretenimento junto à família e amigos conta com, piscina, espaço gourmet e sala Fitness tudo para oferecer o máximo de conforto para sua família.  Consulte mais informações e visitas com nossos consultores! ",apartamento,https://www.chavesnamao.com.br/imovel/apartamento-para-alugar-3-quartos-com-garagem-sc-florianopolis-jurere-internacional-228m2-RS11000/id-19505445/,jurere-internacional,12700.0,4595463.62,22977.3181,0.8092376456692914
467,12500,0.0,630.0,1,4,2,"Servidão José Cardoso de Oliveira, 278",-27.4324,-48.51546,"Casa aconchegante, estilo rústico, com muita natureza em Jurerê, 4 quartos, sendo 2 suítes, mezanino, cozinha americana, sala de jantar, star com lareira, área gourmet com churrasqueira, jardim em frente a casa com frutíferas, ar condicionado, sol da manhã e som do mar.   A 100 mts da praia Jurerê Internacional, e próximo a praia do Forte e praia Daniela. Ligue, esperamos sua visita!!! Atualizado em 24/06/2024 06:20:19.",casa,https://www.chavesnamao.com.br/imovel/casa-para-alugar-1-quarto-com-garagem-sc-florianopolis-jurere-internacional-630m2-RS12500/id-22191458/,jurere-internacional,12500.0,,,
468,18000,0.0,288.0,3,4,3,"Rua dos Amborés, 206",-27.44019,-48.50399,"Jurere Internacional , casa com 2 pisos , parte inferior com 2 salas amplas , uma de estar /tv , outra leitura , sala de jantar para 10 pessoas, bar, ampla copzinha e área de serviço, 1 lavabo. Parte superior 3 suites , incluindo uma master . Piscina e espaço para churrasco .",casa,https://www.chavesnamao.com.br/imovel/casa-para-alugar-3-quartos-com-garagem-sc-florianopolis-jurere-internacional-450m2-RS18000/id-20615548/,jurere-internacional,18000.0,,,
469,20000,0.0,450.0,,5,4,"Rua Das Algas, 566",-27.44306,-48.49444,"LINDA CASA DE DOIS ANDARES COM 4 SUÍTES NO PISO SUPERIOR A SUÍTE MASTER COM VARANDA CLOSET E HIDROMASSAGEM, DUAS SUÍTES NA FRENTE COM VARANDA E MAIS UMA SUÍTE PARA LATERAL, NO PISO TÉRREO SALA AMPLA EM PLANO ABERTO COM SALA DE JANTAR COZINHA AMERICANA COM ILHA, ÁREA DE SERVIÇO, DEPÓSITO, ACESSO LATERAL DE SERVIÇO E RETORNO DA PRAIA COM DUCHA EXTERNA,  ESPAÇO GOURMET COMPLETO , PISCINA, GRAMADO, JARDIM NA FRENTE COM RAMPA DE ACESSO A GARAGEM QUE CABEM 2 CARROS SENDO MAIS DOIS NA GARAGEM FECHADA QUE DÁ ACESSO AO INTERIOR DA CASA, ABERTURA AMPLAS COM PERSSIANAS ELÉTRICAS E TELINHA CONTRA INSETOS. LIGUE E AGENDE SUA VISITA!! Atualizado em 24/06/2024 06:20:19.",casa,https://www.chavesnamao.com.br/imovel/casa-para-alugar-com-garagem-sc-florianopolis-jurere-internacional-450m2-RS20000/id-22399931/,jurere-internacional,20000.0,,,
470,20000,0.0,450.0,4,7,4,"Rua Palombetas, 88",-27.44091,-48.49992,"Charmosa casa em Jurerê Internacional pertinho do Open Shopping, praia.  A  casa é completa tem  tem 4 quartos na parte superior sendo 1 uma suíte master com closet e banheiro com banheira, um banheiro social, no térreo ela possui uma suíte, cozinha grande, lavanderia, sala de estar/ tv com lareira e sala de jantar, uma varanda tranquila com churrasqueira, piscina com lavado e ducha de apoio até mesmo para a volta da praia, entrada lateral livre, lindo jardim, garagem com acesso ao interior da casa para dois carros mais carros na rampa.   Em rua tranquila e arborizada.  Ligue e agende uma visita!! Atualizado em 24/06/2024 06:20:19.",casa,https://www.chavesnamao.com.br/imovel/casa-para-alugar-4-quartos-com-garagem-sc-florianopolis-jurere-internacional-450m2-RS20000/id-22191457/,jurere-internacional,20000.0,,,
471,22000,0.0,380.0,5,5,4,"Rua dos Amborés, 230",-27.44014,-48.50416,"A casa localizada em Jurerê Internacional, próximo ao Open Shopping, possui estilo clássico com nuances contemporâneos, trazendo conforto e personalidade para seus ambientes.   O andar inferior é composto por: 3 salas (ampla sala de estar com televisão, sala de jantar e uma sala de estar com sofá cama, podendo ser reversível em quarto); Lavabo; 1 quarto com duas camas de solteiro; Cozinha totalmente equipada com forno, micro-ondas, fogão 6 bocas, geladeira duplex, lava louça, cafeteira, sanduicheira e utensílios de cozinha;  Lavanderia; Dependências de empregada com banheiro.   O andar superior é composto por: 1 suíte master com hidromassagem, cama king-size e uma cama de solteiro;  1 suíte master com hidromassagem, cama queen-size e duas camas de solteiro; 2 suítes com cama de casal.   Ampla área gourmet externa com:  Geladeira, cook-top, churrasqueira, mesa, cadeiras, poltronas, piscina e banheiro.   No subsolo garagem para 4 carros.   Custo adicional para manutenção de jardim e piscina: R$500,00 Caução no valor de 3 aluguéis ou seguro fiança   Código do Anúncio:  45  Este imóvel tem as seguintes características:   Básico: Água, Energia, Esgoto, Pavimentação  Destaques: Alto Padrão, Ar Condicionado, Decorado, Escritório, Internet, Litoral, TV a Cabo  Estrutura: Área de Serviço, Cozinha, Cozinha Americana, Cozinha Planejada, Despensa, Lavanderia  Serviços Próximos: Avenida, Farmácia, Lojas, Mercado, Panificadora, Pizzaria, Posto de Gasolina, Praça/Parque, Praia, Restaurante, Shopping, Sorveteria  Lazer: Piscina  ",casa,https://www.chavesnamao.com.br/imovel/casa-para-alugar-5-quartos-com-garagem-sc-florianopolis-jurere-internacional-450m2-RS22000/id-21671571/,jurere-internacional,22000.0,,,
472,25000,0.0,520.0,6,6,6,"Rua dos Tucunarés, 205",-27.43874,-48.49689,"Casa com 6 quartos para alugar na rua dos tucunarés, 205, jurerê internacional, florianópolis, 520 m2 por r$ 25.000",casa,https://www.chavesnamao.com.br/imovel/casa-para-alugar-6-quartos-com-garagem-sc-florianopolis-jurere-internacional-680m2-RS25000/id-19661874/,jurere-internacional,25000.0,,,
473,38000,0.0,537.0,4,6,5,"Rua dos Pirajus, 99",-27.4458071,-48.5004577,"MARAVILHOSA CASA NA PRAIA DE JURERÊ INTERNACIONAL!   Morar em Floripa já é maravilhoso, mas fixar sua residência em Jurerê Internacional, um dos melhores Bairros do Brasil pra se viver, e ainda, ter a praia bem pertinho, isso sim é dizer, unir o útil com o agradável!   Belíssima casa com acabamento luxuoso, estando finamente mobiliada, pronta para morar, com armários embutidos em todos os ambientes, automatizada em sua maior parte, sendo dividida em 03 pavimentos, todos acessíveis por elevador panorâmico. Seu projeto arquitetônico é atual e arrojado construída com padrão máximo de qualidade.      No pavimento térreo salas amplas de estar e jantar, cozinha equipado com eletros italianos, sala cinema com Home Theater, lareira e espaço para escritório, o qual ainda pode ser ainda adaptado como quarto.  Composta de 05 suítes, sendo no piso superior 04 suítes sendo 01 master. A suíte master possui iluminação, som, persianas e ar condicionado automatizados. Banheira jacuzzi, lareira a gás, adega e home theater, o piso todo em mármore travertino bruto.   No subsolo, outra suíte completa, privativa, que pode ser usada de acordo com a necessidade do morador, talvez para receber hospedes ou para uso de empregados. Há também no pavimento as vagas de garagem para 05 carros.  Na área externa, piscina com hidromassagem aquecida, sauna de vidro integrada à piscina (som ambiente e iluminação em led), espaço gourmet ilha em Corian iluminado (equipados com eletros Falmec), churrasqueira giratória, espaço kids, som automatizado em toda área, banheiro e ducha externa.   Possui também aquecimento solar, aspiração central, ar condicionado em todos os cômodos inclusive no subsolo, captação de água da chuva e sistema de monitoramento de alarme com câmeras e acesso ao celular 24hs.   Localizada no Residencial Amoraeville, área nobre da Praia de Jurerê Internacional, com estrutura de lazer que preservam a vegetação nativa, lagos ornamentais com peixes, playgrounds com brinquedos em madeira, praças temáticas e um anfiteatro junto à área de preservação, além de pista para corrida, passeios e ciclovias, como monitoramento 24 horas e sistema de esgoto a vácuo.   Venha descobrir a importância de residir em um local desejado e amado por seus diferenciais, vivendo e curtindo a qualidade de vida que você e sua família merecem.   Una o útil com o agradável: morar muito bem e ao mesmo tempo curtir o mar e a praia de Jurerê internacional!   Locação:  38k mensais ( anual )   12k diária Réveillon e Carnaval   10k Natal e outros   Agende já sua visita!   Felipe Leal Imóveis ",casa,https://www.chavesnamao.com.br/imovel/casa-para-alugar-4-quartos-com-garagem-sc-florianopolis-jurere-internacional-645m2-RS38000/id-9639068/,jurere-internacional,38000.0,,,
474,40000,0.0,612.0,,5,6,"Avenida dos Dourados, 494",-27.44478,-48.49546,"Excelente casa para locação em Jurerê Internacional.       Área Construída 436,64 m2;  Área do Terreno 612,61 m2;  4 Suítes, com Split Sistema Inverter e Mobiliadas, sendo uma com Closet;  1 Dependência de Empregada Completa;  Cozinha Totalmente Equipada e Mobiliada;  Copa;  Área de serviço Mobiliada;  Sala de Jantar;  Sala de TV;  2 Salas de Estar;",casa,https://www.chavesnamao.com.br/imovel/casa-para-alugar-com-garagem-sc-florianopolis-jurere-internacional-612m2-RS40000/id-12513784/,jurere-internacional,40000.0,,,
475,46000,0.0,340.0,,,11,"Avenida das Raias, 261",-27.44642,-48.50207,"Excelente loja comercial, PRIMEIRA LOCAÇÃO, ideal para você que busca um imóvel em um dos melhores bairros do norte da ilha de Florianópolis.",ponto-comercial,https://www.chavesnamao.com.br/imovel/ponto-comercial-para-alugar-com-garagem-sc-florianopolis-jurere-internacional-449m2-RS46000/id-17988207/,jurere-internacional,46000.0,,,
476,67000,2500.0,995.0,9,10,4,"Avenida dos Búzios, 2965",-27.43748,-48.51022,"MARAVILHOSA CASA COM 09 DORMITÓRIOS EM JURERÊ INTERNACIONAL   Existe algumas coisas que o dinheiro não compra, como sossego, tranquilidade e harmonia, mas pode comprar esse pedaço de paraíso que lhe trará tudo isso e muito mais!   Localizada no Condomínio Premier Residence, terreno de 995,44 m² e 1103,19 m² de área privativa.   Com 04 pavimentos, 09 quartos sendo 08 suítes. Casa dos caseiros com 02 quartos sendo uma suíte e na casa principal 07 suítes. A suíte Master com 02 banheiros e escritório e closet.  Ampla sala de estar, sala de home Theater e sala de jantar e estar integrada, elevador, sala intima, tudo finamente mobiliado, ar condicionado em todos os ambientes, cozinha, espaço gourmet com 2 churrasqueira, 2 lavabos.   Piscina adulto e infantil com área verde, lavanderia, garagem coberta para 04 carros, piso porcelanato e quartos com madeira, escritório, adega, sala de jogos, spa, sauna úmida e seca, academia, terraço com Ofurô.    Sol o dia todo nas piscinas e nos quartos.    Condomínio com máxima segurança, portaria 24h.   Venha descobrir a importância de residir em um local desejado e amado por seus diferenciais, vivendo e curtindo a qualidade de vida que você e sua família merecem.   Una o útil com o agradável: morar muito bem e ao mesmo tempo curtir o mar e a praia de Jurerê internacional!   Agende já sua visita!   Felipe Leal Imóveis ",casa,https://www.chavesnamao.com.br/imovel/casa-para-alugar-9-quartos-com-garagem-sc-florianopolis-jurere-internacional-995m2-RS67000/id-9350473/,jurere-internacional,69500.0,,,
477,600,0.0,63.0,2,1,1,"R Do Vasco, 250",-27.43591,-48.40644,"Imóvel para locação de temporada (DIÁRIA).  Não está disponível para aluguel anual, possibilidade de locação trimestral pós carnaval.  Quer alugar ou mais informações? Chame no Whatsapp (48)  .  O valor anunciado é uma média de valor, este valor pode variar pelos seguintes fatores: * Número de pessoas; * Número de diárias; * Datas especiais;  Excelente apartamento com 02 dormitórios, banheiro, sala, cozinha, sacada, condomínio seguro com piscina adulto e infantil , playground e academia.  Eletros: Televisor, geladeira, máquina de lavar roupas, sanduicheira, liquidificador, cafeteira, ar condicionado no quarto de casal, quarto de solteiro ventilador de teto e ventilador na sala, internert-Wifi.  Acomodações: 06 pessoas (01 cama de casal, 02 camas de solteiro, 01 sofá cama e 01 colchão extra de solteiro).  Distância 10 minutos da praia e do centrinho. (1200 metros)",apartamento,https://www.chavesnamao.com.br/imovel/apartamento-para-alugar-2-quartos-com-garagem-sc-florianopolis-ingleses-do-rio-vermelho-75m2-RS600/id-18454513/,jurere-internacional,600.0,1511097.54,7555.487700000001,11.592479500000001
478,25000,0.0,320.0,5,8,5,"Rua dos Tucunarés, 205",-27.43874,-48.49689,"Ótima casa para locação em Jurerê Internacional, Florianópolis. Com 5 dormitórios, sendo 5 suítes, 8 banheiros, 5 vagas de garagem. Área privativa de 320m² e área total de 600m². Possui armários nos banheiros, cozinha e dormitórios, churrasqueira, closet, despensa, dormitório no térreo, fogão cooktop, geladeira, janelas grandes, lavanderia, máquina de lavar, móveis semi-mobiliados, rua silenciosa, sacada, sol da tarde, suíte master, terraço, TV, água quente, living em 2 ambientes, living hall, piscina. Localizado em rua tranquila. Agende sua visita!",casa,https://www.chavesnamao.com.br/imovel/casa-para-alugar-5-quartos-com-garagem-sc-florianopolis-jurere-internacional-600m2-RS25000/id-20187876/,jurere-internacional,25000.0,,,
479,9990,1750.0,111.0,3,4,2,"Avenida dos Búzios, 1136",-27.44061,-48.49461,"Apartamento com 111m² de área privativa, localizado em Jurerê.   Imóvel de alto padrão, mobiliado, com sala de estar e jantar, sacada com vista para o bairro, cozinha, área de serviço, 3 suítes, 4 banheiros e 2 vagas de garagem.   Agende já uma visita através do nosso plantão de vendas pelo telefone (48)   ou pelo whatsapp (48) 9 9865- 9090. Aguardamos seu contato!   Será ainda de responsabilidade do locatário, o pagamento de seguro incêndio, energia elétrica, água e demais encargos. Sobre o valor do condomínio, poderá haver fundo de reserva e rateio, que serão pagos pelo locatário, podendo ser ressarcidos posteriormente. Estas informações são de responsabilidade do proprietário e poderão ser alteradas a qualquer momento. Os valores anunciados de Condomínio, IPTU, Laudêmio, TCRS e outras taxas que por ventura venham a incidir sobre este imóvel são aproximados. Solicite o valor atualizado. A visualização de mobília nas imagens não significa que o mesmo será comercializado mobiliado.   EMPRESA: A Invista conta com profissionais especializados no mercado imobiliário e possui duas lojas, a Matriz no Centro e uma Filial no Estreito, em pontos nobres com estacionamento. Temos mais de 13 anos de experiência sempre satisfazendo nossos clientes e fazendo amigos. Nossa pauta possui mais de 3000 imóveis com diversas opções na Ilha e no Continente. Venha tomar um café conosco e conferir o que temos de melhor pra você.",apartamento,https://www.chavesnamao.com.br/imovel/apartamento-para-alugar-3-quartos-com-garagem-sc-florianopolis-jurere-internacional-228m2-RS9990/id-1544661/,jurere-internacional,11740.0,3553540.0,17767.7,0.5134327086882453
480,2950,0.0,40.0,1,1,1,"Avenida dos Búzios, 2021",-27.587795,-48.547638,"☀️LOCAÇÃO DE APTOS DE 01 E 02 DORMITÓRIOS E SUÍTES   ☀️COMPLETOS - TOTALMENTE MOBILIADOS   ☀️ ZONA CENTRAL - 100 mts do Open Shopping   ☀️ PRÓXIMO AO MAR - 200 mts   ☀️INCLUSO ÁGUA , LUZ E WI-FI   ☀️SEM CONDOMÍNIO / SEM IPTU  ☀️LOCAÇÃO RÁPIDA E FACILITADA !!!  *** Preço base para Apto de 01 Dormitório ( até 02 pessoas )  *** Locação disponível até Novembro/24 !!! ",apartamento,https://www.chavesnamao.com.br/imovel/apartamento-para-alugar-1-quarto-com-garagem-sc-florianopolis-jurere-internacional-40m2-RS2950/id-20303693/,jurere-internacional,2950.0,773970.2,3869.8509999999997,0.31181389830508466
481,350,608.0,28.0,,,,"Rua Esteves Júnior, 50",-27.59405,-48.55235,"Loja comercial com 31,52m², piso cerâmico. Localização privilegiada no centro da cidade.  **Proprietário concede carência de 6 meses.**",ponto-comercial,https://www.chavesnamao.com.br/imovel/ponto-comercial-para-alugar-1-sala-sc-florianopolis-centro-55m2-RS350/id-3802718/,moenda,958.0,,,
482,400,540.0,15.0,,,,"Rua Rua Tenente Silveira, 111",-27.59635,-48.55071,"Loja no centro, com área privativa de 15m², piso cerâmico, câmeras de Vigilância, circuito Interno de TV e ar condicionado central.   Agende uma visita e conheça seu novo imóvel! Dalton Andrade Imóveis - Sua garantia imobiliária. Contato: Loja Centro: (48)   Loja Trindade: (48)  ",ponto-comercial,https://www.chavesnamao.com.br/imovel/ponto-comercial-para-alugar-sc-florianopolis-centro-15m2-RS400/id-17987499/,moenda,940.0,,,
483,440,754.0,17.0,,,,"Rua Tenente Silveira, 111",-27.59635,-48.55071,"Loja comercial na Galeria Parthenon Center II, com depósito no Centro de Florianópolis, com Praça de Alimentação, grande fluxo de pessoas.  Localizado no Centro, em rua com fluxo intenso de pedestres e veículos, em frente ao DEINFRA, próximo a bancos, restaurantes, cartório, supermercado, estacionamento rotativo e a outros serviços que o Centro oferece para facilitar a rotina do seu negócio.",ponto-comercial,https://www.chavesnamao.com.br/imovel/ponto-comercial-para-alugar-1-sala-sc-florianopolis-centro-25m2-RS440/id-1215723/,moenda,1194.0,,,
484,440,749.0,21.0,,,,"Rua Tenente Silveira, 111",-27.5962926,-48.5508118,Loja com 21m². Ideal para você que deseja abrir ou expandir o seu negócio.,ponto-comercial,https://www.chavesnamao.com.br/imovel/ponto-comercial-para-alugar-1-sala-sc-florianopolis-centro-21m2-RS440/id-10573709/,moenda,1189.0,,,
485,12000,0.0,226.0,6,3,3,"Rua Álvaro Cardoso, 69",-27.59112,-48.57937,"Oportunidade imperdível, apenas um aluguel por 2 casas lindas, perfeito para você que quer dar independência para sua família e sem sair de perto deles. A casa conta com espaço que pode ser usados por todos moradores, com piscina, churrasqueira, em um espaço amplo com 230m2. 06 dormitórios, 03 banheiros, 03 vagas de garagem, aceita-se Pets.  Agende já sua visita! Vinícius Ronconi (48)    As informações estão sujeitas a alterações. Consulte o corretor responsável.    Chave do anúncio: kNlUf2ishWAZOrFa",casa,https://www.chavesnamao.com.br/imovel/casa-para-alugar-6-quartos-com-garagem-sc-florianopolis-estreito-226m2-RS12000/id-20904688/,monte-cristo,12000.0,,,
486,1200,480.0,37.0,,,1,"Rua Souza Dutra, 145",-27.5922055,-48.5775211,"Se você está em busca de um espaço comercial para locação no bairro Estreito em Florianópolis-SC, temos a opção perfeita para você. Este sala andar comercial possui uma área privativa de 37m2, ideal para atender às necessidades do seu negócio.  Localizado em um condomínio com portaria 24 horas, este imóvel oferece segurança e comodidade para você e seus clientes. Além disso, sua localização privilegiada permite fácil acesso a diversos estabelecimentos, como academia, banco, farmácia, igreja, padaria e praça.  Entre em contato conosco através do formulário disponível no site e agende uma visita para conhecer pessoalmente este imóvel.  Móveis serão retirados;  Valores: Aluguel bruto R$ 1.500,00 Aluguel liquido R$ 1.200 (Pagamento até a data de vencimento do aluguel) Taxa de IPTU e lixo juntos. Seguro Incêndio a cotar  Entre em contato com a Agente imobiliário: Vinicius Veloso 48 9 ﻿    Chave do anúncio: SKIM9OWfncZ4SSkN",ponto-comercial,https://www.chavesnamao.com.br/imovel/sala-comercial-para-alugar-1-sala-com-garagem-sc-florianopolis-estreito-37m2-RS1200/id-6003574/,monte-cristo,1680.0,,,
487,3990,0.0,46.0,1,1,,"Rua Desembargador Arno Hoeschl, 243",-27.59014,-48.5576,"Excelente oportunidade de Locação no Centro.  O imóvel conta com ambientes planejados, proporcionando uma combinação única e especial. O studio conta com quarto com armário e cama baú, sala com ar condicionado, banheiro social e cozinha planejada. atendendo às suas necessidades e estilo de vida.  O condomínio oferece elevador e lavanderia coletiva, em localização privilegiada a poucos metros da Beira Mar Norte. Essas comodidades proporcionam momentos de lazer e diversão para você e sua família. Observação: Taxas e encargos ainda serão atualizados.  Agende uma visita e conheça seu novo imóvel! Dalton Andrade Imóveis - Sua garantia imobiliária. Contato: Loja Centro: (48)   Loja Trindade: (48)   ",apartamento,https://www.chavesnamao.com.br/imovel/apartamento-para-alugar-1-quarto-sc-florianopolis-centro-46m2-RS3990/id-21578359/,monte-cristo,3990.0,524190.26,2620.9513,-0.34311997493734336
488,4900,902.0,109.0,3,3,1,"Rua Desembargador Arno Hoeschl, 114",-27.59146,-48.55696,"Excelente oportunidade de Locação no Centro.  Esta é uma ótima opção para quem busca qualidade de vida. O imóvel está situado em uma ótima localização, próximo à Beira Mar Norte, oferecendo conveniência e facilidade de acesso a serviços e comodidades.  O imóvel conta com ambientes planejados, proporcionando uma combinação única e especial. Possui 3 dormitórios sendo 1 suíte, sala ampla, sacada, cozinha com armários, área de serviço separada, banheiro auxiliar, banheiro social e 01 vaga de garagem, atendendo às suas necessidades e estilo de vida.  O condomínio conta com Salão de festas,, elevador e zeladoria.. Essas comodidades proporcionam momentos de lazer e diversão para você e sua família.  Agende uma visita e conheça seu novo imóvel! Dalton Andrade Imóveis - Sua garantia imobiliária. Contato: Loja Centro: (48)   Loja Trindade: (48)    ",apartamento,https://www.chavesnamao.com.br/imovel/apartamento-para-alugar-3-quartos-com-garagem-sc-florianopolis-centro-130m2-RS4900/id-17986986/,monte-cristo,5802.0,1182561.6133333333,5912.8080666666665,0.019098253475812843
489,3800,1263.0,90.0,,2,1,"Rua Dom Jaime Câmara, 66",-27.59237,-48.55223,"Alugue a Sala dos Seus Sonhos no Centro.  Esta é a sua oportunidade de alugar uma sala exclusiva e desejada na Rua Dom Jaime Câmara, uma região altamente procurada. A sala oferece 90m², são 3 salas, cozinha, 2 banheiros e 1 vaga de garagem. Observação: Alguns móveis não fazem parte da locação, consulte nossa equipe para maiores informações.  Agende uma visita e conheça seu novo imóvel! Dalton Andrade Imóveis - Sua garantia imobiliária. Contato: Loja Centro: (48)   Loja Trindade: (48)   ",ponto-comercial,https://www.chavesnamao.com.br/imovel/sala-comercial-para-alugar-com-garagem-sc-florianopolis-centro-90m2-RS3800/id-17987010/,monte-cristo,5063.0,,,
490,3800,1060.0,65.0,3,2,1,"Avenida Mauro Ramos, 1409",-27.5888,-48.54315,"Excelente oportunidade de Locação no Centro.  O imóvel conta com ambientes planejados, proporcionando uma combinação única e especial. Possui 3 dormitórios sendo 2 deles com sacada e 1 suíte, sala ampla, banheiro social, cozinha com armários, área de serviço separada e 1 vaga de garagem, atendendo às suas necessidades e estilo de vida.  O condomínio possui elevador, salão de festas, interfone e zeladoria.  Agende uma visita e conheça seu novo imóvel! Dalton Andrade Imóveis - Sua garantia imobiliária. Contato: Loja Centro: (48)   Loja Trindade: (48)   ",apartamento,https://www.chavesnamao.com.br/imovel/apartamento-para-alugar-3-quartos-com-garagem-sc-florianopolis-centro-65m2-RS3800/id-20500449/,morro-da-cruz,4860.0,819506.26,4097.531300000001,-0.15688656378600807
491,4500,648.0,78.0,2,3,1,"Largo Benjamin Constant, 691",-27.58897,-48.54563,"Excelente oportunidade de Locação no Centro.  O imóvel conta com ambientes planejados, proporcionando uma combinação única e especial. Possui 2 dormitórios sendo 2 suítes (1 com ar condicionado), sala ampla com sacada, lavabo, cozinha planejada com armários, área de serviço separada e 01 vaga de garagem, atendendo às suas necessidades e estilo de vida.  O condomínio Vieira da Rosa fica localizado em Região Nobre do Centro de Florianópolis. Anexo a Praça do Largo Benjamin Constant, Mercado Hippo e fácil acesso as principais vias da região. Oferece salão de festas, elevador e zeladoria. Essas comodidades proporcionam momentos de lazer e diversão para você e sua família.  Agende uma visita e conheça seu novo imóvel! Dalton Andrade Imóveis - Sua garantia imobiliária. Contato: Loja Centro: (48)   Loja Trindade: (48)   ",apartamento,https://www.chavesnamao.com.br/imovel/apartamento-para-alugar-2-quartos-com-garagem-sc-florianopolis-centro-102m2-RS4500/id-19707959/,morro-da-cruz,5148.0,1039183.16,5195.915800000001,0.009307653457653497
492,2500,0.0,80.0,2,1,,"Rodovia Francisco Thomaz dos Santos, 790",-27.71118,-48.51012,"Você procura um lar aconchegante para a sua família? Esta é a oportunidade perfeita! Este imóvel encantador oferece tudo o que você precisa para o conforto do dia a dia.  Com dois quartos espaçosos, uma sala aconchegante, uma cozinha, um banheiro bem iluminado e uma área de serviço coberta, este é o lar ideal para pequenas famílias. Além disso, você terá um terreno individual para desfrutar de momentos ao ar livre.  Embora não haja garagem, a localização tranquila e segura compensa. E o melhor de tudo? O aluguel é acessível, por apenas R$ 2.500,00 mensais, mais taxas de água e luz, que serão calculadas com base no seu consumo, proporcionando um controle total sobre seus gastos.  Bistek Supermercados 1 min (500 m) Centro Médico Público 1 min (900 m) EBM José Amaro Cordeiro 1 min (900 m) Lagoa do Peri 4 min (2,4 km) Praia Morro das Pedras 2 min ( 2 km )  Não perca a oportunidade de proporcionar conforto e segurança para a sua família. Entre em contato hoje mesmo para agendar uma visita e conhecer o seu futuro lar! quot;",casa,https://www.chavesnamao.com.br/imovel/casa-para-alugar-2-quartos-sc-florianopolis-morro-das-pedras-RS2500/id-21249678/,morro-das-pedras,2500.0,,,
493,3200,0.0,60.0,2,2,1,"Servidão Zulma Josephina de Jesus, 231",-27.71516,-48.50618,"Excelente apartamento para alugar em Morro das Pedras, em Florianópolis. Com 60m² de área privativa o imóvel conta com 2 dormitórios (sendo 1 suíte), sala, sacada com churrasqueira, cozinha com armários, área de serviço, banheiro social com box de vidro e 1 vaga de estacionamento.   Localizado próximo à praia e aos comércios locais. Agende uma visita!",apartamento,https://www.chavesnamao.com.br/imovel/apartamento-para-alugar-2-quartos-com-garagem-sc-florianopolis-morro-das-pedras-RS3200/id-21550647/,morro-das-pedras,3200.0,1023727.78,5118.6389,0.59957465625
494,5500,0.0,130.0,3,2,2,"Rua dos Laranjais, 473",-27.71045,-48.50342,"Seu Refúgio à Beira-Mar: Casa de 2 Pavimentos com 3 Quartos (1 Suíte) - Morro das Pedras, Florianópolis   Bem-vindo ao seu oásis tranquilo no Morro das Pedras! Esta encantadora residência de dois pavimentos, com cerca de 130m² de espaço bem distribuído em um generoso terreno de 440m², oferece uma atmosfera de conforto e serenidade, a apenas 150 metros do oceano. Aqui estão os detalhes que tornam este refúgio tão especial:   **Comodidades e Diferenciais:**  ️ **Quartos Aconchegantes:** - No primeiro pavimento, um quarto amplo e arejado oferece um verdadeiro oásis de tranquilidade para relaxar após um dia na praia. - No segundo pavimento, dois quartos cuidadosamente desenhados aguardam, incluindo uma suíte majestosa com espaço para um refúgio privativo e relaxante. - Todos os quartos são equipados com ventiladores para garantir noites confortáveis durante todo o ano.   **Banheiros Modernos:** - O primeiro pavimento conta com um banheiro completo, próximo e bem equipado, garantindo conforto e conveniência para os moradores e convidados. - O segundo pavimento possui um segundo banheiro social, meticulosamente equipado, oferecendo comodidade para toda a família.  ️ **Área de Convivência Integrada:** - A sala de estar e a cozinha conjugada no primeiro pavimento promovem uma atmosfera acolhedora para encontros familiares e jantares íntimos. - A cozinha está super equipada com fogão, geladeira, micro-ondas e armários completos, proporcionando praticidade para preparar deliciosas refeições durante sua estadia.   **Espaço Externo Encantador:** - O amplo terreno gramado e murado convida a momentos de lazer, com espaço para atividades ao ar livre, churrascos em família e relaxamento sob o sol de Florianópolis. - A área externa também inclui uma piscina refrescante, perfeita para se refrescar nos dias quentes de verão.   **Estacionamento Privativo:** - A propriedade oferece vaga de garagem para até 5 carros, proporcionando comodidade e segurança para os hóspedes durante toda a estadia.   Esta é a oportunidade de estabelecer raízes em um lar que ecoa conforto, funcionalidade e proximidade à natureza. Permita-se viver uma vida tranquila, onde a beleza do entorno se mescla harmoniosamente com o conforto de um lar acolhedor. Este é o refúgio que você ansiava, pronto para acolher seus sonhos e inspirar uma nova fase de sua jornada. Agende uma visita hoje mesmo e faça deste lugar especial o seu novo lar! ️",casa,https://www.chavesnamao.com.br/imovel/casa-para-alugar-3-quartos-com-garagem-sc-florianopolis-morro-das-pedras-440m2-RS5500/id-18382775/,morro-das-pedras,5500.0,,,
495,5600,0.0,150.0,3,2,4,"Rodovia Francisco Thomaz Dos Santos - Até 2088/2089, 473",-27.708339,-48.5077775,"Casa para locação no Morro das Pedras a 3 minutos da praia.    Casa com 3 dormitórios (sendo uma suíte com sacada).  Living integrado entre sala, cozinha e copa.   Banheiro social, terraço com vista para o mar e vaga para 4 carros.     Localizado próximo a praia do Morro das pedras (200mts).     **Imóver será alugado sem mobília.      ​Agende uma visita agora mesmo! (48)  .       ",casa,https://www.chavesnamao.com.br/imovel/casa-para-alugar-3-quartos-com-garagem-sc-florianopolis-morro-das-pedras-150m2-RS5600/id-18190460/,morro-das-pedras,5600.0,,,
496,7800,0.0,230.0,3,5,2,"Rua dos Laranjais, 439",-27.71007,-48.50331,"Visitas e liberado para locação a partir do dia 10-03 Casa duplex localizada em Florianópolis, no bairro Morro das Pedras.   Descrição:  Bem-vindo a um verdadeiro santuário de serenidade e estilo, onde cada detalhe foi meticulosamente elaborado para oferecer uma vida de luxo e conforto. Esta casa duplex deslumbrante oferece um oásis perfeito para aqueles que buscam uma experiência residencial inigualável.  Ao atravessar as portas desta residência majestosa, você será envolvido por uma atmosfera de elegância e sofisticação. No primeiro piso, uma espaçosa sala de TV convida você a relaxar e descontrair, enquanto a sala de jantar adjacente é o cenário ideal para refeições memoráveis com amigos e familiares.  A cozinha, dotada de requinte e funcionalidade, é um verdadeiro destaque, equipada com os mais modernos eletrodomésticos e amplo espaço de armazenamento. A área de serviço adjacente e os dois banheiros completos oferecem praticidade e conveniência para o seu dia a dia.  Subindo ao segundo piso, você será recebido por uma atmosfera de serenidade e conforto. Uma sala de TV íntima oferece um espaço acolhedor para momentos de relaxamento, enquanto os três quartos espaçosos proporcionam um refúgio tranquilo para descansar. A suíte master, completa com closet e varanda privativa, é um verdadeiro refúgio de luxo, proporcionando o cenário ideal para relaxar e recarregar as energias.  Além disso, esta maravilhosa casa oferece uma piscina deslumbrante, perfeita para desfrutar de momentos de lazer e diversão nos dias ensolarados. O terreno murado garante privacidade e segurança, enquanto o portão eletrônico oferece conveniência adicional para sua tranquilidade.  Localizada em uma rua residencial tranquila, a apenas 400 metros do mar, esta residência oferece uma localização privilegiada próxima a uma variedade de comodidades locais. Desfrute de fácil acesso a mercados, restaurantes, transporte público e muito mais.  Não perca a oportunidade de transformar esta magnífica casa em seu novo lar. Agende uma visita hoje mesmo e descubra o verdadeiro significado de viver com estilo e conforto! ‍️",casa,https://www.chavesnamao.com.br/imovel/casa-para-alugar-3-quartos-com-garagem-sc-florianopolis-morro-das-pedras-480m2-RS7800/id-19291099/,morro-das-pedras,7800.0,,,
497,8800,0.0,167.0,3,2,5,"Rua Manoel Pedro Vieira, 569",-27.71278,-48.50327,"Casa de alvenaria com 167,09 m² edificada em um terreno plano e murado de 468 m² (12 X 38), distante 260 metros da praia e com zoneamento ARP-2.5.   A residência possui 3 quartos, sendo um deles suíte com closet, sala de estar, sala de jantar, cozinha estilo americano, banheiro social e garagem coberta para 2 veículos.  No final do terreno há uma edícula com lavanderia, banheiro e Sauna (inacabada), e sobre ela um terraço com linda vista para o mar e Ilha do Campeche.   O quintal da casa é ajardinado e possui mais 4 vagas de estacionamento para veículos.  Imóvel financiável.  Distâncias: Centro: 17,7 km; Aeroporto: 7,9 km; Posto de Saúde: 900 m; UPA Sul da Ilha: 6,1 km; Praias: - Morro das Pedras: 260 metros; - Campeche: 4,1 km; - Armação: 5,2 km; - Pântano do Sul: 8,2 km; - Tapera: 8,6 km; - Açores: 10 km; - Solidão: 11,7 km; - Caiacangaçu: 15,2 km; - Mole: 17,7 km; - Joaquina: 18,1 km; - Naufragados: 22,8 km; Lagoa do Peri: 1,7 km; Centro Gastronômico do Ribeirão da Ilha: 9 km; Centrinho da Lagoa da Conceição: 14,3 km.",casa,https://www.chavesnamao.com.br/imovel/casa-para-alugar-3-quartos-com-garagem-sc-florianopolis-morro-das-pedras-468m2-RS8800/id-17149601/,morro-das-pedras,8800.0,,,
498,9700,0.0,143.0,3,3,1,"Rua Manoel Pedro Vieira, 601",-27.7119698,-48.5031784,"Lindas casas de dois pavimentos com a seguinte configuração:  Piso superior: Três suítes.  Piso térreo: Sala de estar conjugada com a cozinha em ambiente aberto, lavabo, garagem para um veículo e quintal ajardinado com deck.  Características do empreendimento: - Empreendimento ecofriendly; - Iluminação natural; - Ventilação cruzada; - Proximidade da praia (290 metros).  LOCAÇÃO: Será de responsabilidade do locatário o pagamento do IPTU, seguro contra incêndio e demais encargos estabelecidos no Contrato de Locação, conforme artigos 22 e 23 da Lei 8.245/91.  A unidade disponível para locação é a L2-1 com área real privativa de 146,12 m² e área total do terreno da unidade de 143,634 m². O valor de IPTU é uma estimativa do valor praticado na região.  Previsão de conclusão das obras: outubro/2023. Registro de Incorporação sob o número R-1-180.543 - Cartório do 2° Ofício do Registro de Imóveis de Florianópolis/SC. Os valores de IPTU e condomínio são estimativa dos condomínio similares.  Distâncias: Centro: 17 km; Aeroporto: 8,4 km; Posto de Saúde: 950 m; UPA Sul: 6,1 km; Praias: - Morro das Pedras: 290 m; - Campeche: 3,8 km; - Armação: 5,2 km; - Pântano do Sul: 8,2 km; - Tapera: 8,6 km; - Açores: 10,4 km; - Solidão: 11,7 km; - Caiacangaçu: 15,2 km; - Mole: 17,6 km; - Joaquina: 18,1 km; - Naufragados: 22,7 km; Lagoa do Peri: 1,7 km; Centro Gastronômico do Ribeirão da Ilha: 9 km; Centrinho da Lagoa da Conceição: 14,2 km.",casa,https://www.chavesnamao.com.br/imovel/casa-para-alugar-3-quartos-com-garagem-sc-florianopolis-morro-das-pedras-160m2-RS9700/id-15596925/,morro-das-pedras,9700.0,,,
499,2500,0.0,60.0,1,1,1,"Rodovia Francisco Thomaz dos Santos, 1160",-27.71465,-48.51057,"Ótima oportunidade de locar um apartamento mobiliado no bairro Morro das Pedras, em Florianópolis.  O imóvel conta com 1 dormitório, sala cozinha conjugadas, 1 banheiro social, 1 vaga de garagem e está localizado em um prédio com 2 apartamentos por andar. Agende sua visita e venha conhecer!",apartamento,https://www.chavesnamao.com.br/imovel/apartamento-para-alugar-1-quarto-com-garagem-sc-florianopolis-morro-das-pedras-RS2500/id-22011409/,morro-das-pedras,2500.0,762818.12,3814.0906,0.5256362400000001
500,2000,0.0,45.0,1,1,1,"Rodovia Francisco Thomaz dos Santos, 1160",-27.71465,-48.51057,"Studio amplo e mobiliado no Morro das Pedras. Com 45m² de área privativa e 1 dormutório. O imóvel conta ainda com sala, cozinha, 1 banheiro social e 1 vaga de garagem.  Com localização privilegiada conta com muitas facilidades, ponto de ônibus, supermercado e a poucos metros da praia do Caldeirão. Venha conhecer, agende uma visita.",apartamento,https://www.chavesnamao.com.br/imovel/apartamento-para-alugar-1-quarto-com-garagem-sc-florianopolis-morro-das-pedras-RS2000/id-22011419/,morro-das-pedras,2000.0,724372.64,3621.8632000000002,0.8109316000000002
501,4000,0.0,58.0,2,1,,"Praia Pântano do Sul, 167",-27.76352,-48.51592,"ALUGO APARTAMENTO COM VISTA PRIVILEGIADA PARA O MAR (MOBILIADO) DE 58M² PRIVATIVOS NO COSTÃO DO PÂNTANO DO SUL!  Apartamento (mobiliado) de 2 quartos, 1 banheiro social, sala, cozinha, ar condicionado, churrasqueira com linda vista para o mar.   Diferenciais do imóvel: - Vista panorâmica para o mar - 2 quartos - 1 Banheiro  - Sacada - Ar condicionado split - Lugar tranquilo - Janelas anti ruídos  - Churrasqueira - Mobiliado - Bem ventilado e ensolarado - Não possui garagem  IPTU, TCRS, condomínio, água e luz inclusos no valor do aluguel.  Além do aluguel, será de responsabilidade do locatário o pagamento do seguro contra incêndio e demais encargos estabelecidos no contrato de locação, conforme artigos 22 e 23 da lei 8.245/91.",apartamento,https://www.chavesnamao.com.br/imovel/apartamento-para-alugar-2-quartos-sc-florianopolis-pantano-do-sul-63m2-RS4000/id-20864354/,pantano-do-sul,4000.0,783360.84,3916.8042,-0.020798949999999983
502,4000,0.0,58.0,2,2,,"Praia Pântano do Sul, 167",-27.76352,-48.51592,"ALUGO APARTAMENTO COM VISTA PRIVILEGIADA PARA O MAR (TOTALMENTE MOBILIADO) DE 58M² PRIVATIVOS NO COSTÃO DO PÂNTANO DO SUL!  Apartamento de 58m² (totalmente mobiliado) com 2 suítes, lavabo, sala, cozinha, ar condicionado, com linda vista para o mar.   Diferenciais do imóvel: - Vista panorâmica para o mar - 2 suítes - Lavabo  - Ar condicionado split - Lugar tranquilo - Janelas anti ruídos  - Mobiliado - Bem ventilado e ensolarado - Não possui garagem  IPTU, TCRS, condomínio, água e luz inclusos no valor do aluguel.  Além do aluguel, será de responsabilidade do locatário o pagamento do seguro contra incêndio e demais encargos estabelecidos no contrato de locação, conforme artigos 22 e 23 da lei 8.245/91.",apartamento,https://www.chavesnamao.com.br/imovel/apartamento-para-alugar-2-quartos-sc-florianopolis-pantano-do-sul-65m2-RS4000/id-20843836/,pantano-do-sul,4000.0,1036049.31,5180.246550000001,0.29506163750000014
503,4000,0.0,58.0,2,2,,"Rua Caminho do Costão, 999",-27.76448,-48.51024,"Aluguel de Apartamento em Pântano do Sul - Florianópolis  ***Apartamento para locação em Pântano do Sul, Florianópolis*** Localizado na Rua Caminho do Costão, este apartamento dispõe de 2 dormitórios, 2 banheiros sociais e conta com uma área útil de 58m². Totalmente mobiliado. Agende sua visia no (48)  , e venha conhecer ssa maravilha de frente pro mar. ",apartamento,https://www.chavesnamao.com.br/imovel/apartamento-para-alugar-2-quartos-sc-florianopolis-pantano-do-sul-58m2-RS4000/id-19882873/,pantano-do-sul,4000.0,1036049.31,5180.246550000001,0.29506163750000014
504,30000,0.0,54.0,2,1,1,"Avenida Luiz Boiteux Piazza, 3771",-27.41727,-48.42641,"UNIDADE 84 À VENDA   Tem sala de estar com sofá-cama, cozinha, toalete, banheiro, um quarto de casal, um quarto com 2 beliches (4 camas), varanda e lavanderia separada.  Possui o seguinte equipamento adicional: - TV na sala de estar - Ar condicionado split nos dois quartos (além de ventiladores de teto) - Maquina de lavar Churrasqueira  A cozinha está completa e equipada: cozinha com forno, micro-ondas, geladeira, cafeteira, espremedor, etc.  Serviço de limpeza diária Sala de jogos Ginásio Equipamento de praia Sauna e sala de massagem Quadra de Vôlei e Tênis Recepção Segurança as 24hs   Capacidade: 5 pessoas, hospede extra tem uma taxa de R$120 x dia  Taxa de limpeza semanal e troca de toalhas e lençois: R$145  Taxa de limpeza de saída: R$210     Código do Anúncio:  29  Este imóvel tem as seguintes características:   Básico: Água, Energia, Esgoto  Serviços Próximos: Avenida, Lojas, Mercado, Panificadora, Pizzaria, Posto de Gasolina, Praia, Restaurante, Sacolão  Lazer: Churrasqueira, Piscina, Quadra Esportiva, Salão de Jogos  Estrutura: Cozinha, Lavanderia, Portaria 24h  Destaques: Frente para o Mar, Internet, Quadra Mar, Quintal, TV a Cabo  ",apartamento,https://www.chavesnamao.com.br/imovel/apartamento-para-alugar-2-quartos-com-garagem-sc-florianopolis-cachoeira-do-bom-jesus-54m2-RS1000/id-21105077/,ponta-das-canas,30000.0,751849.43,3759.24715,-0.8746917616666666
505,1650,0.0,40.0,1,1,1,"Avenida Luiz Boiteux Piazza, 5282",-27.40367,-48.42665,"ALUGUEL MENSAL (maio a dezembro) Valor do aluguel : R$1.650 + agua, gás, luz e internet   Lindo apartamento de um quarto em condomínio fechado no terceiro andar (pela escada), de 40 m2, com ótima localização a 50m do mar. Tem uma vista parcial para o mar desde a sacada Predio com 2 piscinas, churrasqueiras, conveniência 24 h e area kids, chuveiro  O apartamento possui: - 1 dormitório com cama de casal e ar condicionado; - 1 banheiro  - Cozinha e sala de estar integradas; - 1 Smart TV na sala de estar; - Wifi disponível; - Cozinha completa com fogão, geladeira, microondas, chaleira elétrica, utensílios domésticos e panelas - Varanda  -Uma vaga de garagem rotativa -Cadeiras e guarda-sol incluso: NÃO -Permitido animais de estimação: SIM (pequeno porte)   *IMPORTANTE*     Para check-in após as 20h há um custo adicional de R$50 até as 22h e R$100 após as 22h.  A casa inclui roupa de cama e banho - Troca de roupa de cama e banho e limpeza adicional são pagos à parte, conforme solicitação ao Hoteislab.  É proibida a entrada de mais hóspedes do que o permitido pela propriedade.   Código do Anúncio:  88  Este imóvel tem as seguintes características:   Básico: Água, Energia, Esgoto, Pavimentação  Destaques: Ar Condicionado, Internet  Serviços Próximos: Avenida, Farmácia, Lojas, Mercado, Panificadora, Pizzaria, Praia, Restaurante, Sacolão, Sorveteria  Lazer: Churrasqueira, Espaço Kids, Piscina  Estrutura: Cozinha, Lavanderia  Acabamento: Piso Frio  ",apartamento,https://www.chavesnamao.com.br/imovel/apartamento-para-alugar-1-quarto-com-garagem-sc-florianopolis-cachoeira-do-bom-jesus-40m2-RS1650/id-20931066/,praia-brava,1650.0,687553.29,3437.76645,1.0834948181818183
506,26700,0.0,150.0,3,2,2,"Avenida Luiz Boiteux Piazza, 3722",-27.3952141,-48.4287894," ALUGUEL DE TEMPORADA, VALORES DI&Aacute;RIOS   .  * 3 dormit&oacute;rios, sendo 1 suite, total de 2 banheiros + 1 lavabo  * Suite c/ ar condicionado, os demais quartos c/ ventilador de teto  * Cozinha completa, sala de estar e jantar separadas  * Varanda com churrasqueira, &aacute;rea de servi&ccedil;o com lava-roupas  * Tv &agrave; cabo e internet wi-fi, vaga p/ 2 carros  * M&aacute;ximo 8 pessoas &ndash; Natal/R&eacute;veillon m&iacute;nimo 10 di&aacute;rias, outras datas m&iacute;nimo 7 dias  .  INFRAESTRUTURA DO CONDOM&Iacute;NIO  * Portaria c/ vigil&acirc;ncia 24 horas e monitoramento por c&acirc;meras  * Quadras de esporte, cancha de areia, playground  * &Aacute;rea nobre da cachoeira, pr&oacute;ximo a mercados, bares e restaurantes  .  VALORES DI&Aacute;RIOS  Baixa Temporada: R$ 890,00 - (Mar a Nov) - INDISPON&Iacute;VEL  Natal/R&eacute;veillon:. R$ 1.350,00  Janeiro:...............R$ 1.200,00  Fevereiro:........... R$ 1.000,00  Carnaval:............ R$ 1.350,00 - (07 a 14/02/2024)  Taxa para fornecimento de roupa de cama, banho e limpeza geral na sa&iacute;da: R$ 500,00  .  CONSULTE DISPONIBILIDADE - (48)  WhatsApp ",casa,https://www.chavesnamao.com.br/imovel/casa-para-alugar-3-quartos-com-garagem-sc-florianopolis-cachoeira-do-bom-jesus-150m2-RS890/id-9579216/,praia-da-lagoinha,26700.0,,,
507,9990,0.0,300.0,3,3,2,"Estrada João Januário da Silva, 6950",-27.50174,-48.4579,"Casa com 300m² de área privativa, terreno medindo 10.400m², localizada no Ratones.   Imóvel com pé direito duplo, sala de estar com lareira, sala de jantar integrada com a cozinha, despensa, área de serviço, mezanino atualmente usado como escritório, lavabo, 3 quartos sendo 1 suíte com closet e hidromassagem, persianas, 2 banheiros sociais, varanda com churrasqueira e redes e 2 vagas de garagem coberta.   Área de lazer com piscina, quiosque com churrasqueira e banheiro, campinho de futebol com rede de vôlei e playground com balanço duplo.   Atrás da casa há um pomar que é cortado por um córrego.  A área atrás do Córrego está sem uso e tem aproximadamente 6000m².   Agende já uma visita através do nosso plantão de vendas pelo telefone (48)   ou pelo whatsapp (48) 99865- 9090. Aguardamos seu contato!  Será ainda de responsabilidade do locatário, o pagamento de seguro incêndio, energia elétrica, água e demais encargos. Sobre o valor do condomínio, poderá haver fundo de reserva e rateio, que serão pagos pelo locatário, podendo ser ressarcidos posteriormente. Estas informações são de responsabilidade do proprietário e poderão ser alteradas a qualquer momento. Os valores anunciados de Condomínio, IPTU, Laudêmio, TCRS e outras taxas que por ventura venham a incidir sobre este imóvel são aproximados. Solicite o valor atualizado. A visualização de mobília nas imagens não significa que o mesmo será comercializado mobiliado.  EMPRESA: Na Invista, você encontra uma equipe altamente qualificada e dedicada a te guiar na jornada de encontrar o imóvel ideal. Com mais de 14 anos de experiência, construímos uma sólida reputação de satisfação e amizade com nossos clientes. Nossa carteira de imóveis conta com mais de 3000 unidades, com diversas opções para atender às suas necessidades e orçamento Nossa loja está situada na Av. Gov. Ivo Silveira n° 464, oferecendo fácil acesso e comodidade para você.  Venha nos visitar e tomar um café conosco, teremos o prazer de te apresentar as melhores opções de imóveis na Ilha e no Continente.",casa,https://www.chavesnamao.com.br/imovel/casa-para-alugar-3-quartos-com-garagem-sc-florianopolis-ratones-10400m2-RS9990/id-21795040/,ratones,9990.0,,,
508,17500,0.0,393.0,5,3,2,"Rua Bento Manoel Ferreira, 850",-27.512639,-48.469147,"Excelente casa- Sítio incrível para você e sua família! Possui 5 dormitórios, 3 deles com closet, sendo uma suíte com banheira, sala de estar com lareira, sala de jantar bem arejada, lavabo, cozinha com armários e pia, área de serviço, piso cerâmico e garagem para 2 carros. Uma excelente e extensa área externa que possui piscina, playground, campo de futebol, canil e um amplo salão de festas com churrasqueira, sala de jogos, cozinha, banheiro e 2 dormitórios.   O Bairro Ratones fica em uma localização estratégica de Florianópolis, para quem busca tranquilidade e contato com a natureza, mas ao mesmo tempo tem fácil aceso as mais belas praias, apenas, 3KM de Santo Antônio, 6KM de Jurerê e 10KM de Canasvieiras.  As Ilhas Ratones são um conjunto de duas ilhas possui uma paisagem natural preservada, formada por remanescentes da mata atlântica. Em sua face norte, possui um pequeno trapiche que serve ao desembarque de turistas que visitam a Fortaleza de Santo Antônio de Ratones, a ilha também possui uma trilha destinada à prática do turismo ecológico e educação ambiental.",casa,https://www.chavesnamao.com.br/imovel/casa-para-alugar-5-quartos-com-garagem-sc-florianopolis-ratones-5200m2-RS17500/id-3402105/,ratones,17500.0,,,
509,3000,0.0,30.0,,1,1,"Rodovia Francisco Magno Vieira, 943",-27.6569662,-48.50614,"Auxiliadora Predial aluga excelente loja comercial de 30 m² em localização privilegiada no Campeche. Total de 3 salas disponíveis, aluguel R$ 3.000,00 cada uma.   Imóvel com 30m² de espaçço interno, com 1 banheiro. Espaço de estacionamento em frente ao imóvel com 1 vaga.  O diferencial do imóvel é sua localização, na Rod. SC 405 em frente ao corpo de bombeiros, somente 20 metros da Av. Pequeno Príncipe, com fácil saída para o Floripa Airport, Rio Tavares e praias do Sul da Ilha.  Agende sua visita (48) 9 ",ponto-comercial,https://www.chavesnamao.com.br/imovel/sala-comercial-para-alugar-com-garagem-sc-florianopolis-rio-tavares-35m2-RS3000/id-21867153/,rio-tavares,3000.0,,,
510,3300,0.0,50.0,,1,1,"Rodovia Doutor Antônio Luiz Moura Gonzaga, 277",-27.64919,-48.47859,"Ótima oportunidade! Loja disponível para locação no bairro Rio Tavares, em Florianópolis.  Com uma área privativa de 50m², essa loja conta com 1 banheiro social e 1 vaga de estacionamento. O imóvel possui acesso para deficientes físicos, deck e piso cerâmico. O estabelecimento está localizado em uma rodovia de fácil acesso, com infraestrutura e salas disponíveis. Não perca essa oportunidade e agende uma visita!  O Rio Tavares está localizado na região centro-sul da Ilha de Santa Catarina, entre os bairros Costeira do Pirajubaé, Carianos, Campeche e Lagoa da Conceição. o bairro concentra uma grande variedade de lojas comerciais ao longo das rodovias SC-405 e Dr. Antônio Luiz Moura Gonzaga.",ponto-comercial,https://www.chavesnamao.com.br/imovel/ponto-comercial-para-alugar-2-salas-com-garagem-sc-florianopolis-rio-tavares-RS3300/id-19073995/,rio-tavares,3300.0,,,
511,3300,0.0,50.0,,1,1,"Rodovia Doutor Antônio Luiz Moura Gonzaga, 277",-27.64919,-48.47859,"Ótima oportunidade! Loja disponível para locação no bairro Rio Tavares, em Florianó (link removido)  uma área privativa de 50m², essa loja conta com 1 lavabo, piso cerâmico e 1 vaga de estacionamento rotativa. O estabelecimento está localizado em uma rodovia de fácil acesso. Não perca essa oportunidade e agende uma visita!  ALGUNS ENCARGOS AINDA VÃO SER ATUALIZADOS***  O Rio Tavares está localizado na região centro-sul da Ilha de Santa Catarina, entre os bairros Costeira do Pirajubaé, Carianos, Campeche e Lagoa da Conceição. o bairro concentra uma grande variedade de lojas comerciais ao longo das rodovias SC-405 e Dr. Antônio Luiz Moura Gonzaga.",ponto-comercial,https://www.chavesnamao.com.br/imovel/ponto-comercial-para-alugar-2-salas-com-garagem-sc-florianopolis-rio-tavares-RS3300/id-19073996/,rio-tavares,3300.0,,,
512,3350,0.0,55.0,1,1,,"Servidão Batuel Cunha, 240",-27.66367,-48.49614,"Auxiliadora Predial aluga lindo apartamento semimobiliado de 1 dormitório no Rio Tavares.   São 55 m²distribuídos em cozinha completa, amplas sala de estar e jantar integradas, banheiro completo e dormitório com amplas aberturas, sacada e linda vista para a natureza.  Venha viver no Rio Tavares, em localização privilegiada próximo às facilidades do bairro e às principais atrações do sul da Ilha, como a Lagoa do Peri e as praias do Campeche e Morro das Pedras. Fácil acesso ao Centro e à Lagoa da Conceição.  Não perca esta oportunidade. Valor do aluguel está incluso, agua, internet ,máquina de lava roupa.  Agende sua visita hoje mesmo!",apartamento,https://www.chavesnamao.com.br/imovel/apartamento-para-alugar-1-quarto-sc-florianopolis-rio-tavares-55m2-RS3350/id-20340026/,rio-tavares,3350.0,694722.24,3473.6112,0.0368988656716418
513,3600,0.0,57.0,2,1,,"Rua Reverendo Gelson dos Santos Castro, 623",-27.66334,-48.48697,"Auxiliadora Predial aluga casa, de 2 dormitórios, sala conceito aberto, semi mobiliada, pátio individual, varanda pra você relaxar com sua famila, uma vaga de garagem. Situada no bairro Rio Tavares, próximo a comércios, supermercado e de fácil acesso a praia do Campeche.   Aceita Pets e crianças  Agende sua visita (48) 9 ",casa,https://www.chavesnamao.com.br/imovel/casa-para-alugar-2-quartos-sc-florianopolis-rio-tavares-60m2-RS3600/id-21867155/,rio-tavares,3600.0,,,
514,3600,0.0,75.0,2,1,2,"Rua Reverendo Gelson dos Santos Castro, 623",-27.66334,-48.48697,"Casa no bairro Rio Tavares, de 2 dormitórios, sala, cozinha, àrea de serviço. Uma vaga de garagem coberta e uma descoberta. Localização priveligiada, próximo ao Multi Open Shopping, comércio, praias e fácil acesso ao aeroporto de Florianópolis.   Agende sua visita (48) 9. ",casa,https://www.chavesnamao.com.br/imovel/casa-para-alugar-2-quartos-com-garagem-sc-florianopolis-rio-tavares-275m2-RS3600/id-12833076/,rio-tavares,3600.0,,,
515,4500,500.0,59.0,2,2,1,"Rua Aroeira da Praia, 45",-27.654078,-48.4749007,"Apartamento pé na areia no loteamento ACM, Rio Tavares,  De face norte/oeste composto por 2 dormitórios sendo uma suíte, sala integrado à cozinha e área de serviço. Sacada com churrasqueira. Imóvel mobiliado e todos os armários planejados. Possui 1 vaga de garagem mais hobby box.  Condomínio com toda infraestrutura e padrão de construção da Cadema. Excelente localização, a poucos minutos da trilha para Praia do Campeche e Lagoinha Pequena.",apartamento,https://www.chavesnamao.com.br/imovel/apartamento-para-alugar-2-quartos-com-garagem-sc-florianopolis-rio-tavares-RS4500/id-6721890/,rio-tavares,5000.0,1063367.06,5316.835300000001,0.06336706000000003
516,5000,0.0,180.0,,1,,"Rodovia Francisco Magno Vieira, 1364",-27.65589,-48.51426,"Galpão com 180m², localizado na principal Avenida do Rio Tavares.   Imóvel ideal para mecânica, marcenaria...   Agende já uma visita através do nosso plantão de vendas pelo telefone (48)   ou pelo WhatsApp (48) 9865- 9090.  Aguardamos seu contato!   Será ainda de responsabilidade do locatário, o pagamento de seguro incêndio, energia elétrica, água e demais encargos. Sobre o valor do condomínio, poderá haver fundo de reserva e rateio, que serão pagos pelo locatário, podendo ser ressarcidos posteriormente. Estas informações são de responsabilidade do proprietário e poderão ser alteradas a qualquer momento. Os valores anunciados de Condomínio, IPTU, Laudêmio, TCRS e outras taxas que por ventura venham a incidir sobre este imóvel são aproximados. Solicite o valor atualizado. A visualização de mobília nas imagens não significa que o mesmo será comercializado mobiliado.  EMPRESA: A Invista conta com profissionais especializados no mercado imobiliário e possui duas lojas, a Matriz no Centro e uma Filial no Estreito, em pontos nobres com estacionamento. Temos mais de 14 anos de experiência sempre satisfazendo nossos clientes e fazendo amigos. Nossa pauta possui mais de 3000 imóveis com diversas opções na Ilha e no Continente. Venha tomar um café conosco e conferir o que temos de melhor pra você.",galpao,https://www.chavesnamao.com.br/imovel/galpao-para-alugar-sc-florianopolis-rio-tavares-180m2-RS5000/id-19508650/,rio-tavares,5000.0,,,
517,5000,0.0,60.0,1,1,4,"Servidão Miguel José Vieira, 177",-27.65925,-48.48611,"Linda casa com amplo quintal. Imóvel perfeito para uma pessoa ou casal que trabalhe em home office. Casa mobiliada com um dormitório, banheiro, escritório, sala e cozinha. Pé direito alto, janelas grandes proporcionando muita luz natural, um charmoso fogão a lenha deixando o ambiente muito aconchegante e agradável principalmente nas noites de inverno.  Quintal grande com diversas árvores frutíferas (tangerina, limão, bananeira, acerola, ingá, jabuticaba, uva, seriguela) e um canteiro com ervas e temperos. Na frente há um pequeno rancho de madeira utilizado para guardar itens diversos e ferramentas para o cuidado com o quintal. Nos fundos da casa há um espaço coberto para a lavanderia. Nos fundos da casa há um terreno grande que atravessa o bairro com pasto, proporcionando o sossego e tranquilidade de uma vizinhança silenciosa.  Localização ótima em rua pavimentada, próximo ao Multi Open Shopping e fácil acesso ao Centro e Leste da ilha.",casa,https://www.chavesnamao.com.br/imovel/casa-para-alugar-1-quarto-com-garagem-sc-florianopolis-rio-tavares-360m2-RS5000/id-20604033/,rio-tavares,5000.0,,,
518,5500,600.0,80.0,3,2,2,"Rua Silvio Lopes Araújo, 462",-27.6526233,-48.4736158,"Apartamento em rua sem saída pé na areia no Rio Tavares!  Empreendimento fica a 200 metros da praia com acesso por uma linda e charmosa trilha de restinga preservada.  Com 3 dormitórios sendo 1 suíte e 1 demi-suíte, amplo living com cozinha integrada, banheiro social, área de serviço e sacada com churrasqueira! A suíte possui ar condicionado Split e o imóvel está totalmente mobiliado.  Condomínio ainda oferece: -Fitness e SPA -Espaço Gourmet -Brinquedoteca  Localizado em uma das melhores ruas do Rio Tavares, próximo à praia do Rio Tavares na altura do Pico da Cruz, local perfeito para a prática de surf e kite-surf. Além disso, possui fácil acesso à supermercados, escolas, academias, farmácias e restaurantes.",apartamento,https://www.chavesnamao.com.br/imovel/apartamento-para-alugar-3-quartos-com-garagem-sc-florianopolis-rio-tavares-RS5500/id-20604029/,rio-tavares,6100.0,1314743.27,6573.716350000001,0.07765841803278706
519,6500,0.0,127.0,3,2,1,"Servidão Venâncio Bernardino das Chagas, 468",-27.6536215,-48.488281,"Excelente casa para alugar no bairro Rio Tavares em Florianópolis.  O imóvel possui dois andares e 127 m². Além da suíte e dos dois dormitórios, a casa conta com sala, cozinha, churrasqueira, lavabo, jardim, terraço e banheiro social. Possui duas vagas de garagem, sendo uma delas coberta.  Ótima localização, próximo a comércios e serviços. Aproveite essa oportunidade e agende já sua visita!  *** ALGUNS ENCARGOS AINDA VÃO SER ATUALIZADOS ***  *** ALGUNS ITENS E MOBÍLIAS NÃO FAZEM PARTE DA LOCAÇÃO ***",casa,https://www.chavesnamao.com.br/imovel/casa-para-alugar-3-quartos-com-garagem-sc-florianopolis-rio-tavares-127m2-RS6500/id-21572987/,rio-tavares,6500.0,,,
520,6500,0.0,180.0,4,3,1,"Rua Isidoro Garcez, 123",-27.6419805,-48.4739175,"Locação de excelente casa, totalmente mobiliada, em meio a natureza, próxima a trilha que dá acesso a praia. Ela tem 4 dormitórios, sendo uma suíte, grande mezanino com 22mts que pode ser o quarto quarto ou um escritório, banheiro social, sala de visita , sala de jantar, cozinha bem espaçosa, lavanderia e varanda enorme. Vaga para hum automóvel. Entre em contato com a Açoriana Imóveis, especializada em imóveis no sul e leste da ilha.",casa,https://www.chavesnamao.com.br/imovel/casa-para-alugar-4-quartos-com-garagem-sc-florianopolis-rio-tavares-370m2-RS6500/id-19511637/,rio-tavares,6500.0,,,
521,6700,0.0,80.0,2,3,3,"Rua Reverendo Gelson dos Santos Castro, 699",-27.66376,-48.4862,"Excelente casa bairro Rio Tavares em Florianópolis. Com 2 dormitórios, sendo 1 suíte, 2 banheiros, 3 vagas de garagem e área total de 450m² com edícula. A casa possui uma área privativa de 80m² e está semi mobiliada. Ótima oportunidade para quem busca conforto e qualidade de vida. Aproveite para morar na encantadora cidade de Florianópolis, SC. Entre em contato para mais informações e agende uma visita!",casa,https://www.chavesnamao.com.br/imovel/casa-para-alugar-2-quartos-com-garagem-sc-florianopolis-rio-tavares-450m2-RS6700/id-22398721/,rio-tavares,6700.0,,,
522,6900,0.0,250.0,,1,,"Rodovia Francisco Magno Vieira, 378",-27.64918,-48.51987,"Excelente oportunidade de aluguel de galpão na Rodovia Francisco Magno Vieira, no bairro Rio Tavares em Florianópolis. Com área privativa de 250m², oferece amplo espaço com 3 salas e lavabo. Localizado em região estratégica, próximo a comércios e fácil acesso. Agende já sua visita!  O Rio Tavares está localizado na região centro-sul da Ilha de Santa Catarina, entre os bairros Costeira do Pirajubaé, Carianos, Campeche e Lagoa da Conceição. o bairro concentra uma grande variedade de lojas comerciais ao longo das rodovias SC-405 e Dr. Antônio Luiz Moura Gonzaga.",galpao,https://www.chavesnamao.com.br/imovel/galpao-para-alugar-3-salas-sc-florianopolis-rio-tavares-RS6900/id-14405054/,rio-tavares,6900.0,,,
523,7000,0.0,107.0,3,2,2,"Rua Reverendo Gelson dos Santos Castro, 160",-27.66121,-48.49108,"Excelente para locação anual localizada na Rua Reverendo Gelson dos Santos Castro, no bairro Rio Tavares em Florianópolis.  Esta casa conta com 3 quartos, 2 banheiros, sendo 1 social e 1 na área da piscina, sala de jantar, cozinha com amplo espaço e área de serviço. Possui também um closet, possibilitando organização e conforto. O imóvel é semi - mobiliado e possui ar condicionado split nos 3 dormitórios, perfeito para os dias mais quentes. Além disso, possui uma piscina para desfrutar momentos de lazer e um jardim bem cuidado. Conta com 2 vagas de garagem e portão eletrônico para maior comodidade. A localização é privilegiada, próximo a áreas comerciais e com fácil acesso a outros bairros da cidade. Aproveite essa oportunidade e agende uma visita!",casa,https://www.chavesnamao.com.br/imovel/casa-para-alugar-3-quartos-com-garagem-sc-florianopolis-rio-tavares-107m2-RS7000/id-18608104/,rio-tavares,7000.0,,,
524,7500,0.0,151.0,3,2,2,"Rua da Lagoinha Pequena, 70",-27.65228,-48.47866,"Casa para alugar semi-mobiliada com 3 quartos com armários, sendo 1 suíte, 151m de área privativa, living com sacada e ar condicionado, 2 banheiros sociais com armários e box, churrasqueira, cozinha com armários e área de serviço. Vagas para 02 carros e churrasqueira.  Em ótima localização próximo a Supermercados, Restaurantes, Escola e Farmácias. Fácil acesso a Avenida Campeche.  Auxiliadora Predial conta com essa e mais de 5000 ofertas de imóveis para locação em Porto Alegre e região. Conte conosco para tornar realidade o sonho da sua nova casa!",casa,https://www.chavesnamao.com.br/imovel/casa-para-alugar-3-quartos-com-garagem-sc-florianopolis-rio-tavares-161m2-RS7500/id-20363445/,rio-tavares,7500.0,,,
525,12000,0.0,400.0,4,5,2,"Rua Recanto das Gaivotas, 120",-27.656348,-48.4743382,"Excelente casa para locação em localização estratégica, bem próximo a praia, perto de escolas, mercados, padaria. Contempla quatro dormitórios sendo três suítes e um quarto pequeno, podendo ser usado para escritório. Cozinha em conceito aberto com a sala e a área gourmet. Duas vagas. Água e luz incluso. No caso de venda, aceita até 50% em imóveis. Não financia; Entre em contato com a Açoriana Imóveis, especializada em imóveis no sul e leste da ilha.",casa,https://www.chavesnamao.com.br/imovel/casa-para-alugar-4-quartos-com-garagem-sc-florianopolis-rio-tavares-392m2-RS12000/id-21316040/,rio-tavares,12000.0,,,
526,12000,0.0,450.0,4,5,2,"Rua Recanto das Gaivotas, 500",-27.65545,-48.47576,"Belíssima casa no bairro Rio Tavares, a poucos metros da trilha conhecida como quot;Rififi quot;. Com 450m² de área privativa, possui 4 dormitórios, sendo 3 suítes, ficam todos os móveis. Conta com churrasqueira, piscina, jardim em uma área de lazer integrada a um belo salão de festas mobiliado e com mesa de jogos .Esta casa é ideal para quem busca conforto e qualidade de vida. Agende uma visita!",casa,https://www.chavesnamao.com.br/imovel/casa-para-alugar-4-quartos-com-garagem-sc-florianopolis-rio-tavares-RS12000/id-21731275/,rio-tavares,12000.0,,,
527,12000,0.0,400.0,4,2,2,"Rua Recanto das Gaivotas, 500",-27.65545,-48.47576,"Auxiliadora Predial aluga, linda casa no bairro Rio Tavares. Com quatro dormitórios sendo três suítes, banheira de hidromassagem e um quarto pequeno, podendo ser usado para escritório. Cozinha com móveis planejados, sala conceito aberto, mesa de ping pong, uma linda área gourmet com piscina. Toda mobiliada.   Localização estratégica Rififi, bem próximo a praia, perto de escolas, mercados, padaria. *** AGUA E LUZ INCLUSO NO VALOR DO ALUGUEL ***  Duas vagas de garagem.   Agende sua visita (48) 9 ",casa,https://www.chavesnamao.com.br/imovel/casa-para-alugar-4-quartos-com-garagem-sc-florianopolis-rio-tavares-401m2-RS12000/id-21867147/,rio-tavares,12000.0,,,
528,12000,0.0,200.0,4,3,2,"Servidão Venâncio Bernardino das Chagas, 820",-27.66277,-48.4817,"Localizada em rua sem saída bem tranquila e segura, próxima ao morro do lampião no bairro do Rio Tavares em Florianópolis ( praia do Campeche).  Nossa casa de 2 pisos tem 4 dormitórios sendo 2 suítes(1 das suítes com closet e a outra suíte no piso térreo da casa) e 2 quartos que compartilham o mesmo banheiro. 1 Lavabo no térreo. Ampla cozinha integrada com sala de estar e sala de jantar. Churrasqueira Externa. Amplas janelas com luminosidade indireta em toda casa. Lareira Externa, na sacada de cima, para fazer um luau com a família e amigos. Garagem para 2 carros. Amplo quintal arborizado. Portão elétrico na garagem. Terreno individual com 450m2. Área construída de 200m2. Boiler com aquecimento solar e elétrico ( automatizado para economizar na conta de luz ). Semi - Mobiliada. Depósito interno e Externo para guarda de objetos. A rua foi recentemente pavimentada. Entre em contato com a Açoriana Imóveis, especializada em imóveis no sul e leste da ilha.",casa,https://www.chavesnamao.com.br/imovel/casa-para-alugar-4-quartos-com-garagem-sc-florianopolis-rio-tavares-450m2-RS12000/id-21570054/,rio-tavares,12000.0,,,
529,12900,0.0,226.0,3,3,3,"Servidão Dunas da Joaquina, 255",-27.64897,-48.47506,"Linda casa com belo terreno, 3 quartos, próximo às praias do leste e sul da ilha de Florianópolis/SC e da Lagoa da Conceição.  &bull;Casa mobiliada &bull;Trilha para o mar no final da rua  São 3 dormitórios, sendo 1 suíte e 2 quartos. Salas com 2 ambientes, muito iluminadas e com excelente circulação de ar. Cozinha integrada ao living, área de serviço. Casa com churrasqueira e piscina, 3 vagas de garagem. Janelas e aberturas em madeira nobre. Excelente insolação em todas as áreas da casa, recebendo sol o dia todo, casa bem ventilada.  LOCALIZAÇÃO: Situado em região de grande valorização no Rio Tavares, com fácil acesso às praias do Sul da Ilha, para a Lagoa da Conceição, praias do Campeche, Mole e Joaquina. Local muito familiar, tranquilo, seguro e com infraestrutura no entorno.  DISTÂNCIAS - Aeroporto: 9 km - Centro: 15 km - Lagoa da Conceição: 7 km - Campeche 5 km - Praia Mole e Joaquina: 10 km    Chave do anúncio: QsqgmkSSb0hIJ2tz",casa,https://www.chavesnamao.com.br/imovel/casa-para-alugar-3-quartos-com-garagem-sc-florianopolis-rio-tavares-345m2-RS12900/id-19609411/,rio-tavares,12900.0,,,
530,19800,0.0,400.0,,,,"Rodovia Doutor Antônio Luiz Moura Gonzaga, 4559",-27.6615901,-48.4976512,"Barracão / galpão / depósito para alugar na rodovia doutor antônio luiz moura gonzaga, 4559, rio tavares, florianópolis, 400 m2 por r$ 19.800",galpao,https://www.chavesnamao.com.br/imovel/galpao-para-alugar-sc-florianopolis-rio-tavares-882m2-RS19800/id-18382945/,rio-tavares,19800.0,,,
531,19800,0.0,420.0,,2,,"Rodovia Doutor Antônio Luiz Moura Gonzaga, 4559",-27.6615901,-48.4976512,"Excelente galpão recém reformado, muito bem construído, com 800 m² e 420 m² de área construída. Possui mezanino amplo, escritório, dois banheiros social, garagem para mais de 10 carros e uma grande área bem estruturado para montagem de empresa. O galpão fica na avenida geral do bairro Rio Tavares, sendo uma área comercial privilegiada e de fácil acesso.  Detalhes do imóvel: - 420 m² de área construída; - Galpão recém reformado; - Dois banheiro sociais; - Escritório amplo; - Mezanino com ótima estrutura; - Garagem para mais de 10 carros; - Não financiável.",galpao,https://www.chavesnamao.com.br/imovel/galpao-para-alugar-sc-florianopolis-rio-tavares-800m2-RS19800/id-21700003/,rio-tavares,19800.0,,,
532,19800,0.0,400.0,,1,,"Rodovia Doutor Antônio Luiz Moura Gonzaga - De 2547/2548 A 4949/4950, 4559",-27.65343,-48.47986,"Excelente oportunidade comercial no Rio Tavares. Localização privilegiada, com alto fluxo de carros e pedestres.  Próximo ao elevado, terminal de ônibus e com fácil acesso e saída via terrestre para a ponte e BR 101, sul e norte da ilha de Florianópolis SC. Imóvel traz diversas possibilidades de configurações.  Agende sua visita: (48) 9 ",galpao,https://www.chavesnamao.com.br/imovel/galpao-para-alugar-sc-florianopolis-rio-tavares-850m2-RS19800/id-12681767/,rio-tavares,19800.0,,,
533,19980,0.0,400.0,,1,20,"Rodovia Doutor Antônio Luiz Moura Gonzaga, 4559",-27.6615901,-48.4976512,"Amplo Galpão com 400 metros no Rio Tavares em Florianópolis. Composto por 1 escritório, 1 banheiro, e um depósito no piso inferior. Parte superior com mezanino. Estacionamento frente e fundos. Agende sua visita com o corretor.",galpao,https://www.chavesnamao.com.br/imovel/galpao-para-alugar-com-garagem-sc-florianopolis-rio-tavares-850m2-RS19980/id-20339896/,rio-tavares,19980.0,,,
534,19980,0.0,420.0,,2,15,"Rodovia Doutor Antônio Luiz Moura Gonzaga, 4550",-27.6613132,-48.4976606,"Galpão Comercial à Venda no Rio Tavares, em Florianópolis.  Ótima localização, com fácil acesso para entrada e saída de transporte, instalado na via mais industrial da região, com grande fluxo e fácil acesso às rodovias que cortam a cidade assim como ao aeroporto . O galpão tem 420 m² de área construída, e está dividido em térreo e mezanino. Possui ainda amplo pátio para estacionamento frontal que acomoda mais de 10 automóveis e nos fundos acomoda mais 15 carros. Possui rede elétrica Trifásica NOVA",galpao,https://www.chavesnamao.com.br/imovel/galpao-para-alugar-com-garagem-sc-florianopolis-rio-tavares-800m2-RS19980/id-21700014/,rio-tavares,19980.0,,,
535,20000,0.0,800.0,,6,,"Rodovia Doutor Antônio Luiz Moura Gonzaga, 4466",-27.66135,-48.49673,"PONTO COMERCIAL NO RIO TAVARES!  Após 11 anos esse ponto está sendo desocupado porque a fábrica de pranchas teve muito sucesso e cresceu muito! Estão mudando para um ponto ainda maior!  Estará disponível a partir de Fevereiro de 2024.  Composto por: - 01 loja frente com rua; - 01 escritório/depósito que fica embaixo da loja também com 50m²; - 02 galpões grandes (01 com com 400m² e outro com 200m²); - 02 apartamentos/escritórios com 50m² cada; + vagas de estacionamento na frente, lateral e fundos do prédio; + área de manobra para caminhão. ALUGUEL: R$20mil/mês.  OBS: existe a possibilidade de dividir em 02 locações, sendo elas:  01) Loja+ 01 escritório + 01 galpão por R$15mil/mês. 02) 02 apartamentos +01 galpão por R$10mil/mês.  Consulte o seu consultor e agende uma visita!",ponto-comercial,https://www.chavesnamao.com.br/imovel/ponto-comercial-para-alugar-1-sala-sc-florianopolis-rio-tavares-1000m2-RS20000/id-20340008/,rio-tavares,20000.0,,,
536,2800,0.0,50.0,1,,1,"Servidão Recanto do Sabiá, 126",-27.654692,-48.4751971,"Ótimo apartamento mobiliado no bairro Rio Tavares, ao lado da trilha para o Rififi em Florianópolis. Com 1 dormitório, mobiliado, sacada e 1 vaga de estacionamento descoberta. Ficam todos os elétros Localização privilegiada. trilha da Lagoinha a 300m, próximo a comércios locais. Aproveite essa oportunidade única! Entre em contato para mais informações.",apartamento,https://www.chavesnamao.com.br/imovel/apartamento-para-alugar-1-quarto-com-garagem-sc-florianopolis-rio-tavares-RS2800/id-21860659/,rio-tavares,2800.0,832942.065,4164.710325,0.4873965446428572
537,6500,0.0,200.0,,1,,"Rodovia Francisco Magno Vieira, 2788",-27.6603608,-48.5022968,"Auxiliadora Predial agência bairro Santa Monica, aluga loja comercial composta de 200m² de área privativa com 100m² de mezanino, fachada toda em vidro, vaga de estacionamento na frente do imóvel para até três carros dois banheiros no andar de baixo e um no andar de cima.  Agende uma visita com um de nossos consultores e venha conhecer este lindo imóvel disponível para locação.",ponto-comercial,https://www.chavesnamao.com.br/imovel/ponto-comercial-para-alugar-sc-florianopolis-rio-tavares-200m2-RS6500/id-20363510/,rio-tavares,6500.0,,,
538,1800,0.0,48.0,,1,2,"Rua José Brognoli, 117",-27.6086532,-48.5347846,"Ótima oportunidade de aluguel de sala comercial no Opportunitá Empresarial, localizado na Rua Jose Brognoli - Saco dos Limões. O imóvel conta com 48m² de área privativa, 1lavabo, piso porcelanato e 2 vagas de garagem. Próximo a comércios locais e com fácil acesso a diferentes regiões da cidade. Agende já sua visita!",ponto-comercial,https://www.chavesnamao.com.br/imovel/sala-comercial-para-alugar-1-sala-com-garagem-sc-florianopolis-saco-dos-limoes-48m2-RS1800/id-5093685/,saco-dos-limoes,1800.0,,,
539,2500,426.0,45.0,1,1,1,"Rua Deputado Antônio Edu Vieira, 1798",-27.60154,-48.51622,"Ótimo apartamento 01 dormitório com localização previlegiada em frente a UFSC. Apartamento possui piso porcelanato em todo o imóvel, Ar-condicionado no quarto, armários de cozinha ,BWC com box blindex e sacada.",apartamento,https://www.chavesnamao.com.br/imovel/apartamento-para-alugar-1-quarto-com-garagem-sc-florianopolis-saco-dos-limoes-RS2500/id-20537369/,saco-dos-limoes,2926.0,569912.63,2849.56315,-0.026123325358851646
540,2600,550.0,39.0,1,1,1,"Rua João Motta Espezim, 524",-27.60785,-48.53479,"Apartamento com ótimo espaço, oferece dormitório, cozinha planejada, banheiro social com box de vidro, piso laminado e 1 vaga de garagem.",apartamento,https://www.chavesnamao.com.br/imovel/apartamento-para-alugar-1-quarto-com-garagem-sc-florianopolis-saco-dos-limoes-58m2-RS2600/id-14856576/,saco-dos-limoes,3150.0,546614.49,2733.07245,-0.13235795238095238
541,2600,0.0,39.0,1,1,1,"Rua João Motta Espezim, 524",-27.6078684,-48.53464779999999,"Studio para aluguel no LEMON RESIDENCE, localizado na Rua Joao Motta Espezim, no bairro Saco dos Limões em Florianópolis - SC, conta 39,32m² de área privativa e 1 dormitório. O imóvel conta ainda com sala e cozinha conjugadas, banheiro social com box de vidro, piso laminado e 1 vaga de garagem. Aproveite essa oportunidade! Entre em contato para mais informações e agende uma visita agora mesmo!",apartamento,https://www.chavesnamao.com.br/imovel/apartamento-para-alugar-1-quarto-com-garagem-sc-florianopolis-saco-dos-limoes-39m2-RS2600/id-11472505/,saco-dos-limoes,2600.0,546614.49,2733.07245,0.05118171153846163
542,2750,420.0,39.0,1,1,1,"Rua João Motta Espezim, 524",-27.60785,-48.53479,"Apartamento com dormitório e sala conjugados, possui closet, cozinha planejada, banheiro social com box de vidro, piso Laminado e 1 vaga de garagem.   ALGUNS ENCARGOS AINDA VÃO SER ATUALIZADOS****  *Alguns móveis, objetos pessoais e eletros não fazem parte da locação, consultar junto a administradora.**",apartamento,https://www.chavesnamao.com.br/imovel/apartamento-para-alugar-1-quarto-com-garagem-sc-florianopolis-saco-dos-limoes-58m2-RS2750/id-9760124/,saco-dos-limoes,3170.0,546614.49,2733.07245,-0.13783203470031546
543,2800,596.0,44.0,1,2,1,"Avenida Prefeito Waldemar Vieira, 635",-27.61016,-48.53276,"Ótimo apartamento para locação Florianópolis, localizado na Avenida Prefeito Waldemar Vieira, no bairro Saco dos Limões. Com 1 quarto, 1 suíte, 2 banheiros, 1 vaga de garagem, semi mobiliado. Infraestrutura completa com portão eletrônico. O imóvel também conta com área de serviço, cozinha, cozinha com armários, hobbybox, lavabo, piscina, sacada e é semi mobiliado. Excelente oportunidade para morar em uma região tranquila e com fácil acesso. Agende sua visita!",apartamento,https://www.chavesnamao.com.br/imovel/apartamento-para-alugar-1-quarto-com-garagem-sc-florianopolis-saco-dos-limoes-74m2-RS2800/id-19456869/,saco-dos-limoes,3396.0,593409.445,2967.047225,-0.12631118227326277
544,2800,500.0,41.0,1,1,1,"Rua João Motta Espezim, 524",-27.60785,-48.53479,"Aproveite a oportunidade de alugar este belo Studio no empreendimento LEMON RESIDENCE, localizado na Rua Joao Motta Espezim, no bairro Saco dos Limões em Florianópolis. O imóvel conta com 1 dormitório, 1 suíte, 1 banheiro social e 1 vaga de garagem.   Agende já a sua visita!",apartamento,https://www.chavesnamao.com.br/imovel/apartamento-para-alugar-1-quarto-com-garagem-sc-florianopolis-saco-dos-limoes-RS2800/id-21771255/,saco-dos-limoes,3300.0,550577.78,2752.8889000000004,-0.16579124242424226
545,2900,466.0,41.0,1,1,1,"Rua João Motta Espezim, 524",-27.60785,-48.53479,"Aconchegante studio para aluguel no bairro Saco dos Limões em Florianópolis. Localizado no Lemon Residence, este imóvel conta com 1 dormitório, banheiro social, 1 vaga de garagem. Próximo a comércios locais e de fácil acesso a outras regiões da cidade. Aproveite essa oportunidade de morar em um lugar tranquilo e bem estruturado! Total privacidade e conforto, agende uma visita e venha conferir!",apartamento,https://www.chavesnamao.com.br/imovel/apartamento-para-alugar-1-quarto-com-garagem-sc-florianopolis-saco-dos-limoes-62m2-RS2900/id-13964042/,saco-dos-limoes,3366.0,550577.78,2752.8889000000004,-0.18214827688651203
546,3000,890.0,73.0,2,2,1,"Rua Hipólito Mafra, 203",-27.60508,-48.5329,"Aproveite essa oportunidade de alugar um belo apartamento no bairro Saco dos Limões em Florianópolis. Conta com área privativa de 73.85m², 2 dormitórios, sala ampla, sacada com churrasqueira, cozinha planejada, área de serviço, banheiro social com box de vidro, e 1 vaga de estacionamento.   Próximo a comércios e serviços, ótima localização em Florianópolis. Agende uma visita!  **ar-condicionado Split não fará parte da locação**",apartamento,https://www.chavesnamao.com.br/imovel/apartamento-para-alugar-2-quartos-com-garagem-sc-florianopolis-saco-dos-limoes-RS3000/id-21901949/,saco-dos-limoes,3890.0,645331.565,3226.657825,-0.17052498071979438
547,6000,0.0,208.0,4,3,2,"Rua Belizário Berto da Silveira, 402",-27.6046067,-48.5346001,"Casa de 2 pisos com 4 quartos sendo 1 suíte com hidro, 2 salas, cozinha com armários, área de serviço, 2 banheiros sociais, área externa nos fundos, piscina, área de churrasqueira, dependência de empregada, banheiro de serviço, garagem.   Localização privilegiada dentro de Florianópolis, o bairro Saco dos Limões fica basicamente, entre o centro da cidade e o campus da Universidade Federal de Santa Catarina (UFSC). Essa posição poderia fazer qualquer um pensar em uma região movimentada, mas o Saco dos Limões destaca-se por seu aspecto residencial.",casa,https://www.chavesnamao.com.br/imovel/casa-para-alugar-4-quartos-com-garagem-sc-florianopolis-saco-dos-limoes-RS6000/id-5430987/,saco-dos-limoes,6000.0,,,
548,6000,170.0,40.0,,1,7,"Rua Professor Milton Sullivan, 781",-27.6023,-48.52945,"Loja comercial com 37m² de área privativa, localizada na Carvoeira próximo a  (link removido) óvel com lavabo e piso porcelanato. 7 vagas descobertas no pátio. Agende já uma visita através do nosso plantão pelo telefone (48)   ou pelo whatsapp (48) 9 . Aguardamos seu contato!Será ainda de responsabilidade do locatário, o pagamento de seguro incêndio, energia elétrica, água e demais encargos. Sobre o valor do condomínio, poderá haver fundo de reserva e rateio, que serão pagos pelo locatário, podendo ser ressarcidos posteriormente. Estas informações são de responsabilidade do proprietário e poderão ser alteradas a qualquer momento. Os valores anunciados de Condomínio, IPTU, Laudêmio, TCRS e outras taxas que por ventura venham a incidir sobre este imóvel são aproximados. Solicite o valor atualizado. A visualização de mobília nas imagens não significa que o mesmo será comercializado  (link removido) : A Invista conta com profissionais especializados no mercado imobiliário e possui duas lojas, a Matriz no Centro e uma Filial no Estreito, em pontos nobres com estacionamento. Temos mais de 12 anos de experiência sempre satisfazendo nossos clientes e fazendo amigos. Nossa pauta possui mais de 3000 imóveis com diversas opções na Ilha e no Continente. Venha tomar um café conosco e conferir o que temos de melhor pra você",ponto-comercial,https://www.chavesnamao.com.br/imovel/ponto-comercial-para-alugar-com-garagem-sc-florianopolis-saco-dos-limoes-40m2-RS6000/id-2558331/,saco-dos-limoes,6170.0,,,
549,6800,0.0,240.0,3,4,2,"Rua Aldo Alves, 347",-27.61643,-48.52724,"Ampla casa para aluguel no bairro Saco Dos Limões, em Florianópolis!  O imóvel possui 240m² de área privativa com 3 dormitórios sendo 1 suíte. O imóvel conta ainda com 3 salas (sendo 1 com lareira e sacada), cozinha com armários, área de serviço, dependência de empregada, lavabo, piscina e edícula com churrasqueira. Além disso possui varanda, jardim e vagas de garagem para 2 carros.   Ótima oportunidade de aluguel de casa espaçosa em uma localização privilegiada na ilha. Não perca essa chance de morar em um imóvel com ótima infraestrutura e agende sua visita agora mesmo!  ***BANHEIRA DESATIVADA***",casa,https://www.chavesnamao.com.br/imovel/casa-para-alugar-3-quartos-com-garagem-sc-florianopolis-saco-dos-limoes-240m2-RS6800/id-21023326/,saco-dos-limoes,6800.0,,,
550,8200,0.0,156.0,,,2,"Rua Deputado Antônio Edu Vieira, 550",-27.61018,-48.52333,"Ampla sala comercial, térrea, disponível para locação, no bairro do Pantanal com 99 m². Possui 02 banheiros adaptados para pessoas com deficiência (PcD). Localizada em uma ótima região, próxima à UFSC, ponto de ônibus, bares, restaurantes e posto de gasolina.  Obs.: 02 vagas de garagem além de habite-se comercial.  Entre em contato para mais informações, (48)  .",ponto-comercial,https://www.chavesnamao.com.br/imovel/ponto-comercial-para-alugar-com-garagem-sc-florianopolis-saco-dos-limoes-156m2-RS8200/id-21819049/,saco-dos-limoes,8200.0,,,
551,8900,1511.0,247.0,,1,2,"Rua José Brognoli, 117",-27.60868,-48.53484,"Aqui está a sua chance de adquirir a loja dos seus sonhos única e exclusiva no Saco dos Limões, uma das regiões mais desejadas da cidade.  Loja Comercial com 247 m², de frente para a rua, banheiro e mezanino (com possibilidade de ampliação por toda a extensão da loja) e vaga de garagem dupla. Agende uma visita e conheça todos os detalhes do seu novo imóvel! Dalton Andrade Imóveis, a sua garantia imobiliária! Ligue: (48)   - loja centro  (48)   - loja trindade  ",ponto-comercial,https://www.chavesnamao.com.br/imovel/ponto-comercial-para-alugar-com-garagem-sc-florianopolis-saco-dos-limoes-310m2-RS8900/id-17988177/,saco-dos-limoes,10411.0,,,
552,8910,1500.0,247.0,,1,2,"Rua José Brognoli, 117",-27.60868,-48.53484,"Excelente oportunidade para seu negócio, loja mezanino e lavabo, 310,15m².",ponto-comercial,https://www.chavesnamao.com.br/imovel/ponto-comercial-para-alugar-2-salas-com-garagem-sc-florianopolis-saco-dos-limoes-310m2-RS8910/id-1677467/,saco-dos-limoes,10410.0,,,
553,11000,1230.0,218.0,,1,,"Rua José Brognoli, 117",-27.6086532,-48.5347846,"Sala comercial com 1 sala para alugar na rua josé brognoli, 117, saco dos limões, florianópolis, 218 m2 por r$ 11.000",ponto-comercial,https://www.chavesnamao.com.br/imovel/sala-comercial-para-alugar-1-sala-sc-florianopolis-saco-dos-limoes-259m2-RS11000/id-5129811/,saco-dos-limoes,12230.0,,,
554,11000,0.0,263.0,,3,1,"Rua João Motta Espezim, 257",-27.6084,-48.53715,"Casa comercial para alugar em Florianópolis, localizada na Rua João Motta Espezim, no bairro Saco dos Limões. Com 263m² de área privativa, 10 salas, banheiros e 1 vaga de garagem. Localizada no bairro Saco dos Limões, em Florianópolis, esta casa é ideal para quem busca conforto e praticidade. Aproveite essa oportunidade de alugar um imóvel espaçoso em uma excelente localização!",casa,https://www.chavesnamao.com.br/imovel/casa-para-alugar-com-garagem-sc-florianopolis-saco-dos-limoes-RS11000/id-20016122/,saco-dos-limoes,11000.0,,,
555,13400,0.0,526.0,,,4,"Rua Deputado Antônio Edu Vieira, 550",-27.61018,-48.52333," Aluga-se sala comercial no Pantanal com 340 metros quadrados. A sala possui 4 banheiros adaptados para pessoas com deficiência (PcD) e vestiários com chuveiros. Localizada em uma ótima região, próxima à UFSC, ponto de ônibus, bares, restaurantes e posto de gasolina. A sala possui habite-se comercial.  Agende sua visita (48)  .",ponto-comercial,https://www.chavesnamao.com.br/imovel/ponto-comercial-para-alugar-com-garagem-sc-florianopolis-saco-dos-limoes-526m2-RS13400/id-21819047/,saco-dos-limoes,13400.0,,,
556,60000,0.0,1.513,,,,"Rua João Motta Espezim, 1355",-27.6124648,-48.5280392,"Barracão / galpão / depósito para alugar na rua joão motta espezim, 1355, saco dos limões, florianópolis, 1513 m2 por r$ 60.000",galpao,https://www.chavesnamao.com.br/imovel/galpao-para-alugar-sc-florianopolis-saco-dos-limoes-1513m2-RS60000/id-18382809/,saco-dos-limoes,60000.0,,,
557,14000,0.0,420.0,,1,,"Rua José Brognoli, 117",-27.60868,-48.53484,"Auxiliadora Predial agencia bairro santa Monica aluga excelente loja comercial nova, nunca habitada, localizada no bairro Saco dos Limões, composta de 420m³ de área total com mezanino de 110m², banheiro PME, dois banheiros na parte superior, espera para Split, fachada toda de vidro, piso porcelanato, rebaixo em gesso. Próximo ao mercado imperatriz, ao lado do Santa Luzia centro de exames, fácil deslocamento para outras regiões.  Agende uma visita e venha conhecer este lindo imóvel.",ponto-comercial,https://www.chavesnamao.com.br/imovel/ponto-comercial-para-alugar-sc-florianopolis-saco-dos-limoes-420m2-RS14000/id-20363504/,saco-dos-limoes,14000.0,,,
558,6000,0.0,250.0,4,2,2,"Rua Belizário Berto da Silveira, 420",-27.6043644,-48.534688,"Casa residencial com 250m² de área construída, situada no bairro Saco dos Limões.   Esta propriedade vem totalmente mobiliada, oferecendo uma espaçosa sala de estar e jantar, lavabo, cozinha com armários, dependência de empregada e lavanderia. No segundo piso, você encontrará 4 quartos, incluindo 1 suíte com hidromassagem, uma sala mezanino e um banheiro social.   A área externa conta com um pátio todo murado, terraço com piscina e vista parcial para o mar, canil e uma garagem coberta para 2 vagas.   A combinação perfeita de conforto e tranquilidade!  Agende já uma visita através do nosso plantão de vendas pelo telefone (48)   ou pelo whatsapp (48) 99865- 9090. Aguardamos seu contato!   Será ainda de responsabilidade do locatário, o pagamento de seguro incêndio, energia elétrica, água e demais encargos. Sobre o valor do condomínio, poderá haver fundo de reserva e rateio, que serão pagos pelo locatário, podendo ser ressarcidos posteriormente. Estas informações são de responsabilidade do proprietário e poderão ser alteradas a qualquer momento. Os valores anunciados de Condomínio, IPTU, Laudêmio, TCRS e outras taxas que por ventura venham a incidir sobre este imóvel são aproximados. Solicite o valor atualizado. A visualização de mobília nas imagens não significa que o mesmo será comercializado mobiliado.   EMPRESA: A Invista conta com profissionais especializados no mercado imobiliário e possui duas lojas, a Matriz no Centro e uma Filial no Estreito, em pontos nobres com estacionamento. Temos mais de 14 anos de experiência sempre satisfazendo nossos clientes e fazendo amigos. Nossa pauta possui mais de 3000 imóveis com diversas opções na Ilha e no Continente. Venha tomar um café conosco e conferir o que temos de melhor pra você.",casa,https://www.chavesnamao.com.br/imovel/casa-para-alugar-4-quartos-com-garagem-sc-florianopolis-saco-dos-limoes-300m2-RS6000/id-20622041/,saco-dos-limoes,6000.0,,,
559,15000,0.0,203.0,,,,"Avenida Prefeito Waldemar Vieira, 00",-27.6112025,-48.5311685,"Excelente oportunidade de alugar uma loja na Avenida Prefeito Waldemar Vieira, no bairro Saco dos Limões em Florianópolis. Com área privativa de 203.62m², o imóvel está localizado em uma região estratégica. Aproveite esta chance e invista no seu negócio! ALGUNS ENCARGOS AINDA VÃO SER ATUALIZADOS****",ponto-comercial,https://www.chavesnamao.com.br/imovel/ponto-comercial-para-alugar-sc-florianopolis-saco-dos-limoes-RS15000/id-5177516/,saco-dos-limoes,15000.0,,,
560,20000,0.0,684.0,,,6,"Rua Deputado Antônio Edu Vieira, 550",-27.61018,-48.52333,"Aluga-se sala terreo comercial no Pantanal com 440 metros quadrados. A sala possui 6 banheiros adaptados para pessoas com deficiência (PcD). Localizada em uma ótima região, próxima à UFSC, ponto de ônibus, bares, restaurantes e posto de gasolina. A sala possui habite-se comercial. AGENDE SUA VISITA (48)  ",ponto-comercial,https://www.chavesnamao.com.br/imovel/ponto-comercial-para-alugar-com-garagem-sc-florianopolis-saco-dos-limoes-684m2-RS20000/id-21819045/,saco-dos-limoes,20000.0,,,
561,3000,0.0,60.0,,1,,"Avenida Madre Benvenuta, 1012",-27.5909,-48.51141,"Ótima oportunidade de montar seu negocio no bairro, Santa Mônica em Florianópolis.   Com 60m² de área privativa, 1 banheiro social, ar condicionado instalado. Localização estratégica.  Bairro residencial de Florianópolis, nele se localiza o campus principal da Universidade do Estado de Santa Catarina (UD ESC). O Santa Mônica se caracteriza por ser um bairro de classe média alta, bem urbanizado, com uma via principal que corta o bairro (Avenida Madre Benvenuta), onde são oferecidos diversos tipos de serviços (clínicas médicas, odontológicas, oficinas, postos de gasolina, etc.). Entre as opções de lazer, o bairro oferece o Shopping Iguatemi, um dos principais da cidade, localizado na via principal da Santa Mônica, além de cafés, bares e restaurantes conceituados.  Entre em contato para mais informações!  ***ALGUNS ENCARGOS PENDENTES***",ponto-comercial,https://www.chavesnamao.com.br/imovel/sala-comercial-para-alugar-2-salas-sc-florianopolis-santa-monica-RS3000/id-21901947/,santa-monica,3000.0,,,
562,4000,463.0,60.0,,,,"Rua Nirberto Haase, 60",-27.5918085,-48.5138896,"QUIOSQUE NO SANTA MÔNICA!  Opção viável para o empreendedor que deseja montar um negócio , gastando pouco em um dos bairros mais movimentados de Florianópolis. Ao lado do Shopping Iguatemi e Supermercado Angeloni, o quiosque fica localizado no Edifício Santa Mônica Office. O quiosque conta com banheiro privativo,  O prédio oferece com 3 elevadores, park de estacionamento, banheiros coletivos feminino e masculino com chuveiros, bicicletário.  (valor de condomínio e IPTU sob consulta)  Bairro residencial de Florianópolis, nele se localiza o campus principal da Universidade do Estado de Santa Catarina (UDESC). O Santa Mônica se caracteriza por ser um bairro de classe média alta, bem urbanizado, com uma via principal que corta o bairro (Avenida Madre Benvenuta), onde são oferecidos diversos tipos de serviços (clínicas médicas, odontológicas, oficinas, postos de gasolina, etc.). Entre as opções de lazer, o bairro oferece o Shopping Iguatemi, um dos principais da cidade, localizado na via principal da Santa Mônica, além de cafés, bares e restaurantes conceituados.  Distância do Centro: 6,4 km População: 5.081 habitantes",ponto-comercial,https://www.chavesnamao.com.br/imovel/ponto-comercial-para-alugar-sc-florianopolis-santa-monica-RS4000/id-7247140/,santa-monica,4463.0,,,
563,4200,450.0,48.0,,1,,"Avenida Madre Benvenuta, 1392",-27.5891964,-48.507957,"Excelente sala para locação em Santa Mônica, Florianópolis. Com 48.9m² de área privativa, 1 banheiro social, ar condicionado tipo split, banheiro e semi mobiliado, salas com divisória com isolamento acústico, piso laminado. Localizado na avenida Madre Benvenuta, próximo a comércios, farmácia, cafés e bares da região. Hoje Santa Mônica tem um ecossistema próprio, com uma grande fluxo de pessoas.   bairro de Santa Mônica fica localizado na região central da ilha de Florianópolis, próxima de outros bairros famosos, como: Trindade, Itacorubi e Córrego Grande. Santa Mônica também é perto das praias Conceição, da Joaquina e Praia Mole.  Com suas ruas largas, planas e arborizadas, o bairro também é sede principal do campus da Universidade do Estado de Santa Catarina (Udesc), que oferece cursos de Administração, Negócios, Moda, Artes Visuais, História e muitos outros.   valor do IPTU + coleta de lixo e agua 250,00   Ótima oportunidade para trazer o seu negócio. Agende uma visita!",ponto-comercial,https://www.chavesnamao.com.br/imovel/sala-comercial-para-alugar-sc-florianopolis-santa-monica-RS4200/id-22219447/,santa-monica,4650.0,,,
564,5500,0.0,200.0,3,3,1,"Rua Acadêmico Reinaldo Consoni, 654",-27.59261,-48.50693,"**VALORES PARA PAGAMENTOS EM DIA**  Ótima casa estúdio ampla e térrea, com 03 quartos, 02 banheiros completos e 01 lavabo, jardim fechado nos fundos e garagem coberta. Localizada em excelente região do Córrego Grande, com fácil acesso a comércios de bairro e vias principais.",casa,https://www.chavesnamao.com.br/imovel/casa-para-alugar-3-quartos-com-garagem-sc-florianopolis-santa-monica-360m2-RS5500/id-2823166/,santa-monica,5500.0,,,
565,7000,0.0,302.0,,3,,"Rua Esaú Pereira da Silva, 160",-27.5894,-48.51217,"Casa comercial para alugar na rua Esau Pereira da Silva, bairro Santa Mônica, Florianópolis, com 302m² de área privativa e 5 salas, cozinha, piso cerâmico, 3 lavabos, imóvel amplo e arejado. Excelente oportunidade para montar o seu negocio em uma das melhores regiões de Florianópolis. Agende uma visita hoje mesmo, e venha conhecer!",casa,https://www.chavesnamao.com.br/imovel/casa-para-alugar-sc-florianopolis-santa-monica-302m2-RS7000/id-20052593/,santa-monica,7000.0,,,
566,7500,0.0,106.0,,2,,"Avenida Madre Benvenuta, 932",-27.59114,-48.51205,"Excelente loja comercial para aluguel na Avenida Madre Benvenuta, Santa Mônica. O imóvel possui 106 m² e conta com amplo espaço térreo, mezanino, 2 lavabos, jardim de inverno e estacionamento rotativo. Este imóvel está situado em um dos pontos comerciais mais movimentados do Santa Mônica, sendo o lugar ideal para você que deseja abrir ou expandir sua empresa. Extremamente próximo do Shopping Villa Romana, do Angeloni, dos principais comércios e facilidades do bairro, além de possuir fácil acesso às universidades UFSC e UDESC.   Santa Mônica caracteriza-se por ser um bairro de classe média-alta, bem urbanizado, com uma via principal que corta o bairro (Avenida Madre Benvenuta), onde são oferecidos diversos tipos de serviços como: clínicas médicas, odontológicas, de estética, agências bancárias, e comércio em geral. Entre as opções de lazer, o bairro oferece o Shopping Villa Romana, um dos principais shopping centers de Florianópolis, localizado na via principal da Santa Mônica. Além disso o bairro possui ótimas opções gastronômicas como cafés, restaurantes e bares conceituados.",ponto-comercial,https://www.chavesnamao.com.br/imovel/ponto-comercial-para-alugar-sc-florianopolis-santa-monica-RS7500/id-2462901/,santa-monica,7500.0,,,
567,8000,0.0,140.0,,1,,"Rua Nery Cardoso Bittencourt, 180",-27.5897,-48.51031,"Auxiliadora Predial aluga, excelente loja comercial localizada no bairro Santa Monica em frente a praça composta por 120m² de área privativa, deck em frente ao imóvel, com central de gás",ponto-comercial,https://www.chavesnamao.com.br/imovel/ponto-comercial-para-alugar-sc-florianopolis-santa-monica-120m2-RS8000/id-20340048/,santa-monica,8000.0,,,
568,8500,0.0,221.0,3,3,2,"Rua Jonas Alves Messina, 126",-27.59015,-48.51348,"Casa com 3 quartos para alugar na rua jonas alves messina, 126, santa mônica, florianópolis, 221 m2 por r$ 8.500",casa,https://www.chavesnamao.com.br/imovel/casa-para-alugar-3-quartos-com-garagem-sc-florianopolis-santa-monica-RS8500/id-19513306/,santa-monica,8500.0,,,
569,8750,0.0,164.0,,3,2,"Rua Joe Collaço, 540",-27.5959,-48.51231,"Excelente oportunidade para seu negócio ou moradia:  Área total de 414,00m2, sendo Frente:12,00m2 e Fundos: 34,50m2 com 02 vagas cobertas e 02 vagas descobertas, além das seguintes configurações: Edificações 100% com piso cerâmico, amplo espaço externo/jardim, subdivididos em parte com gramado e calçadas, 01 central de gás e 01 casinha/abrigo gás. Área Privativa: 164,56m2, assim divididos: Na edificação 01 - CASA, com 113,30m2, composta por 04 salas, 01 cozinha, 02 banheiros, 01 corredor/área de circulação, 01 área de serviços com tanque. Na edificação 02 - EDÍCULA, com 51,26m2, possui 02 salas, 01 banheiro, 01 área de serviços. Então o que você está esperando? Entre em contato para mais informações e venha já, fazer uma visita para conferir de perto tudo que esse imóvel tem a lhe oferecer, pois quem sabe este é o imóvel que você estava procurando, quer seja para você morar ou para você estabelecer seu negócio / empresa.",casa,https://www.chavesnamao.com.br/imovel/casa-para-alugar-com-garagem-sc-florianopolis-santa-monica-420m2-RS8750/id-20353919/,santa-monica,8750.0,,,
570,8900,0.0,70.0,,1,5,"Rua Joe Collaço, 980",-27.59204,-48.51188,Excelente loja comercial com otima localização,ponto-comercial,https://www.chavesnamao.com.br/imovel/ponto-comercial-para-alugar-com-garagem-sc-florianopolis-santa-monica-70m2-RS8900/id-20363599/,santa-monica,8900.0,,,
571,9500,0.0,245.0,,3,2,"Rua Vereador Guido Bott, 36",-27.58913,-48.5094,"Casa comercial no bairro Santa Mônica em Florianópolis com 05 salas amplas, uma recepção, lavabo, mais 2 banheiros, cozinha, espaço de lazer com piscina e churrasqueira, contem entrada lateral, garagem para 2 veículos coberto e mais 2 veículos descoberto. Possibilidade de locar com os móveis do escritório. Próximo a Avenida Madre Benevenuta, mercado Angeloni, shopping Iguatemi, bancos e vários comercio. Desconto especial! R$ 500,00 no aluguel durante 6 meses.",casa,https://www.chavesnamao.com.br/imovel/casa-para-alugar-com-garagem-sc-florianopolis-santa-monica-RS9500/id-20052567/,santa-monica,9500.0,,,
572,9900,0.0,140.0,,1,,"Rua Sérgio Rogério Beims, 25",-27.59172,-48.5125,"Ótima oportunidade para seu negócio! Loja com 140m² de área privativa, sala ampla, mezanino, lavabo, piso de porcelanato e estacionamento rotativo e conta ainda com um bicicletário frontal. Localizada na Rua Sergio Rogerio Beims, 25 - Santa Mônica. Venha conferir essa oportunidade única! Entre em contato para mais informações e agende uma visita.  Bairro residencial de Florianópolis, nele se localiza o campus principal da Universidade do Estado de Santa Catarina (UDESC). O Santa Mônica se caracteriza por ser um bairro de classe média alta, bem urbanizado, com uma via principal que corta o bairro (Avenida Madre Benvenuta), onde são oferecidos diversos tipos de serviços (clínicas médicas, odontológicas, oficinas, postos de gasolina, etc.). Entre as opções de lazer, o bairro oferece o Shopping Iguatemi, um dos principais da cidade, localizado na via principal da Santa Mônica, além de cafés, bares e restaurantes conceituados.  Distância do Centro: 6,4 km",ponto-comercial,https://www.chavesnamao.com.br/imovel/ponto-comercial-para-alugar-1-sala-sc-florianopolis-santa-monica-RS9900/id-14576052/,santa-monica,9900.0,,,
573,10718,0.0,160.0,,1,,"Rua Jonas Alves Messina, 65",-27.59077,-48.51335,"Sala comercial com 1 sala para alugar na rua jonas alves messina, 65, santa mônica, florianópolis, 160 m2 por r$ 10.718",ponto-comercial,https://www.chavesnamao.com.br/imovel/sala-comercial-para-alugar-1-sala-sc-florianopolis-santa-monica-RS10718/id-18829871/,santa-monica,10718.0,,,
574,20000,0.0,210.0,,3,8,"Avenida Madre Benvenuta, 1012",-27.5909,-48.51141,"Excelente oportunidade para trazer seu negocio para um dos bairros mais requisitados da grande Florianópolis!   Loja com 210m² de área privativa, 3 banheiros, 3 salas amplas que vão ser unificadas, 8 vagas de estacionamento ROTATIVAS. Localizada na Avenida Madre Benvenuta, no bairro Santa Mônica em Florianópolis. Próxima a comércios e serviços locais.   Bairro residencial de Florianópolis, nele se localiza o campus principal da Universidade do Estado de Santa Catarina (UDESC). O Santa Mônica se caracteriza por ser um bairro de classe média alta, bem urbanizado, com uma via principal que corta o bairro (Avenida Madre Benvenuta), onde são oferecidos diversos tipos de serviços (clínicas médicas, odontológicas, oficinas, postos de gasolina, etc.). Entre as opções de lazer, o bairro oferece o Shopping Iguatemi, um dos principais da cidade, localizado na via principal da Santa Mônica, além de cafés, bares e restaurantes conceituados.  Entre em contato para mais informações!  ***ALGUNS ENCARGOS PENDENTES***",ponto-comercial,https://www.chavesnamao.com.br/imovel/ponto-comercial-para-alugar-3-salas-com-garagem-sc-florianopolis-santa-monica-RS20000/id-21901946/,santa-monica,20000.0,,,
575,12000,80.0,120.0,,1,4,"Avenida Madre Benvenuta, 1012",-27.5909,-48.51141,"Loja no Bairro Santa Monica com 120m² de área privativa, estacionamento rotativo, cozinha e 01 banheiro. Excelente localização na Av. Madre Benvenuta próximos ao Shopping Vila Romana, lojas comerciais e super mercado. Avenida de muito fluxo. Agende sua visita com o corretor.",ponto-comercial,https://www.chavesnamao.com.br/imovel/ponto-comercial-para-alugar-com-garagem-sc-florianopolis-santa-monica-250m2-RS12000/id-20363503/,santa-monica,12080.0,,,
576,2700,1.0,70.0,2,2,,"Servidão Da Graça, 100",-27.45821,-48.38259,"Apartamento para Locação no bairro Santinho, localizado na cidade de Florianópolis SC com vista para o mar. Apartamento estilo rustico, com 02 dormitórios, sendo 01 suite, banheiro social, ampla sala de jantarestar, mezanino, churrasqueira interna, cozinha com pia e arm[arios, Área de serviço, esquadrias em madeira e piso cerâmica, com apenas 1 km de distância praia.       1 Vaga de garagem não coberta   Garantia: SEGURO FIANÇA OU CREDPAGO (338,00 mensal) E SEGURO INCÊNDIO (obrigatoriedade)     Os valores poderão sofrer alterações sem aviso prévio.       - Características: Banheiro Social, Forro Gesso, Murada, Vista p o mar,     - Cômodos: Área de Serviço, Cozinha, Sala de jantar, Sala de jantar, 2 Dormitórios, Banheiro, Banheiro, Banheiro Social,     - Proximidades: Bares e Restaurantes, Escola, Farmácia, Praia, Praia, Supermercado,     Os valores poderão sofrer alterações sem aviso prévio.",apartamento,https://www.chavesnamao.com.br/imovel/apartamento-para-alugar-2-quartos-sc-florianopolis-santinho-70m2-RS2700/id-21760167/,santinho,2701.0,914300.585,4571.502925,0.6925223713439466
577,3200,0.0,61.0,2,1,1,"Est Vereador Onildo Lemos, Praia Do Santinho - Florianopolis_sc, 600",-27.44842,-48.37888,"apartamento - Praia do Santinho  Residencial Espelho D*Agua  JJ Imobiliária, ALUGA, lindo apto térreo, mobiliado e equipado, a poucos metros da praia do Santinho e de Ingleses sul, Florianópolis-SC. Com 61m² de área privativa e 73m²de área total.  Com 02 dormitórios, sendo 01 suíte, banheiro social, cozinha e lavanderia, sala de estar e de jantar integradas, pátio todo gradeado, 01 vaga de garagem coberta.  Localizado na rua principal da praia e próximo ao mar.  Condomínio com portão eletrônico.  Taxas de condomínio, agua e luz, já inclusos no valor do aluguel.  Taxas de internet e gás, conforme consumo.  *Seguro Incêndio - R$ 233,30 (taxa anual).  *Valor do Aluguel: R$ 4.200,00 *Valor Bonificado: R$ 3.200,00  * Valor Bonificado: para pagamento do aluguel até o dia 08 de cada mês.",apartamento,https://www.chavesnamao.com.br/imovel/apartamento-para-alugar-2-quartos-com-garagem-sc-florianopolis-santinho-73m2-RS3200/id-21735000/,santinho,3200.0,533163.15,2665.81575,-0.16693257812499995
578,13000,1.0,336.0,,2,,"Estrada Vereador Onildo Lemos, 100",-27.45118,-48.37987,"Excelente sala Comercial com Habite-se da PMF, com bastante flexibilidade para sua exploração. Sua localização, tamanho do terreno, população residente no entorno, proporcionam várias alternativas a serem consideradas (Ideal para Mercados Sacolão Oficina) .     Com uma área ultil de 336 m2, área fechada de deposito de 152 m2, Estacionamento com uma área de 166 m2, banheiro masculino e feminino,     Em frente a avenida principal dos Ingleses.     Próximo à Praia, Bares, Escolas.     Garantia: CREDPAGO (12 x 1197,00) E SEGURO INCÊNDIO (obrigatoriedade)     Os valores poderão sofrer alterações sem aviso prévio.       - Características: Forro Gesso,     - Cômodos: Área de Serviço, Banheiro, Banheiro,     - Proximidades: Bares e Restaurantes, Escola, Farmácia, Praia, Praia, Supermercado,     Os valores poderão sofrer alterações sem aviso prévio.",ponto-comercial,https://www.chavesnamao.com.br/imovel/sala-comercial-para-alugar-1-sala-sc-florianopolis-santinho-336m2-RS13000/id-19804783/,santinho,13001.0,,,
579,2000,1.0,70.0,2,1,,"Estrada Vereador Onildo Lemos, 100",-27.45118,-48.37987,"Apartamento estilo rustico, com 02 dormitórios, cozinha, banheiro social, ampla sala de jantarestar, esquadrias em madeira e piso cerâmica, com apenas 1 km de distância praia.       1 Vaga de garagem não coberta   Garantia: SEGURO FIANÇA OU CREDPAGO (260,00 mensal) E SEGURO INCÊNDIO (obrigatoriedade)     Os valores poderão sofrer alterações sem aviso prévio.       - Características: Forro Gesso, Murada,     - Cômodos: Área de Serviço, Cozinha, Sala de jantar, Sala de jantar, 2 Dormitórios, Banheiro, Banheiro,     - Proximidades: Bares e Restaurantes, Escola, Farmácia, Praia, Praia, Supermercado,     Os valores poderão sofrer alterações sem aviso prévio.",apartamento,https://www.chavesnamao.com.br/imovel/apartamento-para-alugar-2-quartos-sc-florianopolis-santinho-70m2-RS2000/id-17690978/,santinho,2001.0,686253.63,3431.26815,0.7147766866566716
580,2000,300.0,99.0,1,1,1,"Estrada Vereador Onildo Lemos, 1825",-27.4587656,-48.3811649,"Excelente apartamento, composto por 01 dormitório, 01 banheiro. sala, cozinha, sacada, 01vaga de garagem. Apartamento para pessoas exigentes e de muito bom gosto. Condomínio conta piscina. Após a assinatura do contrato, previsão de entrega aproximada de 10 dias.  Demais despesas: (IPTU, consumo de água, luz e seguro incêndio) *Seguro Incêndio consultar valores.  Para locação é necessário: - Preenchimento da ficha de cadastro de locatário - Renda comprovada de 3 vezes o valor do aluguel - Documentos pessoais  - Garantias locatícias: * Seguro fiança locatícia * Título de capitalização * Cred Pago  Fale com um de nossos corretores e visite este imóvel. Estamos sempre conectados pelo celular, WhatsApp ou e-mail.  Ou se preferir, venha tomar um café. Estamos localizados próximo à praia, na região das Gaivotas, nos Ingleses - Florianópolis/SC",apartamento,https://www.chavesnamao.com.br/imovel/apartamento-para-alugar-1-quarto-com-garagem-sc-florianopolis-santinho-108m2-RS2000/id-20355519/,santinho,2300.0,712824.74,3564.1237,0.5496190000000001
581,9000,0.0,360.0,3,5,3,"Rua Aldo Queiroz, 200",-27.50811,-48.51463,"Casa com 360m² de área construída, em um amplo terreno com 481m², localizada em Santo Antônio de Lisboa, com fácil acesso a praia.   Imóvel possui quintal com arvores frutíferas, edícula para caseiro com 1 quarto, cozinha e banheiro, salas de estar e jantar, cozinha com armários, dep. de empregada, 2 suítes, banheiro social, hidromassagem, salão de festas com churrasqueira e cozinha de apoio, sacadas e 3 vagas de garagem cobertas.   Agende já uma visita através do nosso plantão de vendas pelo telefone (48)   ou pelo WhatsApp (48) 99865- 9090. Aguardamos seu contato!  Será ainda de responsabilidade do locatário, o pagamento de seguro incêndio, energia elétrica, água e demais encargos. Sobre o valor do condomínio, poderá haver fundo de reserva e rateio, que serão pagos pelo locatário, podendo ser ressarcidos posteriormente. Estas informações são de responsabilidade do proprietário e poderão ser alteradas a qualquer momento. Os valores anunciados de Condomínio, IPTU, Laudêmio, TCRS e outras taxas que por ventura venham a incidir sobre este imóvel são aproximados. Solicite o valor atualizado. A visualização de mobília nas imagens não significa que o mesmo será comercializado mobiliado.  EMPRESA: A Invista conta com profissionais especializados no mercado imobiliário e possui duas lojas, a Matriz no Centro e uma Filial no Estreito, em pontos nobres com estacionamento. Temos mais de 14 anos de experiência sempre satisfazendo nossos clientes e fazendo amigos. Nossa pauta possui mais de 3000 imóveis com diversas opções na Ilha e no Continente. Venha tomar um café conosco e conferir o que temos de melhor pra você.",casa,https://www.chavesnamao.com.br/imovel/casa-para-alugar-3-quartos-com-garagem-sc-florianopolis-santo-antonio-de-lisboa-481m2-RS9000/id-21362231/,santo-antonio-de-lisboa,9000.0,,,
582,9950,0.0,330.0,,3,10,"Rua Deputado Walter Gomes, 180",-27.5045912,-48.5146203,"OPORTUNIDADE DE NEGÓCIO!!! ALUGO EXCELENTE SALA COMERCIAL, IDEAL PARA PIZZARIA OU RESTAURANTE, LOCALIZADA ÁS MARGENS DA SC-401 EM SANTO ANTÔNIO DE LISBOA!  Sala do 1º andar com 330m² com ótimo salão, banheiro feminino e masculino, cozinha com forno, depósito, piso porcelanato e estacionamento com 10 vagas em frente.  Diferenciais do imóvel: - Excelente para restaurante ou rodízio de pizza - Localizada às margens da Rodovia SC-401 - Via de grande fluxo de automóveis com acesso ao norte da ilha - Local de forte expansão comercial - 03 banheiros - 10 vagas de estacionamento",ponto-comercial,https://www.chavesnamao.com.br/imovel/ponto-comercial-para-alugar-com-garagem-sc-florianopolis-santo-antonio-de-lisboa-560m2-RS9950/id-6391413/,santo-antonio-de-lisboa,9950.0,,,
583,12000,0.0,255.0,,2,,"Deputado Weler Gomes, 180",-27.50446,-48.51456,"Excelente oportunidade de investimento! Sala comercial disponível na rua Deputado Weler Gomes, com 255m² de área privativa. Possui 2 banheiros sociais, área de serviço, churrasqueira, cozinha com armários e despensa. Localizada em Santo Antônio de Lisboa, com fácil acesso e ótima valorização. Aproveite essa chance de trazer seu negocio e investir em um imóvel comercial em uma das regiões mais procuradas de Florianópolis. Entre em contato para mais informações!",ponto-comercial,https://www.chavesnamao.com.br/imovel/sala-comercial-para-alugar-sc-florianopolis-santo-antonio-de-lisboa-RS12000/id-21520017/,santo-antonio-de-lisboa,12000.0,,,
584,18000,229.0,430.0,4,,3,"Rua Aldo Queiroz, 40",-27.5068,-48.51395,"Terreno de 5000 m² com jardim arborizado, piscina, parque infantil, campo de futebol e rancho.  3 vagas de garagem cobertas e diversas descobertas.  Fácil acesso ao Norte e Centro da Ilha. Venha conhecer!  Neste imóvel você encontra: Área de Serviço Armários Embutidos Banheiro Social Churrasqueira Copa Cozinha Planejada Despensa Dormitório com Armários Jardim de Inverno Mobiliado Piscina Quintal Sacada Sala com Armários Sala de Jantar Sala de TV. Mobiliado, Área Total 5.000m², Área Priv. 430m²",casa,https://www.chavesnamao.com.br/imovel/casa-para-alugar-4-quartos-com-garagem-sc-florianopolis-santo-antonio-de-lisboa-5000m2-RS18000/id-17987548/,santo-antonio-de-lisboa,18229.0,,,
585,39900,0.0,400.0,,2,,"Rodovia José Carlos Daux, 7767",-27.51445,-48.51361,"Aluga casa comercial com 400m² de área privativa na Sc-401, bairro João Paulo, Florianópolis-SC. Com terreno de 930m², de área total junto a SC-401, entre santo Antônio de Lisboa e a entrada de Cacupé. Casa com boa estrutura para comércio, com ótima área para estacionamento, cerca de 30 veículos, 2 banheiros primeiro andar e um lavabo no segundo andar com documentação e viabilidade, ótima oportunidade para investidor.",ponto-comercial,https://www.chavesnamao.com.br/imovel/ponto-comercial-para-alugar-sc-florianopolis-santo-antonio-de-lisboa-930m2-RS39900/id-22125374/,santo-antonio-de-lisboa,39900.0,,,
586,2200,0.0,35.0,1,1,,"Servidão dos Anjos e Arcanjos, 9",-27.48979,-48.40933,"Studio para alugar personalizado, mobiliado com cama Box Sprinter, Ar-condicionado Split, Frigobar e TV LCD 26 . Estacionamento interno com controle do portão eletrônico, na área social uma churrasqueira coletiva e no jardim um charmoso pergolado, e aquecedor solar. Está situada no bairro do Rio Vermelho em um lugar privilegiado entre a Lagoa da Conceição e os Ingleses, há alguns minutos da praia do Moçambique, delimitada como reserva ecológica. Uma praia sossegada cercada por dunas e integrada com o Parque Florestal do Rio Vermelho, com 7 km de extensão de mar aberto.",apartamento,https://www.chavesnamao.com.br/imovel/apartamento-para-alugar-1-quarto-sc-florianopolis-sao-joao-do-rio-vermelho-1110m2-RS2200/id-21412232/,sao-joao-do-rio-vermelho,2200.0,525314.62,2626.5731,0.1938968636363636
587,2200,0.0,20.0,1,1,1,"Servidão dos Anjos e Arcanjos, 9",-27.48979,-48.40933,"Studio para aluguel. Com 1 dormitório, 1 banheiro, 1 vaga de garagem descoberta. Características: Split, Área de Serviço, Cozinha e banheiro com armários.. Mobiliado. Consulte-nos para mais informações e agende uma visita!  **TAXAS SERÃO ATUALIZADAS**",apartamento,https://www.chavesnamao.com.br/imovel/apartamento-para-alugar-1-quarto-com-garagem-sc-florianopolis-sao-joao-do-rio-vermelho-RS2200/id-21366022/,sao-joao-do-rio-vermelho,2200.0,457145.92,2285.7296,0.038968000000000114
588,2600,0.0,89.0,2,2,1,"Servidão João Antônio da Luz, 353",-27.47544,-48.41378,"Excelente oportunidade para locação, com 2 dormitórios, é uma ótima opção para quem busca qualidade de vida. Ótima localização, situado no Rio Vermelho. Possui ambientes planejados, que formam uma combinação única e especial. O imóvel possui 2 quartos, sendo 1 suíte, sala ampla, cozinha, área de serviço, sacada com churrasqueira, área externa e 1 vaga de estacionamento. OBSERVAÇÃO: Os móveis não fazem parte da locação, para maiores informações, consulte nossa equipe.  OBSERVAÇÃO: TAXAS E ENCARGOS R$ 90,00  Agende uma visita e conheça todos os detalhes do seu imóvel! Dalton Andrade Imóveis, a sua garantia imobiliária!  Ligue: (48)   - loja centro  (48)   - loja trindade ",apartamento,https://www.chavesnamao.com.br/imovel/apartamento-para-alugar-2-quartos-com-garagem-sc-florianopolis-sao-joao-do-rio-vermelho-89m2-RS2600/id-19497141/,sao-joao-do-rio-vermelho,2600.0,810479.65,4052.39825,0.5586147115384617
589,3400,0.0,118.0,,,,"Servi Nery Donaciano Rodrigues, 44",-27.4827104,-48.4049906,"JJ imóveis ALUGA excelente casa semi mobiliado em São João do Rio Vermelho, Florianópolis, Sta. Catarina. Distribuídos em:  Casa principal com dois pavimentos, sendo o pavimento inferior com lavabo, sala e cozinha em conceito aberto e pavimento superior com 02 suítes.  Edícula fechada em blindex, com área de serviço, lavabo e área de churrasqueira.  Apartamento com 01 suíte e espaço para sala e cozinha, no piso superior da edícula, com acesso externo.  54 m² de pátio entre a casa principal e a edícula.  Com fácil acesso a mercados, padarias, farmácias, ponto de ônibus!  Taxas de Consumo: Luz e água  Seguro Incêndio 3 - R$ 359,90 (taxa anual)  *Valor do Aluguel: R$ 4.250,00 *Valor Bonificado: R$ 3.400,00 * Valor Bonificado: para pagamento do aluguel até o dia 08 de cada mês.",casa,https://www.chavesnamao.com.br/imovel/casa-para-alugar-sc-florianopolis-sao-joao-do-rio-vermelho-126m2-RS3400/id-18726338/,sao-joao-do-rio-vermelho,3400.0,,,
590,3490,0.0,90.0,2,2,3,"Servidão das Gérberas, 68",-27.4805449,-48.4050363,"Casa de 2 dormitórios com 1 suíte, peças amplas, arejadas. laje, pátio. independente. Rua larga e calçada, terreno alto, boa vizinhança. Não aceita financiamento bancário",casa,https://www.chavesnamao.com.br/imovel/casa-para-alugar-2-quartos-com-garagem-sc-florianopolis-sao-joao-do-rio-vermelho-180m2-RS3490/id-19578845/,sao-joao-do-rio-vermelho,3490.0,,,
591,3850,0.0,150.0,3,1,2,"Servidão Papaterra, 57",-27.50396,-48.41944,"Casa para alugue, com 3 dormitórios, 1 banheiro, 2 vagas de garagem. Cozinha com armários, banheiro social, lareira, mobiliado e permite animais de estimação. Próximo a comércios locais. Agende uma visita!  Fotos em breve.",casa,https://www.chavesnamao.com.br/imovel/casa-para-alugar-3-quartos-com-garagem-sc-florianopolis-sao-joao-do-rio-vermelho-RS3850/id-22175785/,sao-joao-do-rio-vermelho,3850.0,,,
592,12000,0.0,300.0,3,3,2,"Avenida das Constelações, 825",-27.47118,-48.40232,"Ótima casa para aluguel em São João do Rio Vermelho, Florianópolis.  O imóvel possui 300m² de área privativa contando com 3 quartos (sendo 1 suíte), 2 salas, lavabo, cozinha, área de serviço, banheiro social e área externa com jardim. Além disso possui área externa com piscina e edícula com churrasqueira.   Ótima oportunidade para quem busca um imóvel completo e confortável para alugar em uma das regiões mais valorizadas de Florianópolis. Não perca essa chance e agende agora mesmo sua visita!  * ALGUNS ENCARGOS AINDA SERÃO ATUALIZADOS *",casa,https://www.chavesnamao.com.br/imovel/casa-para-alugar-3-quartos-com-garagem-sc-florianopolis-sao-joao-do-rio-vermelho-RS12000/id-19933200/,sao-joao-do-rio-vermelho,12000.0,,,
593,7499,900.0,95.0,3,3,2,"Rua Das Gaivotas, 2383",-27.4178,-48.40545,"Seja bem-vindo ao bairro Gaivotas, em Florianópolis-SC, onde está localizado este incrível apartamento para locação. Com 3 Dormitórios, sendo 2 suítes, este imóvel conta com 3 Banheiros, churrasqueira e piscina para garantir momentos de lazer e confraternização.  Além disso, o condomínio oferece churrasqueira, playground, portaria 24 horas, quadra poliesportiva e salão de festas, proporcionando conforto e segurança para toda a família.  Sua localização privilegiada permite fácil acesso a praia e diversas facilidades do dia a dia, como academia, banco, farmácia, padaria, praça e supermercado, tornando a rotina ainda mais prática e conveniente.  Se você busca um lugar para viver com qualidade de vida e comodidade, este é o apartamento ideal para você. Não perca essa oportunidade única e entre em contato conosco através do formulário do site para agendar uma visita. Venha conhecer e se encantar com tudo o que este imóvel e esta região têm a oferecer. Alugar um apartamento no bairro Gaivotas em Florianópolis-SC nunca foi tão fácil. Aguardamos o seu contato!  Vinicius Veloso (48) 9   As informações estão sujeitas a alterações. Consulte o corretor responsável.    Chave do anúncio: YSIZzu80acL8e1CC",apartamento,https://www.chavesnamao.com.br/imovel/apartamento-para-alugar-3-quartos-com-garagem-sc-florianopolis-sao-joao-do-rio-vermelho-95m2-RS7499/id-20200075/,sao-joao-do-rio-vermelho,8399.0,1469342.99,7346.7149500000005,-0.12528694487438974
594,12000,0.0,337.0,3,1,,"Avenida das Constelações, 825",-27.47118,-48.40232,"Casa para alugar no bairro Rio Vermelho no loteamento Jardim Rio Vermelho, casa com 337m², composta por três dormitórios sendo uma suíte com closet, dois dormitórios com cama de casal e armários, cozinha e sala de estar integrados, pátio em toda extensão do imóvel, aceita pet sem restrição alguma, com piscina e cercada com grades para maior segurança tanto de crianças quanto de pet s, churrasqueira integrada com a área de lazer, toda equipada.  Próximo a hipermercado Komprão, farmácia, pet shop, bairro com rede de segurança e monitoramento próprio, com trilha para a praia, dentro do loteamento existe três praças.   Agende sua visita e venha conhecer este imóvel",casa,https://www.chavesnamao.com.br/imovel/casa-para-alugar-3-quartos-sc-florianopolis-sao-joao-do-rio-vermelho-2480m2-RS12000/id-20339775/,sao-joao-do-rio-vermelho,12000.0,,,
595,12000,0.0,300.0,,1,,"Rua das Areias, 201",-27.68659,-48.56392,"Galpão com 300 m², mezanino, copa e lavabo. Ideal para você que deseja começar ou expandir seu negócio no bairro Tapera da Base.  O bairro da Tapera, também conhecido como Tapera da Base, está localizado no começo do sul da Ilha de Santa Catarina, logo após a Base Aérea de Florianópolis. A região da Tapera é residencial, com moradias humildes, em grande parte de baixa renda. Possui um posto de saúde e uma escola pública, além de um modesto comércio local, destinado a suprir as necessidades de seus moradores. Por ser pouco explorado pelo turismo, no bairro Tapera não há meios de hospedagem e os restaurantes são poucos e bem simples.",galpao,https://www.chavesnamao.com.br/imovel/galpao-para-alugar-1-sala-sc-florianopolis-tapera-RS12000/id-11167805/,tapera,12000.0,,,
596,4500,0.0,190.0,,,,"Salva-mar, 239",-27.68379,-48.56459,"Excelente oportunidade de galpão localizado no bairro Tapera da Base em Florianópolis. Pare de cima com aproximadamente 50m² e parte de baixo com 140m². Possui fácil acesso, próximo a comércios locais e vias de acesso. Entre em contato para mais informações. Agende sua visita.",galpao,https://www.chavesnamao.com.br/imovel/galpao-para-alugar-sc-florianopolis-tapera-RS4500/id-22219448/,tapera,4500.0,,,
597,8950,0.0,160.0,3,4,2,"Rua Leonel Pereira, 2239",-27.436,-48.42141,"Excelente casa para alugar em Cachoeira do Bom Jesus. Possui área privativa de 160m², com 3 dormitórios sendo eles todos suítes, sala ampla, cozinha, área de serviço, churrasqueira, 2 vagas de garagem, jardim, lavabo, mezanino, varanda e piso em porcelanato. Localizada na Rua Leonel Pereira, próximo a comércios e serviços. Aproveite essa oportunidade de morar em um local tranquilo e com ótima qualidade de vida. Entre em contato agora mesmo!  ALGUNS ENCARGOS AINDA VÃO SER ATUALIZADOS****  Cachoeira do Bom Jesus é vizinha de Canasvieiras e de Ponta das Canas, a praia oferece um belo visual aliado a uma ampla rede de serviços de turismo e lazer. Hospedagem, restaurantes e comércio em geral garantem a comodidade de quem mora ou visita a região, fazendo com que não seja necessário se deslocar para outros lugares para encontrar o que se procura.",casa,https://www.chavesnamao.com.br/imovel/casa-para-alugar-3-quartos-com-garagem-sc-florianopolis-cachoeira-do-bom-jesus-RS8950/id-17470750/,vargem-do-bom-jesus,8950.0,,,
598,10000,0.0,396.0,,,,"Rodovia José Carlos Daux - De 3001/3002 A 6005/6006, 17758",-27.44902,-48.45728,"Galpão Vargem Grande - As margens da SC-401 com viabilidade comercial, área urbana em franco desenvolvimento.",galpao,https://www.chavesnamao.com.br/imovel/galpao-para-alugar-sc-florianopolis-vargem-grande-396m2-RS10000/id-3898470/,vargem-grande,10000.0,,,
599,35000,0.0,396.0,,,,"Rodovia José Carlos Daux - De 3001/3002 A 6005/6006, ",-27.4662326,-48.4643581,"Galpão/ Terreno - Vargem Grande Terreno às margens da SC-401 com viabilidade comercial, 5.250m², área urbana em franco desenvolvimento. Podendo ser locado no todo ou em partes. Terreno: R$20.000,00 Galpão: R$ 12.000,00 (com acesso individual) ",galpao,https://www.chavesnamao.com.br/imovel/galpao-para-alugar-sc-florianopolis-vargem-grande-RS35000/id-2442741/,vargem-grande,35000.0,,,
600,1900,0.0,79.0,2,2,1,"Servidão Manoel Eugenio Vieira, 77",-27.45247,-48.44652,"Casa residencial com 79m²! Possui 2 dormitórios, sala, cozinha com armários, área de serviço, banheiro social com box de vidro e garagem.   Localizado no bairro vargem grande, local tranquilo e agradável, para quem busca sossego e tranquilidade, fácil acesso a SC401, próximo a mercados, padarias, escolas, e a 20 minutos da praia de ingleses.",casa,https://www.chavesnamao.com.br/imovel/casa-para-alugar-2-quartos-com-garagem-sc-florianopolis-vargem-grande-RS1900/id-14111587/,vargem-grande,1900.0,,,
601,1750,0.0,40.0,2,1,,"Joao Pacheco, 174",-27.45505,-48.44976,"Excelente oportunidade de aluguel de casa em condomínio no Bairro Vargem Grande, em Florianópolis. O imóvel conta com cozinha, área de serviço, dois dormitórios , banheiro social e vaga de estacionamento. Entre em contato para mais informações e agende sua visita!",casa,https://www.chavesnamao.com.br/imovel/casa-para-alugar-2-quartos-sc-florianopolis-vargem-grande-40m2-RS1750/id-19608799/,vargem-grande,1750.0,,,
